2026-08-28 14:42:09,440:WARNING:
'cuml' is a soft dependency and not included in the pycaret installation. Please run: `pip install cuml` to install.
2026-08-28 14:42:09,440:WARNING:
'cuml' is a soft dependency and not included in the pycaret installation. Please run: `pip install cuml` to install.
2026-08-28 14:42:09,440:WARNING:
'cuml' is a soft dependency and not included in the pycaret installation. Please run: `pip install cuml` to install.
2026-08-28 14:42:09,440:WARNING:
'cuml' is a soft dependency and not included in the pycaret installation. Please run: `pip install cuml` to install.
2026-08-28 14:42:15,883:INFO:PyCaret ClassificationExperiment
2026-08-28 14:42:15,885:INFO:Logging name: clf-default-name
2026-08-28 14:42:15,885:INFO:ML Usecase: MLUsecase.CLASSIFICATION
2026-08-28 14:42:15,885:INFO:version 3.3.2
2026-08-28 14:42:15,885:INFO:Initializing setup()
2026-08-28 14:42:15,885:INFO:self.USI: d9de
2026-08-28 14:42:15,886:INFO:self._variable_keys: {'y', 'y_test', 'seed', '_available_plots', 'X_train', 'exp_id', 'X', 'gpu_param', 'log_plots_param', 'n_jobs_param', 'pipeline', 'target_param', 'html_param', 'fold_generator', 'fold_shuffle_param', 'y_train', 'fix_imbalance', 'exp_name_log', 'fold_groups_param', 'is_multiclass', 'gpu_n_jobs_param', 'memory', 'X_test', 'idx', '_ml_usecase', 'USI', 'data', 'logging_param'}
2026-08-28 14:42:15,886:INFO:Checking environment
2026-08-28 14:42:15,886:INFO:python_version: 3.10.11
2026-08-28 14:42:15,886:INFO:python_build: ('tags/v3.10.11:7d4cc5a', 'Apr  5 2023 00:38:17')
2026-08-28 14:42:15,886:INFO:machine: AMD64
2026-08-28 14:42:15,886:INFO:platform: Windows-10-10.0.19045-SP0
2026-08-28 14:42:15,891:INFO:Memory: svmem(total=42328150016, available=22607065088, percent=46.6, used=19721084928, free=22607065088)
2026-08-28 14:42:15,891:INFO:Physical Core: 6
2026-08-28 14:42:15,891:INFO:Logical Core: 12
2026-08-28 14:42:15,891:INFO:Checking libraries
2026-08-28 14:42:15,891:INFO:System:
2026-08-28 14:42:15,891:INFO:    python: 3.10.11 (tags/v3.10.11:7d4cc5a, Apr  5 2023, 00:38:17) [MSC v.1929 64 bit (AMD64)]
2026-08-28 14:42:15,891:INFO:executable: c:\Users\javier\Documents\escuela_ML_2026\Machine_Learning_Intro\.venv\Scripts\python.exe
2026-08-28 14:42:15,891:INFO:   machine: Windows-10-10.0.19045-SP0
2026-08-28 14:42:15,891:INFO:PyCaret required dependencies:
2026-08-28 14:42:15,905:WARNING:c:\Users\javier\Documents\escuela_ML_2026\Machine_Learning_Intro\.venv\lib\site-packages\_distutils_hack\__init__.py:30: UserWarning: Setuptools is replacing distutils. Support for replacing an already imported distutils is deprecated. In the future, this condition will fail. Register concerns at https://github.com/pypa/setuptools/issues/new?template=distutils-deprecation.yml
  warnings.warn(

2026-08-28 14:42:16,039:INFO:                 pip: Not installed
2026-08-28 14:42:16,039:INFO:          setuptools: 82.0.1
2026-08-28 14:42:16,039:INFO:             pycaret: 3.3.2
2026-08-28 14:42:16,039:INFO:             IPython: 8.39.0
2026-08-28 14:42:16,039:INFO:          ipywidgets: 8.1.8
2026-08-28 14:42:16,039:INFO:                tqdm: 4.67.3
2026-08-28 14:42:16,039:INFO:               numpy: 1.24.4
2026-08-28 14:42:16,039:INFO:              pandas: 1.5.3
2026-08-28 14:42:16,039:INFO:              jinja2: 3.1.6
2026-08-28 14:42:16,039:INFO:               scipy: 1.11.4
2026-08-28 14:42:16,039:INFO:              joblib: 1.3.2
2026-08-28 14:42:16,039:INFO:             sklearn: 1.4.2
2026-08-28 14:42:16,039:INFO:                pyod: 3.0.0
2026-08-28 14:42:16,039:INFO:            imblearn: 0.13.0
2026-08-28 14:42:16,039:INFO:   category_encoders: 2.7.0
2026-08-28 14:42:16,039:INFO:            lightgbm: 4.6.0
2026-08-28 14:42:16,039:INFO:               numba: 0.65.0
2026-08-28 14:42:16,039:INFO:            requests: 2.33.1
2026-08-28 14:42:16,039:INFO:          matplotlib: 3.7.5
2026-08-28 14:42:16,039:INFO:          scikitplot: 0.3.7
2026-08-28 14:42:16,039:INFO:         yellowbrick: 1.5
2026-08-28 14:42:16,039:INFO:              plotly: 5.24.1
2026-08-28 14:42:16,039:INFO:    plotly-resampler: Not installed
2026-08-28 14:42:16,039:INFO:             kaleido: 1.2.0
2026-08-28 14:42:16,039:INFO:           schemdraw: 0.15
2026-08-28 14:42:16,039:INFO:         statsmodels: 0.14.6
2026-08-28 14:42:16,039:INFO:              sktime: 0.26.0
2026-08-28 14:42:16,039:INFO:               tbats: 1.1.3
2026-08-28 14:42:16,039:INFO:            pmdarima: 2.0.4
2026-08-28 14:42:16,039:INFO:              psutil: 7.2.2
2026-08-28 14:42:16,039:INFO:          markupsafe: 3.0.3
2026-08-28 14:42:16,039:INFO:             pickle5: Not installed
2026-08-28 14:42:16,039:INFO:         cloudpickle: 3.1.2
2026-08-28 14:42:16,039:INFO:         deprecation: 2.1.0
2026-08-28 14:42:16,039:INFO:              xxhash: 3.6.0
2026-08-28 14:42:16,039:INFO:           wurlitzer: Not installed
2026-08-28 14:42:16,039:INFO:PyCaret optional dependencies:
2026-08-28 14:42:16,056:INFO:                shap: 0.49.1
2026-08-28 14:42:16,057:INFO:           interpret: Not installed
2026-08-28 14:42:16,057:INFO:                umap: 0.5.7
2026-08-28 14:42:16,057:INFO:     ydata_profiling: Not installed
2026-08-28 14:42:16,057:INFO:  explainerdashboard: Not installed
2026-08-28 14:42:16,057:INFO:             autoviz: Not installed
2026-08-28 14:42:16,057:INFO:           fairlearn: Not installed
2026-08-28 14:42:16,057:INFO:          deepchecks: Not installed
2026-08-28 14:42:16,057:INFO:             xgboost: 3.2.0
2026-08-28 14:42:16,057:INFO:            catboost: Not installed
2026-08-28 14:42:16,057:INFO:              kmodes: Not installed
2026-08-28 14:42:16,057:INFO:             mlxtend: Not installed
2026-08-28 14:42:16,057:INFO:       statsforecast: Not installed
2026-08-28 14:42:16,057:INFO:        tune_sklearn: Not installed
2026-08-28 14:42:16,057:INFO:                 ray: Not installed
2026-08-28 14:42:16,057:INFO:            hyperopt: Not installed
2026-08-28 14:42:16,057:INFO:              optuna: Not installed
2026-08-28 14:42:16,057:INFO:               skopt: Not installed
2026-08-28 14:42:16,057:INFO:              mlflow: Not installed
2026-08-28 14:42:16,057:INFO:              gradio: Not installed
2026-08-28 14:42:16,057:INFO:             fastapi: Not installed
2026-08-28 14:42:16,057:INFO:             uvicorn: Not installed
2026-08-28 14:42:16,057:INFO:              m2cgen: Not installed
2026-08-28 14:42:16,057:INFO:           evidently: Not installed
2026-08-28 14:42:16,057:INFO:               fugue: Not installed
2026-08-28 14:42:16,057:INFO:           streamlit: Not installed
2026-08-28 14:42:16,057:INFO:             prophet: Not installed
2026-08-28 14:42:16,057:INFO:None
2026-08-28 14:42:16,057:INFO:Set up data.
2026-08-28 14:42:16,061:INFO:Set up folding strategy.
2026-08-28 14:42:16,061:INFO:Set up train/test split.
2026-08-28 14:42:16,064:INFO:Set up index.
2026-08-28 14:42:16,064:INFO:Assigning column types.
2026-08-28 14:42:16,066:INFO:Engine successfully changes for model 'lr' to 'sklearn'.
2026-08-28 14:42:16,113:INFO:Engine for model 'knn' has not been set explicitly, hence returning None.
2026-08-28 14:42:16,125:INFO:Engine for model 'rbfsvm' has not been set explicitly, hence returning None.
2026-08-28 14:42:16,203:INFO:Soft dependency imported: xgboost: 3.2.0
2026-08-28 14:42:16,207:WARNING:
'catboost' is a soft dependency and not included in the pycaret installation. Please run: `pip install catboost` to install.
Alternately, you can install this by running `pip install pycaret[models]`
2026-08-28 14:42:16,255:INFO:Engine for model 'knn' has not been set explicitly, hence returning None.
2026-08-28 14:42:16,255:INFO:Engine for model 'rbfsvm' has not been set explicitly, hence returning None.
2026-08-28 14:42:16,288:INFO:Soft dependency imported: xgboost: 3.2.0
2026-08-28 14:42:16,288:WARNING:
'catboost' is a soft dependency and not included in the pycaret installation. Please run: `pip install catboost` to install.
Alternately, you can install this by running `pip install pycaret[models]`
2026-08-28 14:42:16,288:INFO:Engine successfully changes for model 'knn' to 'sklearn'.
2026-08-28 14:42:16,338:INFO:Engine for model 'rbfsvm' has not been set explicitly, hence returning None.
2026-08-28 14:42:16,369:INFO:Soft dependency imported: xgboost: 3.2.0
2026-08-28 14:42:16,372:WARNING:
'catboost' is a soft dependency and not included in the pycaret installation. Please run: `pip install catboost` to install.
Alternately, you can install this by running `pip install pycaret[models]`
2026-08-28 14:42:16,414:INFO:Engine for model 'rbfsvm' has not been set explicitly, hence returning None.
2026-08-28 14:42:16,437:INFO:Soft dependency imported: xgboost: 3.2.0
2026-08-28 14:42:16,437:WARNING:
'catboost' is a soft dependency and not included in the pycaret installation. Please run: `pip install catboost` to install.
Alternately, you can install this by running `pip install pycaret[models]`
2026-08-28 14:42:16,437:INFO:Engine successfully changes for model 'rbfsvm' to 'sklearn'.
2026-08-28 14:42:16,521:INFO:Soft dependency imported: xgboost: 3.2.0
2026-08-28 14:42:16,526:WARNING:
'catboost' is a soft dependency and not included in the pycaret installation. Please run: `pip install catboost` to install.
Alternately, you can install this by running `pip install pycaret[models]`
2026-08-28 14:42:16,602:INFO:Soft dependency imported: xgboost: 3.2.0
2026-08-28 14:42:16,604:WARNING:
'catboost' is a soft dependency and not included in the pycaret installation. Please run: `pip install catboost` to install.
Alternately, you can install this by running `pip install pycaret[models]`
2026-08-28 14:42:16,604:INFO:Preparing preprocessing pipeline...
2026-08-28 14:42:16,604:INFO:Set up simple imputation.
2026-08-28 14:42:16,604:INFO:Set up column name cleaning.
2026-08-28 14:42:16,624:INFO:Finished creating preprocessing pipeline.
2026-08-28 14:42:16,641:INFO:Pipeline: Pipeline(memory=FastMemory(location=C:\Users\javier\AppData\Local\Temp\joblib),
         steps=[('numerical_imputer',
                 TransformerWrapper(exclude=None,
                                    include=['sepal length (cm)',
                                             'sepal width (cm)',
                                             'petal length (cm)',
                                             'petal width (cm)'],
                                    transformer=SimpleImputer(add_indicator=False,
                                                              copy=True,
                                                              fill_value=None,
                                                              keep_empty_features=False,
                                                              missing_values=nan,
                                                              strategy='mean...
                ('categorical_imputer',
                 TransformerWrapper(exclude=None, include=[],
                                    transformer=SimpleImputer(add_indicator=False,
                                                              copy=True,
                                                              fill_value=None,
                                                              keep_empty_features=False,
                                                              missing_values=nan,
                                                              strategy='most_frequent'))),
                ('clean_column_names',
                 TransformerWrapper(exclude=None, include=None,
                                    transformer=CleanColumnNames(match='[\\]\\[\\,\\{\\}\\"\\:]+')))],
         verbose=False)
2026-08-28 14:42:16,641:INFO:Creating final display dataframe.
2026-08-28 14:42:16,702:INFO:Setup _display_container:                     Description             Value
0                    Session id                42
1                        Target           species
2                   Target type        Multiclass
3           Original data shape          (150, 5)
4        Transformed data shape          (150, 5)
5   Transformed train set shape          (105, 5)
6    Transformed test set shape           (45, 5)
7              Numeric features                 4
8                    Preprocess              True
9               Imputation type            simple
10           Numeric imputation              mean
11       Categorical imputation              mode
12               Fold Generator   StratifiedKFold
13                  Fold Number                10
14                     CPU Jobs                -1
15                      Use GPU             False
16               Log Experiment             False
17              Experiment Name  clf-default-name
18                          USI              d9de
2026-08-28 14:42:16,774:INFO:Soft dependency imported: xgboost: 3.2.0
2026-08-28 14:42:16,780:WARNING:
'catboost' is a soft dependency and not included in the pycaret installation. Please run: `pip install catboost` to install.
Alternately, you can install this by running `pip install pycaret[models]`
2026-08-28 14:42:16,856:INFO:Soft dependency imported: xgboost: 3.2.0
2026-08-28 14:42:16,856:WARNING:
'catboost' is a soft dependency and not included in the pycaret installation. Please run: `pip install catboost` to install.
Alternately, you can install this by running `pip install pycaret[models]`
2026-08-28 14:42:16,860:INFO:setup() successfully completed in 1.0s...............
2026-08-28 14:42:17,440:INFO:Initializing compare_models()
2026-08-28 14:42:17,440:INFO:compare_models(self=<pycaret.classification.oop.ClassificationExperiment object at 0x000001A286347490>, include=None, fold=None, round=4, cross_validation=True, sort=Recall, n_select=1, budget_time=None, turbo=True, errors=ignore, fit_kwargs=None, groups=None, experiment_custom_tags=None, probability_threshold=None, verbose=True, parallel=None, caller_params={'self': <pycaret.classification.oop.ClassificationExperiment object at 0x000001A286347490>, 'include': None, 'exclude': None, 'fold': None, 'round': 4, 'cross_validation': True, 'sort': 'Recall', 'n_select': 1, 'budget_time': None, 'turbo': True, 'errors': 'ignore', 'fit_kwargs': None, 'groups': None, 'experiment_custom_tags': None, 'probability_threshold': None, 'engine': None, 'verbose': True, 'parallel': None, '__class__': <class 'pycaret.classification.oop.ClassificationExperiment'>}, exclude=None)
2026-08-28 14:42:17,440:INFO:Checking exceptions
2026-08-28 14:42:17,444:INFO:Preparing display monitor
2026-08-28 14:42:17,477:INFO:Initializing Logistic Regression
2026-08-28 14:42:17,477:INFO:Total runtime is 0.0 minutes
2026-08-28 14:42:17,484:INFO:SubProcess create_model() called ==================================
2026-08-28 14:42:17,485:INFO:Initializing create_model()
2026-08-28 14:42:17,485:INFO:create_model(self=<pycaret.classification.oop.ClassificationExperiment object at 0x000001A286347490>, estimator=lr, fold=StratifiedKFold(n_splits=10, random_state=None, shuffle=False), round=4, cross_validation=True, predict=True, fit_kwargs={}, groups=None, refit=False, probability_threshold=None, experiment_custom_tags=None, verbose=False, system=False, add_to_model_list=True, metrics=None, display=<pycaret.internal.display.display.CommonDisplay object at 0x000001A2862DECE0>, model_only=True, return_train_score=False, error_score=0.0, kwargs={})
2026-08-28 14:42:17,485:INFO:Checking exceptions
2026-08-28 14:42:17,485:INFO:Importing libraries
2026-08-28 14:42:17,486:INFO:Copying training dataset
2026-08-28 14:42:17,493:INFO:Defining folds
2026-08-28 14:42:17,493:INFO:Declaring metric variables
2026-08-28 14:42:17,498:INFO:Importing untrained model
2026-08-28 14:42:17,503:INFO:Logistic Regression Imported successfully
2026-08-28 14:42:17,514:INFO:Starting cross validation
2026-08-28 14:42:17,515:INFO:Cross validating with StratifiedKFold(n_splits=10, random_state=None, shuffle=False), n_jobs=-1
2026-08-28 14:42:21,654:WARNING:c:\Users\javier\Documents\escuela_ML_2026\Machine_Learning_Intro\.venv\lib\site-packages\_distutils_hack\__init__.py:30: UserWarning: Setuptools is replacing distutils. Support for replacing an already imported distutils is deprecated. In the future, this condition will fail. Register concerns at https://github.com/pypa/setuptools/issues/new?template=distutils-deprecation.yml
  warnings.warn(

2026-08-28 14:42:21,691:WARNING:c:\Users\javier\Documents\escuela_ML_2026\Machine_Learning_Intro\.venv\lib\site-packages\_distutils_hack\__init__.py:30: UserWarning: Setuptools is replacing distutils. Support for replacing an already imported distutils is deprecated. In the future, this condition will fail. Register concerns at https://github.com/pypa/setuptools/issues/new?template=distutils-deprecation.yml
  warnings.warn(

2026-08-28 14:42:21,742:WARNING:c:\Users\javier\Documents\escuela_ML_2026\Machine_Learning_Intro\.venv\lib\site-packages\_distutils_hack\__init__.py:30: UserWarning: Setuptools is replacing distutils. Support for replacing an already imported distutils is deprecated. In the future, this condition will fail. Register concerns at https://github.com/pypa/setuptools/issues/new?template=distutils-deprecation.yml
  warnings.warn(

2026-08-28 14:42:21,781:WARNING:c:\Users\javier\Documents\escuela_ML_2026\Machine_Learning_Intro\.venv\lib\site-packages\_distutils_hack\__init__.py:30: UserWarning: Setuptools is replacing distutils. Support for replacing an already imported distutils is deprecated. In the future, this condition will fail. Register concerns at https://github.com/pypa/setuptools/issues/new?template=distutils-deprecation.yml
  warnings.warn(

2026-08-28 14:42:21,788:WARNING:c:\Users\javier\Documents\escuela_ML_2026\Machine_Learning_Intro\.venv\lib\site-packages\_distutils_hack\__init__.py:30: UserWarning: Setuptools is replacing distutils. Support for replacing an already imported distutils is deprecated. In the future, this condition will fail. Register concerns at https://github.com/pypa/setuptools/issues/new?template=distutils-deprecation.yml
  warnings.warn(

2026-08-28 14:42:21,793:WARNING:c:\Users\javier\Documents\escuela_ML_2026\Machine_Learning_Intro\.venv\lib\site-packages\_distutils_hack\__init__.py:30: UserWarning: Setuptools is replacing distutils. Support for replacing an already imported distutils is deprecated. In the future, this condition will fail. Register concerns at https://github.com/pypa/setuptools/issues/new?template=distutils-deprecation.yml
  warnings.warn(

2026-08-28 14:42:21,821:WARNING:c:\Users\javier\Documents\escuela_ML_2026\Machine_Learning_Intro\.venv\lib\site-packages\_distutils_hack\__init__.py:30: UserWarning: Setuptools is replacing distutils. Support for replacing an already imported distutils is deprecated. In the future, this condition will fail. Register concerns at https://github.com/pypa/setuptools/issues/new?template=distutils-deprecation.yml
  warnings.warn(

2026-08-28 14:42:21,824:WARNING:c:\Users\javier\Documents\escuela_ML_2026\Machine_Learning_Intro\.venv\lib\site-packages\_distutils_hack\__init__.py:30: UserWarning: Setuptools is replacing distutils. Support for replacing an already imported distutils is deprecated. In the future, this condition will fail. Register concerns at https://github.com/pypa/setuptools/issues/new?template=distutils-deprecation.yml
  warnings.warn(

2026-08-28 14:42:21,838:WARNING:c:\Users\javier\Documents\escuela_ML_2026\Machine_Learning_Intro\.venv\lib\site-packages\_distutils_hack\__init__.py:30: UserWarning: Setuptools is replacing distutils. Support for replacing an already imported distutils is deprecated. In the future, this condition will fail. Register concerns at https://github.com/pypa/setuptools/issues/new?template=distutils-deprecation.yml
  warnings.warn(

2026-08-28 14:42:21,915:WARNING:c:\Users\javier\Documents\escuela_ML_2026\Machine_Learning_Intro\.venv\lib\site-packages\_distutils_hack\__init__.py:30: UserWarning: Setuptools is replacing distutils. Support for replacing an already imported distutils is deprecated. In the future, this condition will fail. Register concerns at https://github.com/pypa/setuptools/issues/new?template=distutils-deprecation.yml
  warnings.warn(

2026-08-28 14:42:21,965:WARNING:c:\Users\javier\Documents\escuela_ML_2026\Machine_Learning_Intro\.venv\lib\site-packages\pycaret\internal\metrics.py:204: FitFailedWarning: Metric 'make_scorer(roc_auc_score, response_method=('decision_function', 'predict_proba'), average=weighted, multi_class=ovr)' failed and error score 0.0 has been returned instead. If this is a custom metric, this usually means that the error is in the metric code. Full exception below:
Traceback (most recent call last):
  File "c:\Users\javier\Documents\escuela_ML_2026\Machine_Learning_Intro\.venv\lib\site-packages\pycaret\internal\metrics.py", line 196, in _score
    return super()._score(
  File "c:\Users\javier\Documents\escuela_ML_2026\Machine_Learning_Intro\.venv\lib\site-packages\sklearn\metrics\_scorer.py", line 350, in _score
    return self._sign * self._score_func(y_true, y_pred, **scoring_kwargs)
  File "c:\Users\javier\Documents\escuela_ML_2026\Machine_Learning_Intro\.venv\lib\site-packages\pycaret\internal\metrics.py", line 144, in __call__
    return self.score_func(y_true, y_pred, **kwargs)
  File "c:\Users\javier\Documents\escuela_ML_2026\Machine_Learning_Intro\.venv\lib\site-packages\sklearn\utils\_param_validation.py", line 213, in wrapper
    return func(*args, **kwargs)
  File "c:\Users\javier\Documents\escuela_ML_2026\Machine_Learning_Intro\.venv\lib\site-packages\sklearn\metrics\_ranking.py", line 634, in roc_auc_score
    return _multiclass_roc_auc_score(
  File "c:\Users\javier\Documents\escuela_ML_2026\Machine_Learning_Intro\.venv\lib\site-packages\sklearn\metrics\_ranking.py", line 707, in _multiclass_roc_auc_score
    raise ValueError(
ValueError: Target scores need to be probabilities for multiclass roc_auc, i.e. they should sum up to 1.0 over classes

  warnings.warn(

2026-08-28 14:42:21,965:WARNING:c:\Users\javier\Documents\escuela_ML_2026\Machine_Learning_Intro\.venv\lib\site-packages\pycaret\internal\metrics.py:204: FitFailedWarning: Metric 'make_scorer(roc_auc_score, response_method=('decision_function', 'predict_proba'), average=weighted, multi_class=ovr)' failed and error score 0.0 has been returned instead. If this is a custom metric, this usually means that the error is in the metric code. Full exception below:
Traceback (most recent call last):
  File "c:\Users\javier\Documents\escuela_ML_2026\Machine_Learning_Intro\.venv\lib\site-packages\pycaret\internal\metrics.py", line 196, in _score
    return super()._score(
  File "c:\Users\javier\Documents\escuela_ML_2026\Machine_Learning_Intro\.venv\lib\site-packages\sklearn\metrics\_scorer.py", line 350, in _score
    return self._sign * self._score_func(y_true, y_pred, **scoring_kwargs)
  File "c:\Users\javier\Documents\escuela_ML_2026\Machine_Learning_Intro\.venv\lib\site-packages\pycaret\internal\metrics.py", line 144, in __call__
    return self.score_func(y_true, y_pred, **kwargs)
  File "c:\Users\javier\Documents\escuela_ML_2026\Machine_Learning_Intro\.venv\lib\site-packages\sklearn\utils\_param_validation.py", line 213, in wrapper
    return func(*args, **kwargs)
  File "c:\Users\javier\Documents\escuela_ML_2026\Machine_Learning_Intro\.venv\lib\site-packages\sklearn\metrics\_ranking.py", line 634, in roc_auc_score
    return _multiclass_roc_auc_score(
  File "c:\Users\javier\Documents\escuela_ML_2026\Machine_Learning_Intro\.venv\lib\site-packages\sklearn\metrics\_ranking.py", line 707, in _multiclass_roc_auc_score
    raise ValueError(
ValueError: Target scores need to be probabilities for multiclass roc_auc, i.e. they should sum up to 1.0 over classes

  warnings.warn(

2026-08-28 14:42:22,020:WARNING:c:\Users\javier\Documents\escuela_ML_2026\Machine_Learning_Intro\.venv\lib\site-packages\pycaret\internal\metrics.py:204: FitFailedWarning: Metric 'make_scorer(roc_auc_score, response_method=('decision_function', 'predict_proba'), average=weighted, multi_class=ovr)' failed and error score 0.0 has been returned instead. If this is a custom metric, this usually means that the error is in the metric code. Full exception below:
Traceback (most recent call last):
  File "c:\Users\javier\Documents\escuela_ML_2026\Machine_Learning_Intro\.venv\lib\site-packages\pycaret\internal\metrics.py", line 196, in _score
    return super()._score(
  File "c:\Users\javier\Documents\escuela_ML_2026\Machine_Learning_Intro\.venv\lib\site-packages\sklearn\metrics\_scorer.py", line 350, in _score
    return self._sign * self._score_func(y_true, y_pred, **scoring_kwargs)
  File "c:\Users\javier\Documents\escuela_ML_2026\Machine_Learning_Intro\.venv\lib\site-packages\pycaret\internal\metrics.py", line 144, in __call__
    return self.score_func(y_true, y_pred, **kwargs)
  File "c:\Users\javier\Documents\escuela_ML_2026\Machine_Learning_Intro\.venv\lib\site-packages\sklearn\utils\_param_validation.py", line 213, in wrapper
    return func(*args, **kwargs)
  File "c:\Users\javier\Documents\escuela_ML_2026\Machine_Learning_Intro\.venv\lib\site-packages\sklearn\metrics\_ranking.py", line 634, in roc_auc_score
    return _multiclass_roc_auc_score(
  File "c:\Users\javier\Documents\escuela_ML_2026\Machine_Learning_Intro\.venv\lib\site-packages\sklearn\metrics\_ranking.py", line 707, in _multiclass_roc_auc_score
    raise ValueError(
ValueError: Target scores need to be probabilities for multiclass roc_auc, i.e. they should sum up to 1.0 over classes

  warnings.warn(

2026-08-28 14:42:22,043:WARNING:c:\Users\javier\Documents\escuela_ML_2026\Machine_Learning_Intro\.venv\lib\site-packages\pycaret\internal\metrics.py:204: FitFailedWarning: Metric 'make_scorer(roc_auc_score, response_method=('decision_function', 'predict_proba'), average=weighted, multi_class=ovr)' failed and error score 0.0 has been returned instead. If this is a custom metric, this usually means that the error is in the metric code. Full exception below:
Traceback (most recent call last):
  File "c:\Users\javier\Documents\escuela_ML_2026\Machine_Learning_Intro\.venv\lib\site-packages\pycaret\internal\metrics.py", line 196, in _score
    return super()._score(
  File "c:\Users\javier\Documents\escuela_ML_2026\Machine_Learning_Intro\.venv\lib\site-packages\sklearn\metrics\_scorer.py", line 350, in _score
    return self._sign * self._score_func(y_true, y_pred, **scoring_kwargs)
  File "c:\Users\javier\Documents\escuela_ML_2026\Machine_Learning_Intro\.venv\lib\site-packages\pycaret\internal\metrics.py", line 144, in __call__
    return self.score_func(y_true, y_pred, **kwargs)
  File "c:\Users\javier\Documents\escuela_ML_2026\Machine_Learning_Intro\.venv\lib\site-packages\sklearn\utils\_param_validation.py", line 213, in wrapper
    return func(*args, **kwargs)
  File "c:\Users\javier\Documents\escuela_ML_2026\Machine_Learning_Intro\.venv\lib\site-packages\sklearn\metrics\_ranking.py", line 634, in roc_auc_score
    return _multiclass_roc_auc_score(
  File "c:\Users\javier\Documents\escuela_ML_2026\Machine_Learning_Intro\.venv\lib\site-packages\sklearn\metrics\_ranking.py", line 707, in _multiclass_roc_auc_score
    raise ValueError(
ValueError: Target scores need to be probabilities for multiclass roc_auc, i.e. they should sum up to 1.0 over classes

  warnings.warn(

2026-08-28 14:42:22,048:WARNING:c:\Users\javier\Documents\escuela_ML_2026\Machine_Learning_Intro\.venv\lib\site-packages\pycaret\internal\metrics.py:204: FitFailedWarning: Metric 'make_scorer(roc_auc_score, response_method=('decision_function', 'predict_proba'), average=weighted, multi_class=ovr)' failed and error score 0.0 has been returned instead. If this is a custom metric, this usually means that the error is in the metric code. Full exception below:
Traceback (most recent call last):
  File "c:\Users\javier\Documents\escuela_ML_2026\Machine_Learning_Intro\.venv\lib\site-packages\pycaret\internal\metrics.py", line 196, in _score
    return super()._score(
  File "c:\Users\javier\Documents\escuela_ML_2026\Machine_Learning_Intro\.venv\lib\site-packages\sklearn\metrics\_scorer.py", line 350, in _score
    return self._sign * self._score_func(y_true, y_pred, **scoring_kwargs)
  File "c:\Users\javier\Documents\escuela_ML_2026\Machine_Learning_Intro\.venv\lib\site-packages\pycaret\internal\metrics.py", line 144, in __call__
    return self.score_func(y_true, y_pred, **kwargs)
  File "c:\Users\javier\Documents\escuela_ML_2026\Machine_Learning_Intro\.venv\lib\site-packages\sklearn\utils\_param_validation.py", line 213, in wrapper
    return func(*args, **kwargs)
  File "c:\Users\javier\Documents\escuela_ML_2026\Machine_Learning_Intro\.venv\lib\site-packages\sklearn\metrics\_ranking.py", line 634, in roc_auc_score
    return _multiclass_roc_auc_score(
  File "c:\Users\javier\Documents\escuela_ML_2026\Machine_Learning_Intro\.venv\lib\site-packages\sklearn\metrics\_ranking.py", line 707, in _multiclass_roc_auc_score
    raise ValueError(
ValueError: Target scores need to be probabilities for multiclass roc_auc, i.e. they should sum up to 1.0 over classes

  warnings.warn(

2026-08-28 14:42:22,073:WARNING:c:\Users\javier\Documents\escuela_ML_2026\Machine_Learning_Intro\.venv\lib\site-packages\pycaret\internal\metrics.py:204: FitFailedWarning: Metric 'make_scorer(roc_auc_score, response_method=('decision_function', 'predict_proba'), average=weighted, multi_class=ovr)' failed and error score 0.0 has been returned instead. If this is a custom metric, this usually means that the error is in the metric code. Full exception below:
Traceback (most recent call last):
  File "c:\Users\javier\Documents\escuela_ML_2026\Machine_Learning_Intro\.venv\lib\site-packages\pycaret\internal\metrics.py", line 196, in _score
    return super()._score(
  File "c:\Users\javier\Documents\escuela_ML_2026\Machine_Learning_Intro\.venv\lib\site-packages\sklearn\metrics\_scorer.py", line 350, in _score
    return self._sign * self._score_func(y_true, y_pred, **scoring_kwargs)
  File "c:\Users\javier\Documents\escuela_ML_2026\Machine_Learning_Intro\.venv\lib\site-packages\pycaret\internal\metrics.py", line 144, in __call__
    return self.score_func(y_true, y_pred, **kwargs)
  File "c:\Users\javier\Documents\escuela_ML_2026\Machine_Learning_Intro\.venv\lib\site-packages\sklearn\utils\_param_validation.py", line 213, in wrapper
    return func(*args, **kwargs)
  File "c:\Users\javier\Documents\escuela_ML_2026\Machine_Learning_Intro\.venv\lib\site-packages\sklearn\metrics\_ranking.py", line 634, in roc_auc_score
    return _multiclass_roc_auc_score(
  File "c:\Users\javier\Documents\escuela_ML_2026\Machine_Learning_Intro\.venv\lib\site-packages\sklearn\metrics\_ranking.py", line 707, in _multiclass_roc_auc_score
    raise ValueError(
ValueError: Target scores need to be probabilities for multiclass roc_auc, i.e. they should sum up to 1.0 over classes

  warnings.warn(

2026-08-28 14:42:22,080:WARNING:c:\Users\javier\Documents\escuela_ML_2026\Machine_Learning_Intro\.venv\lib\site-packages\pycaret\internal\metrics.py:204: FitFailedWarning: Metric 'make_scorer(roc_auc_score, response_method=('decision_function', 'predict_proba'), average=weighted, multi_class=ovr)' failed and error score 0.0 has been returned instead. If this is a custom metric, this usually means that the error is in the metric code. Full exception below:
Traceback (most recent call last):
  File "c:\Users\javier\Documents\escuela_ML_2026\Machine_Learning_Intro\.venv\lib\site-packages\pycaret\internal\metrics.py", line 196, in _score
    return super()._score(
  File "c:\Users\javier\Documents\escuela_ML_2026\Machine_Learning_Intro\.venv\lib\site-packages\sklearn\metrics\_scorer.py", line 350, in _score
    return self._sign * self._score_func(y_true, y_pred, **scoring_kwargs)
  File "c:\Users\javier\Documents\escuela_ML_2026\Machine_Learning_Intro\.venv\lib\site-packages\pycaret\internal\metrics.py", line 144, in __call__
    return self.score_func(y_true, y_pred, **kwargs)
  File "c:\Users\javier\Documents\escuela_ML_2026\Machine_Learning_Intro\.venv\lib\site-packages\sklearn\utils\_param_validation.py", line 213, in wrapper
    return func(*args, **kwargs)
  File "c:\Users\javier\Documents\escuela_ML_2026\Machine_Learning_Intro\.venv\lib\site-packages\sklearn\metrics\_ranking.py", line 634, in roc_auc_score
    return _multiclass_roc_auc_score(
  File "c:\Users\javier\Documents\escuela_ML_2026\Machine_Learning_Intro\.venv\lib\site-packages\sklearn\metrics\_ranking.py", line 707, in _multiclass_roc_auc_score
    raise ValueError(
ValueError: Target scores need to be probabilities for multiclass roc_auc, i.e. they should sum up to 1.0 over classes

  warnings.warn(

2026-08-28 14:42:22,089:WARNING:c:\Users\javier\Documents\escuela_ML_2026\Machine_Learning_Intro\.venv\lib\site-packages\pycaret\internal\metrics.py:204: FitFailedWarning: Metric 'make_scorer(roc_auc_score, response_method=('decision_function', 'predict_proba'), average=weighted, multi_class=ovr)' failed and error score 0.0 has been returned instead. If this is a custom metric, this usually means that the error is in the metric code. Full exception below:
Traceback (most recent call last):
  File "c:\Users\javier\Documents\escuela_ML_2026\Machine_Learning_Intro\.venv\lib\site-packages\pycaret\internal\metrics.py", line 196, in _score
    return super()._score(
  File "c:\Users\javier\Documents\escuela_ML_2026\Machine_Learning_Intro\.venv\lib\site-packages\sklearn\metrics\_scorer.py", line 350, in _score
    return self._sign * self._score_func(y_true, y_pred, **scoring_kwargs)
  File "c:\Users\javier\Documents\escuela_ML_2026\Machine_Learning_Intro\.venv\lib\site-packages\pycaret\internal\metrics.py", line 144, in __call__
    return self.score_func(y_true, y_pred, **kwargs)
  File "c:\Users\javier\Documents\escuela_ML_2026\Machine_Learning_Intro\.venv\lib\site-packages\sklearn\utils\_param_validation.py", line 213, in wrapper
    return func(*args, **kwargs)
  File "c:\Users\javier\Documents\escuela_ML_2026\Machine_Learning_Intro\.venv\lib\site-packages\sklearn\metrics\_ranking.py", line 634, in roc_auc_score
    return _multiclass_roc_auc_score(
  File "c:\Users\javier\Documents\escuela_ML_2026\Machine_Learning_Intro\.venv\lib\site-packages\sklearn\metrics\_ranking.py", line 707, in _multiclass_roc_auc_score
    raise ValueError(
ValueError: Target scores need to be probabilities for multiclass roc_auc, i.e. they should sum up to 1.0 over classes

  warnings.warn(

2026-08-28 14:42:22,120:WARNING:c:\Users\javier\Documents\escuela_ML_2026\Machine_Learning_Intro\.venv\lib\site-packages\pycaret\internal\metrics.py:204: FitFailedWarning: Metric 'make_scorer(roc_auc_score, response_method=('decision_function', 'predict_proba'), average=weighted, multi_class=ovr)' failed and error score 0.0 has been returned instead. If this is a custom metric, this usually means that the error is in the metric code. Full exception below:
Traceback (most recent call last):
  File "c:\Users\javier\Documents\escuela_ML_2026\Machine_Learning_Intro\.venv\lib\site-packages\pycaret\internal\metrics.py", line 196, in _score
    return super()._score(
  File "c:\Users\javier\Documents\escuela_ML_2026\Machine_Learning_Intro\.venv\lib\site-packages\sklearn\metrics\_scorer.py", line 350, in _score
    return self._sign * self._score_func(y_true, y_pred, **scoring_kwargs)
  File "c:\Users\javier\Documents\escuela_ML_2026\Machine_Learning_Intro\.venv\lib\site-packages\pycaret\internal\metrics.py", line 144, in __call__
    return self.score_func(y_true, y_pred, **kwargs)
  File "c:\Users\javier\Documents\escuela_ML_2026\Machine_Learning_Intro\.venv\lib\site-packages\sklearn\utils\_param_validation.py", line 213, in wrapper
    return func(*args, **kwargs)
  File "c:\Users\javier\Documents\escuela_ML_2026\Machine_Learning_Intro\.venv\lib\site-packages\sklearn\metrics\_ranking.py", line 634, in roc_auc_score
    return _multiclass_roc_auc_score(
  File "c:\Users\javier\Documents\escuela_ML_2026\Machine_Learning_Intro\.venv\lib\site-packages\sklearn\metrics\_ranking.py", line 707, in _multiclass_roc_auc_score
    raise ValueError(
ValueError: Target scores need to be probabilities for multiclass roc_auc, i.e. they should sum up to 1.0 over classes

  warnings.warn(

2026-08-28 14:42:22,187:WARNING:c:\Users\javier\Documents\escuela_ML_2026\Machine_Learning_Intro\.venv\lib\site-packages\pycaret\internal\metrics.py:204: FitFailedWarning: Metric 'make_scorer(roc_auc_score, response_method=('decision_function', 'predict_proba'), average=weighted, multi_class=ovr)' failed and error score 0.0 has been returned instead. If this is a custom metric, this usually means that the error is in the metric code. Full exception below:
Traceback (most recent call last):
  File "c:\Users\javier\Documents\escuela_ML_2026\Machine_Learning_Intro\.venv\lib\site-packages\pycaret\internal\metrics.py", line 196, in _score
    return super()._score(
  File "c:\Users\javier\Documents\escuela_ML_2026\Machine_Learning_Intro\.venv\lib\site-packages\sklearn\metrics\_scorer.py", line 350, in _score
    return self._sign * self._score_func(y_true, y_pred, **scoring_kwargs)
  File "c:\Users\javier\Documents\escuela_ML_2026\Machine_Learning_Intro\.venv\lib\site-packages\pycaret\internal\metrics.py", line 144, in __call__
    return self.score_func(y_true, y_pred, **kwargs)
  File "c:\Users\javier\Documents\escuela_ML_2026\Machine_Learning_Intro\.venv\lib\site-packages\sklearn\utils\_param_validation.py", line 213, in wrapper
    return func(*args, **kwargs)
  File "c:\Users\javier\Documents\escuela_ML_2026\Machine_Learning_Intro\.venv\lib\site-packages\sklearn\metrics\_ranking.py", line 634, in roc_auc_score
    return _multiclass_roc_auc_score(
  File "c:\Users\javier\Documents\escuela_ML_2026\Machine_Learning_Intro\.venv\lib\site-packages\sklearn\metrics\_ranking.py", line 707, in _multiclass_roc_auc_score
    raise ValueError(
ValueError: Target scores need to be probabilities for multiclass roc_auc, i.e. they should sum up to 1.0 over classes

  warnings.warn(

2026-08-28 14:42:22,199:INFO:Calculating mean and std
2026-08-28 14:42:22,202:INFO:Creating metrics dataframe
2026-08-28 14:42:22,207:INFO:Uploading results into container
2026-08-28 14:42:22,208:INFO:Uploading model into container now
2026-08-28 14:42:22,209:INFO:_master_model_container: 1
2026-08-28 14:42:22,209:INFO:_display_container: 2
2026-08-28 14:42:22,209:INFO:LogisticRegression(C=1.0, class_weight=None, dual=False, fit_intercept=True,
                   intercept_scaling=1, l1_ratio=None, max_iter=1000,
                   multi_class='auto', n_jobs=None, penalty='l2',
                   random_state=42, solver='lbfgs', tol=0.0001, verbose=0,
                   warm_start=False)
2026-08-28 14:42:22,209:INFO:create_model() successfully completed......................................
2026-08-28 14:42:22,344:INFO:SubProcess create_model() end ==================================
2026-08-28 14:42:22,344:INFO:Creating metrics dataframe
2026-08-28 14:42:22,352:INFO:Initializing K Neighbors Classifier
2026-08-28 14:42:22,352:INFO:Total runtime is 0.08124850591023763 minutes
2026-08-28 14:42:22,357:INFO:SubProcess create_model() called ==================================
2026-08-28 14:42:22,357:INFO:Initializing create_model()
2026-08-28 14:42:22,357:INFO:create_model(self=<pycaret.classification.oop.ClassificationExperiment object at 0x000001A286347490>, estimator=knn, fold=StratifiedKFold(n_splits=10, random_state=None, shuffle=False), round=4, cross_validation=True, predict=True, fit_kwargs={}, groups=None, refit=False, probability_threshold=None, experiment_custom_tags=None, verbose=False, system=False, add_to_model_list=True, metrics=None, display=<pycaret.internal.display.display.CommonDisplay object at 0x000001A2862DECE0>, model_only=True, return_train_score=False, error_score=0.0, kwargs={})
2026-08-28 14:42:22,357:INFO:Checking exceptions
2026-08-28 14:42:22,357:INFO:Importing libraries
2026-08-28 14:42:22,357:INFO:Copying training dataset
2026-08-28 14:42:22,360:INFO:Defining folds
2026-08-28 14:42:22,360:INFO:Declaring metric variables
2026-08-28 14:42:22,360:INFO:Importing untrained model
2026-08-28 14:42:22,373:INFO:K Neighbors Classifier Imported successfully
2026-08-28 14:42:22,375:INFO:Starting cross validation
2026-08-28 14:42:22,375:INFO:Cross validating with StratifiedKFold(n_splits=10, random_state=None, shuffle=False), n_jobs=-1
2026-08-28 14:42:24,322:WARNING:c:\Users\javier\Documents\escuela_ML_2026\Machine_Learning_Intro\.venv\lib\site-packages\_distutils_hack\__init__.py:30: UserWarning: Setuptools is replacing distutils. Support for replacing an already imported distutils is deprecated. In the future, this condition will fail. Register concerns at https://github.com/pypa/setuptools/issues/new?template=distutils-deprecation.yml
  warnings.warn(

2026-08-28 14:42:24,322:WARNING:c:\Users\javier\Documents\escuela_ML_2026\Machine_Learning_Intro\.venv\lib\site-packages\_distutils_hack\__init__.py:30: UserWarning: Setuptools is replacing distutils. Support for replacing an already imported distutils is deprecated. In the future, this condition will fail. Register concerns at https://github.com/pypa/setuptools/issues/new?template=distutils-deprecation.yml
  warnings.warn(

2026-08-28 14:42:24,538:INFO:Calculating mean and std
2026-08-28 14:42:24,538:INFO:Creating metrics dataframe
2026-08-28 14:42:24,544:INFO:Uploading results into container
2026-08-28 14:42:24,544:INFO:Uploading model into container now
2026-08-28 14:42:24,544:INFO:_master_model_container: 2
2026-08-28 14:42:24,544:INFO:_display_container: 2
2026-08-28 14:42:24,544:INFO:KNeighborsClassifier(algorithm='auto', leaf_size=30, metric='minkowski',
                     metric_params=None, n_jobs=-1, n_neighbors=5, p=2,
                     weights='uniform')
2026-08-28 14:42:24,544:INFO:create_model() successfully completed......................................
2026-08-28 14:42:24,623:INFO:SubProcess create_model() end ==================================
2026-08-28 14:42:24,623:INFO:Creating metrics dataframe
2026-08-28 14:42:24,637:INFO:Initializing Naive Bayes
2026-08-28 14:42:24,637:INFO:Total runtime is 0.11933724880218506 minutes
2026-08-28 14:42:24,637:INFO:SubProcess create_model() called ==================================
2026-08-28 14:42:24,637:INFO:Initializing create_model()
2026-08-28 14:42:24,637:INFO:create_model(self=<pycaret.classification.oop.ClassificationExperiment object at 0x000001A286347490>, estimator=nb, fold=StratifiedKFold(n_splits=10, random_state=None, shuffle=False), round=4, cross_validation=True, predict=True, fit_kwargs={}, groups=None, refit=False, probability_threshold=None, experiment_custom_tags=None, verbose=False, system=False, add_to_model_list=True, metrics=None, display=<pycaret.internal.display.display.CommonDisplay object at 0x000001A2862DECE0>, model_only=True, return_train_score=False, error_score=0.0, kwargs={})
2026-08-28 14:42:24,637:INFO:Checking exceptions
2026-08-28 14:42:24,637:INFO:Importing libraries
2026-08-28 14:42:24,637:INFO:Copying training dataset
2026-08-28 14:42:24,652:INFO:Defining folds
2026-08-28 14:42:24,652:INFO:Declaring metric variables
2026-08-28 14:42:24,656:INFO:Importing untrained model
2026-08-28 14:42:24,658:INFO:Naive Bayes Imported successfully
2026-08-28 14:42:24,669:INFO:Starting cross validation
2026-08-28 14:42:24,670:INFO:Cross validating with StratifiedKFold(n_splits=10, random_state=None, shuffle=False), n_jobs=-1
2026-08-28 14:42:24,749:INFO:Calculating mean and std
2026-08-28 14:42:24,751:INFO:Creating metrics dataframe
2026-08-28 14:42:24,754:INFO:Uploading results into container
2026-08-28 14:42:24,754:INFO:Uploading model into container now
2026-08-28 14:42:24,754:INFO:_master_model_container: 3
2026-08-28 14:42:24,754:INFO:_display_container: 2
2026-08-28 14:42:24,754:INFO:GaussianNB(priors=None, var_smoothing=1e-09)
2026-08-28 14:42:24,754:INFO:create_model() successfully completed......................................
2026-08-28 14:42:24,821:INFO:SubProcess create_model() end ==================================
2026-08-28 14:42:24,821:INFO:Creating metrics dataframe
2026-08-28 14:42:24,837:INFO:Initializing Decision Tree Classifier
2026-08-28 14:42:24,837:INFO:Total runtime is 0.12267621358235678 minutes
2026-08-28 14:42:24,837:INFO:SubProcess create_model() called ==================================
2026-08-28 14:42:24,837:INFO:Initializing create_model()
2026-08-28 14:42:24,837:INFO:create_model(self=<pycaret.classification.oop.ClassificationExperiment object at 0x000001A286347490>, estimator=dt, fold=StratifiedKFold(n_splits=10, random_state=None, shuffle=False), round=4, cross_validation=True, predict=True, fit_kwargs={}, groups=None, refit=False, probability_threshold=None, experiment_custom_tags=None, verbose=False, system=False, add_to_model_list=True, metrics=None, display=<pycaret.internal.display.display.CommonDisplay object at 0x000001A2862DECE0>, model_only=True, return_train_score=False, error_score=0.0, kwargs={})
2026-08-28 14:42:24,837:INFO:Checking exceptions
2026-08-28 14:42:24,837:INFO:Importing libraries
2026-08-28 14:42:24,837:INFO:Copying training dataset
2026-08-28 14:42:24,852:INFO:Defining folds
2026-08-28 14:42:24,853:INFO:Declaring metric variables
2026-08-28 14:42:24,857:INFO:Importing untrained model
2026-08-28 14:42:24,859:INFO:Decision Tree Classifier Imported successfully
2026-08-28 14:42:24,870:INFO:Starting cross validation
2026-08-28 14:42:24,872:INFO:Cross validating with StratifiedKFold(n_splits=10, random_state=None, shuffle=False), n_jobs=-1
2026-08-28 14:42:24,970:INFO:Calculating mean and std
2026-08-28 14:42:24,973:INFO:Creating metrics dataframe
2026-08-28 14:42:24,974:INFO:Uploading results into container
2026-08-28 14:42:24,974:INFO:Uploading model into container now
2026-08-28 14:42:24,974:INFO:_master_model_container: 4
2026-08-28 14:42:24,974:INFO:_display_container: 2
2026-08-28 14:42:24,974:INFO:DecisionTreeClassifier(ccp_alpha=0.0, class_weight=None, criterion='gini',
                       max_depth=None, max_features=None, max_leaf_nodes=None,
                       min_impurity_decrease=0.0, min_samples_leaf=1,
                       min_samples_split=2, min_weight_fraction_leaf=0.0,
                       monotonic_cst=None, random_state=42, splitter='best')
2026-08-28 14:42:24,974:INFO:create_model() successfully completed......................................
2026-08-28 14:42:25,070:INFO:SubProcess create_model() end ==================================
2026-08-28 14:42:25,070:INFO:Creating metrics dataframe
2026-08-28 14:42:25,071:INFO:Initializing SVM - Linear Kernel
2026-08-28 14:42:25,071:INFO:Total runtime is 0.12656939427057903 minutes
2026-08-28 14:42:25,071:INFO:SubProcess create_model() called ==================================
2026-08-28 14:42:25,071:INFO:Initializing create_model()
2026-08-28 14:42:25,071:INFO:create_model(self=<pycaret.classification.oop.ClassificationExperiment object at 0x000001A286347490>, estimator=svm, fold=StratifiedKFold(n_splits=10, random_state=None, shuffle=False), round=4, cross_validation=True, predict=True, fit_kwargs={}, groups=None, refit=False, probability_threshold=None, experiment_custom_tags=None, verbose=False, system=False, add_to_model_list=True, metrics=None, display=<pycaret.internal.display.display.CommonDisplay object at 0x000001A2862DECE0>, model_only=True, return_train_score=False, error_score=0.0, kwargs={})
2026-08-28 14:42:25,071:INFO:Checking exceptions
2026-08-28 14:42:25,071:INFO:Importing libraries
2026-08-28 14:42:25,071:INFO:Copying training dataset
2026-08-28 14:42:25,087:INFO:Defining folds
2026-08-28 14:42:25,087:INFO:Declaring metric variables
2026-08-28 14:42:25,087:INFO:Importing untrained model
2026-08-28 14:42:25,094:INFO:SVM - Linear Kernel Imported successfully
2026-08-28 14:42:25,104:INFO:Starting cross validation
2026-08-28 14:42:25,106:INFO:Cross validating with StratifiedKFold(n_splits=10, random_state=None, shuffle=False), n_jobs=-1
2026-08-28 14:42:25,188:WARNING:c:\Users\javier\Documents\escuela_ML_2026\Machine_Learning_Intro\.venv\lib\site-packages\pycaret\internal\metrics.py:204: FitFailedWarning: Metric 'make_scorer(roc_auc_score, response_method=('decision_function', 'predict_proba'), average=weighted, multi_class=ovr)' failed and error score 0.0 has been returned instead. If this is a custom metric, this usually means that the error is in the metric code. Full exception below:
Traceback (most recent call last):
  File "c:\Users\javier\Documents\escuela_ML_2026\Machine_Learning_Intro\.venv\lib\site-packages\pycaret\internal\metrics.py", line 196, in _score
    return super()._score(
  File "c:\Users\javier\Documents\escuela_ML_2026\Machine_Learning_Intro\.venv\lib\site-packages\sklearn\metrics\_scorer.py", line 350, in _score
    return self._sign * self._score_func(y_true, y_pred, **scoring_kwargs)
  File "c:\Users\javier\Documents\escuela_ML_2026\Machine_Learning_Intro\.venv\lib\site-packages\pycaret\internal\metrics.py", line 144, in __call__
    return self.score_func(y_true, y_pred, **kwargs)
  File "c:\Users\javier\Documents\escuela_ML_2026\Machine_Learning_Intro\.venv\lib\site-packages\sklearn\utils\_param_validation.py", line 213, in wrapper
    return func(*args, **kwargs)
  File "c:\Users\javier\Documents\escuela_ML_2026\Machine_Learning_Intro\.venv\lib\site-packages\sklearn\metrics\_ranking.py", line 634, in roc_auc_score
    return _multiclass_roc_auc_score(
  File "c:\Users\javier\Documents\escuela_ML_2026\Machine_Learning_Intro\.venv\lib\site-packages\sklearn\metrics\_ranking.py", line 707, in _multiclass_roc_auc_score
    raise ValueError(
ValueError: Target scores need to be probabilities for multiclass roc_auc, i.e. they should sum up to 1.0 over classes

  warnings.warn(

2026-08-28 14:42:25,188:WARNING:c:\Users\javier\Documents\escuela_ML_2026\Machine_Learning_Intro\.venv\lib\site-packages\pycaret\internal\metrics.py:204: FitFailedWarning: Metric 'make_scorer(roc_auc_score, response_method=('decision_function', 'predict_proba'), average=weighted, multi_class=ovr)' failed and error score 0.0 has been returned instead. If this is a custom metric, this usually means that the error is in the metric code. Full exception below:
Traceback (most recent call last):
  File "c:\Users\javier\Documents\escuela_ML_2026\Machine_Learning_Intro\.venv\lib\site-packages\pycaret\internal\metrics.py", line 196, in _score
    return super()._score(
  File "c:\Users\javier\Documents\escuela_ML_2026\Machine_Learning_Intro\.venv\lib\site-packages\sklearn\metrics\_scorer.py", line 350, in _score
    return self._sign * self._score_func(y_true, y_pred, **scoring_kwargs)
  File "c:\Users\javier\Documents\escuela_ML_2026\Machine_Learning_Intro\.venv\lib\site-packages\pycaret\internal\metrics.py", line 144, in __call__
    return self.score_func(y_true, y_pred, **kwargs)
  File "c:\Users\javier\Documents\escuela_ML_2026\Machine_Learning_Intro\.venv\lib\site-packages\sklearn\utils\_param_validation.py", line 213, in wrapper
    return func(*args, **kwargs)
  File "c:\Users\javier\Documents\escuela_ML_2026\Machine_Learning_Intro\.venv\lib\site-packages\sklearn\metrics\_ranking.py", line 634, in roc_auc_score
    return _multiclass_roc_auc_score(
  File "c:\Users\javier\Documents\escuela_ML_2026\Machine_Learning_Intro\.venv\lib\site-packages\sklearn\metrics\_ranking.py", line 707, in _multiclass_roc_auc_score
    raise ValueError(
ValueError: Target scores need to be probabilities for multiclass roc_auc, i.e. they should sum up to 1.0 over classes

  warnings.warn(

2026-08-28 14:42:25,188:WARNING:c:\Users\javier\Documents\escuela_ML_2026\Machine_Learning_Intro\.venv\lib\site-packages\pycaret\internal\metrics.py:204: FitFailedWarning: Metric 'make_scorer(roc_auc_score, response_method=('decision_function', 'predict_proba'), average=weighted, multi_class=ovr)' failed and error score 0.0 has been returned instead. If this is a custom metric, this usually means that the error is in the metric code. Full exception below:
Traceback (most recent call last):
  File "c:\Users\javier\Documents\escuela_ML_2026\Machine_Learning_Intro\.venv\lib\site-packages\pycaret\internal\metrics.py", line 196, in _score
    return super()._score(
  File "c:\Users\javier\Documents\escuela_ML_2026\Machine_Learning_Intro\.venv\lib\site-packages\sklearn\metrics\_scorer.py", line 350, in _score
    return self._sign * self._score_func(y_true, y_pred, **scoring_kwargs)
  File "c:\Users\javier\Documents\escuela_ML_2026\Machine_Learning_Intro\.venv\lib\site-packages\pycaret\internal\metrics.py", line 144, in __call__
    return self.score_func(y_true, y_pred, **kwargs)
  File "c:\Users\javier\Documents\escuela_ML_2026\Machine_Learning_Intro\.venv\lib\site-packages\sklearn\utils\_param_validation.py", line 213, in wrapper
    return func(*args, **kwargs)
  File "c:\Users\javier\Documents\escuela_ML_2026\Machine_Learning_Intro\.venv\lib\site-packages\sklearn\metrics\_ranking.py", line 634, in roc_auc_score
    return _multiclass_roc_auc_score(
  File "c:\Users\javier\Documents\escuela_ML_2026\Machine_Learning_Intro\.venv\lib\site-packages\sklearn\metrics\_ranking.py", line 707, in _multiclass_roc_auc_score
    raise ValueError(
ValueError: Target scores need to be probabilities for multiclass roc_auc, i.e. they should sum up to 1.0 over classes

  warnings.warn(

2026-08-28 14:42:25,188:WARNING:c:\Users\javier\Documents\escuela_ML_2026\Machine_Learning_Intro\.venv\lib\site-packages\pycaret\internal\metrics.py:204: FitFailedWarning: Metric 'make_scorer(roc_auc_score, response_method=('decision_function', 'predict_proba'), average=weighted, multi_class=ovr)' failed and error score 0.0 has been returned instead. If this is a custom metric, this usually means that the error is in the metric code. Full exception below:
Traceback (most recent call last):
  File "c:\Users\javier\Documents\escuela_ML_2026\Machine_Learning_Intro\.venv\lib\site-packages\pycaret\internal\metrics.py", line 196, in _score
    return super()._score(
  File "c:\Users\javier\Documents\escuela_ML_2026\Machine_Learning_Intro\.venv\lib\site-packages\sklearn\metrics\_scorer.py", line 350, in _score
    return self._sign * self._score_func(y_true, y_pred, **scoring_kwargs)
  File "c:\Users\javier\Documents\escuela_ML_2026\Machine_Learning_Intro\.venv\lib\site-packages\pycaret\internal\metrics.py", line 144, in __call__
    return self.score_func(y_true, y_pred, **kwargs)
  File "c:\Users\javier\Documents\escuela_ML_2026\Machine_Learning_Intro\.venv\lib\site-packages\sklearn\utils\_param_validation.py", line 213, in wrapper
    return func(*args, **kwargs)
  File "c:\Users\javier\Documents\escuela_ML_2026\Machine_Learning_Intro\.venv\lib\site-packages\sklearn\metrics\_ranking.py", line 634, in roc_auc_score
    return _multiclass_roc_auc_score(
  File "c:\Users\javier\Documents\escuela_ML_2026\Machine_Learning_Intro\.venv\lib\site-packages\sklearn\metrics\_ranking.py", line 707, in _multiclass_roc_auc_score
    raise ValueError(
ValueError: Target scores need to be probabilities for multiclass roc_auc, i.e. they should sum up to 1.0 over classes

  warnings.warn(

2026-08-28 14:42:25,188:WARNING:c:\Users\javier\Documents\escuela_ML_2026\Machine_Learning_Intro\.venv\lib\site-packages\pycaret\internal\metrics.py:204: FitFailedWarning: Metric 'make_scorer(roc_auc_score, response_method=('decision_function', 'predict_proba'), average=weighted, multi_class=ovr)' failed and error score 0.0 has been returned instead. If this is a custom metric, this usually means that the error is in the metric code. Full exception below:
Traceback (most recent call last):
  File "c:\Users\javier\Documents\escuela_ML_2026\Machine_Learning_Intro\.venv\lib\site-packages\pycaret\internal\metrics.py", line 196, in _score
    return super()._score(
  File "c:\Users\javier\Documents\escuela_ML_2026\Machine_Learning_Intro\.venv\lib\site-packages\sklearn\metrics\_scorer.py", line 350, in _score
    return self._sign * self._score_func(y_true, y_pred, **scoring_kwargs)
  File "c:\Users\javier\Documents\escuela_ML_2026\Machine_Learning_Intro\.venv\lib\site-packages\pycaret\internal\metrics.py", line 144, in __call__
    return self.score_func(y_true, y_pred, **kwargs)
  File "c:\Users\javier\Documents\escuela_ML_2026\Machine_Learning_Intro\.venv\lib\site-packages\sklearn\utils\_param_validation.py", line 213, in wrapper
    return func(*args, **kwargs)
  File "c:\Users\javier\Documents\escuela_ML_2026\Machine_Learning_Intro\.venv\lib\site-packages\sklearn\metrics\_ranking.py", line 634, in roc_auc_score
    return _multiclass_roc_auc_score(
  File "c:\Users\javier\Documents\escuela_ML_2026\Machine_Learning_Intro\.venv\lib\site-packages\sklearn\metrics\_ranking.py", line 707, in _multiclass_roc_auc_score
    raise ValueError(
ValueError: Target scores need to be probabilities for multiclass roc_auc, i.e. they should sum up to 1.0 over classes

  warnings.warn(

2026-08-28 14:42:25,188:WARNING:c:\Users\javier\Documents\escuela_ML_2026\Machine_Learning_Intro\.venv\lib\site-packages\pycaret\internal\metrics.py:204: FitFailedWarning: Metric 'make_scorer(roc_auc_score, response_method=('decision_function', 'predict_proba'), average=weighted, multi_class=ovr)' failed and error score 0.0 has been returned instead. If this is a custom metric, this usually means that the error is in the metric code. Full exception below:
Traceback (most recent call last):
  File "c:\Users\javier\Documents\escuela_ML_2026\Machine_Learning_Intro\.venv\lib\site-packages\pycaret\internal\metrics.py", line 196, in _score
    return super()._score(
  File "c:\Users\javier\Documents\escuela_ML_2026\Machine_Learning_Intro\.venv\lib\site-packages\sklearn\metrics\_scorer.py", line 350, in _score
    return self._sign * self._score_func(y_true, y_pred, **scoring_kwargs)
  File "c:\Users\javier\Documents\escuela_ML_2026\Machine_Learning_Intro\.venv\lib\site-packages\pycaret\internal\metrics.py", line 144, in __call__
    return self.score_func(y_true, y_pred, **kwargs)
  File "c:\Users\javier\Documents\escuela_ML_2026\Machine_Learning_Intro\.venv\lib\site-packages\sklearn\utils\_param_validation.py", line 213, in wrapper
    return func(*args, **kwargs)
  File "c:\Users\javier\Documents\escuela_ML_2026\Machine_Learning_Intro\.venv\lib\site-packages\sklearn\metrics\_ranking.py", line 634, in roc_auc_score
    return _multiclass_roc_auc_score(
  File "c:\Users\javier\Documents\escuela_ML_2026\Machine_Learning_Intro\.venv\lib\site-packages\sklearn\metrics\_ranking.py", line 707, in _multiclass_roc_auc_score
    raise ValueError(
ValueError: Target scores need to be probabilities for multiclass roc_auc, i.e. they should sum up to 1.0 over classes

  warnings.warn(

2026-08-28 14:42:25,188:WARNING:c:\Users\javier\Documents\escuela_ML_2026\Machine_Learning_Intro\.venv\lib\site-packages\pycaret\internal\metrics.py:204: FitFailedWarning: Metric 'make_scorer(roc_auc_score, response_method=('decision_function', 'predict_proba'), average=weighted, multi_class=ovr)' failed and error score 0.0 has been returned instead. If this is a custom metric, this usually means that the error is in the metric code. Full exception below:
Traceback (most recent call last):
  File "c:\Users\javier\Documents\escuela_ML_2026\Machine_Learning_Intro\.venv\lib\site-packages\pycaret\internal\metrics.py", line 196, in _score
    return super()._score(
  File "c:\Users\javier\Documents\escuela_ML_2026\Machine_Learning_Intro\.venv\lib\site-packages\sklearn\metrics\_scorer.py", line 350, in _score
    return self._sign * self._score_func(y_true, y_pred, **scoring_kwargs)
  File "c:\Users\javier\Documents\escuela_ML_2026\Machine_Learning_Intro\.venv\lib\site-packages\pycaret\internal\metrics.py", line 144, in __call__
    return self.score_func(y_true, y_pred, **kwargs)
  File "c:\Users\javier\Documents\escuela_ML_2026\Machine_Learning_Intro\.venv\lib\site-packages\sklearn\utils\_param_validation.py", line 213, in wrapper
    return func(*args, **kwargs)
  File "c:\Users\javier\Documents\escuela_ML_2026\Machine_Learning_Intro\.venv\lib\site-packages\sklearn\metrics\_ranking.py", line 634, in roc_auc_score
    return _multiclass_roc_auc_score(
  File "c:\Users\javier\Documents\escuela_ML_2026\Machine_Learning_Intro\.venv\lib\site-packages\sklearn\metrics\_ranking.py", line 707, in _multiclass_roc_auc_score
    raise ValueError(
ValueError: Target scores need to be probabilities for multiclass roc_auc, i.e. they should sum up to 1.0 over classes

  warnings.warn(

2026-08-28 14:42:25,188:WARNING:c:\Users\javier\Documents\escuela_ML_2026\Machine_Learning_Intro\.venv\lib\site-packages\sklearn\metrics\_classification.py:1509: UndefinedMetricWarning: Precision is ill-defined and being set to 0.0 in labels with no predicted samples. Use `zero_division` parameter to control this behavior.
  _warn_prf(average, modifier, f"{metric.capitalize()} is", len(result))

2026-08-28 14:42:25,188:WARNING:c:\Users\javier\Documents\escuela_ML_2026\Machine_Learning_Intro\.venv\lib\site-packages\sklearn\metrics\_classification.py:1509: UndefinedMetricWarning: Precision is ill-defined and being set to 0.0 in labels with no predicted samples. Use `zero_division` parameter to control this behavior.
  _warn_prf(average, modifier, f"{metric.capitalize()} is", len(result))

2026-08-28 14:42:25,221:INFO:Calculating mean and std
2026-08-28 14:42:25,222:INFO:Creating metrics dataframe
2026-08-28 14:42:25,225:INFO:Uploading results into container
2026-08-28 14:42:25,225:INFO:Uploading model into container now
2026-08-28 14:42:25,225:INFO:_master_model_container: 5
2026-08-28 14:42:25,225:INFO:_display_container: 2
2026-08-28 14:42:25,225:INFO:SGDClassifier(alpha=0.0001, average=False, class_weight=None,
              early_stopping=False, epsilon=0.1, eta0=0.001, fit_intercept=True,
              l1_ratio=0.15, learning_rate='optimal', loss='hinge',
              max_iter=1000, n_iter_no_change=5, n_jobs=-1, penalty='l2',
              power_t=0.5, random_state=42, shuffle=True, tol=0.001,
              validation_fraction=0.1, verbose=0, warm_start=False)
2026-08-28 14:42:25,225:INFO:create_model() successfully completed......................................
2026-08-28 14:42:25,305:INFO:SubProcess create_model() end ==================================
2026-08-28 14:42:25,305:INFO:Creating metrics dataframe
2026-08-28 14:42:25,305:INFO:Initializing Ridge Classifier
2026-08-28 14:42:25,305:INFO:Total runtime is 0.13046061992645264 minutes
2026-08-28 14:42:25,320:INFO:SubProcess create_model() called ==================================
2026-08-28 14:42:25,320:INFO:Initializing create_model()
2026-08-28 14:42:25,320:INFO:create_model(self=<pycaret.classification.oop.ClassificationExperiment object at 0x000001A286347490>, estimator=ridge, fold=StratifiedKFold(n_splits=10, random_state=None, shuffle=False), round=4, cross_validation=True, predict=True, fit_kwargs={}, groups=None, refit=False, probability_threshold=None, experiment_custom_tags=None, verbose=False, system=False, add_to_model_list=True, metrics=None, display=<pycaret.internal.display.display.CommonDisplay object at 0x000001A2862DECE0>, model_only=True, return_train_score=False, error_score=0.0, kwargs={})
2026-08-28 14:42:25,320:INFO:Checking exceptions
2026-08-28 14:42:25,320:INFO:Importing libraries
2026-08-28 14:42:25,320:INFO:Copying training dataset
2026-08-28 14:42:25,320:INFO:Defining folds
2026-08-28 14:42:25,320:INFO:Declaring metric variables
2026-08-28 14:42:25,320:INFO:Importing untrained model
2026-08-28 14:42:25,320:INFO:Ridge Classifier Imported successfully
2026-08-28 14:42:25,340:INFO:Starting cross validation
2026-08-28 14:42:25,341:INFO:Cross validating with StratifiedKFold(n_splits=10, random_state=None, shuffle=False), n_jobs=-1
2026-08-28 14:42:25,376:WARNING:c:\Users\javier\Documents\escuela_ML_2026\Machine_Learning_Intro\.venv\lib\site-packages\pycaret\internal\metrics.py:204: FitFailedWarning: Metric 'make_scorer(roc_auc_score, response_method=('decision_function', 'predict_proba'), average=weighted, multi_class=ovr)' failed and error score 0.0 has been returned instead. If this is a custom metric, this usually means that the error is in the metric code. Full exception below:
Traceback (most recent call last):
  File "c:\Users\javier\Documents\escuela_ML_2026\Machine_Learning_Intro\.venv\lib\site-packages\pycaret\internal\metrics.py", line 196, in _score
    return super()._score(
  File "c:\Users\javier\Documents\escuela_ML_2026\Machine_Learning_Intro\.venv\lib\site-packages\sklearn\metrics\_scorer.py", line 350, in _score
    return self._sign * self._score_func(y_true, y_pred, **scoring_kwargs)
  File "c:\Users\javier\Documents\escuela_ML_2026\Machine_Learning_Intro\.venv\lib\site-packages\pycaret\internal\metrics.py", line 144, in __call__
    return self.score_func(y_true, y_pred, **kwargs)
  File "c:\Users\javier\Documents\escuela_ML_2026\Machine_Learning_Intro\.venv\lib\site-packages\sklearn\utils\_param_validation.py", line 213, in wrapper
    return func(*args, **kwargs)
  File "c:\Users\javier\Documents\escuela_ML_2026\Machine_Learning_Intro\.venv\lib\site-packages\sklearn\metrics\_ranking.py", line 634, in roc_auc_score
    return _multiclass_roc_auc_score(
  File "c:\Users\javier\Documents\escuela_ML_2026\Machine_Learning_Intro\.venv\lib\site-packages\sklearn\metrics\_ranking.py", line 707, in _multiclass_roc_auc_score
    raise ValueError(
ValueError: Target scores need to be probabilities for multiclass roc_auc, i.e. they should sum up to 1.0 over classes

  warnings.warn(

2026-08-28 14:42:25,388:WARNING:c:\Users\javier\Documents\escuela_ML_2026\Machine_Learning_Intro\.venv\lib\site-packages\pycaret\internal\metrics.py:204: FitFailedWarning: Metric 'make_scorer(roc_auc_score, response_method=('decision_function', 'predict_proba'), average=weighted, multi_class=ovr)' failed and error score 0.0 has been returned instead. If this is a custom metric, this usually means that the error is in the metric code. Full exception below:
Traceback (most recent call last):
  File "c:\Users\javier\Documents\escuela_ML_2026\Machine_Learning_Intro\.venv\lib\site-packages\pycaret\internal\metrics.py", line 196, in _score
    return super()._score(
  File "c:\Users\javier\Documents\escuela_ML_2026\Machine_Learning_Intro\.venv\lib\site-packages\sklearn\metrics\_scorer.py", line 350, in _score
    return self._sign * self._score_func(y_true, y_pred, **scoring_kwargs)
  File "c:\Users\javier\Documents\escuela_ML_2026\Machine_Learning_Intro\.venv\lib\site-packages\pycaret\internal\metrics.py", line 144, in __call__
    return self.score_func(y_true, y_pred, **kwargs)
  File "c:\Users\javier\Documents\escuela_ML_2026\Machine_Learning_Intro\.venv\lib\site-packages\sklearn\utils\_param_validation.py", line 213, in wrapper
    return func(*args, **kwargs)
  File "c:\Users\javier\Documents\escuela_ML_2026\Machine_Learning_Intro\.venv\lib\site-packages\sklearn\metrics\_ranking.py", line 634, in roc_auc_score
    return _multiclass_roc_auc_score(
  File "c:\Users\javier\Documents\escuela_ML_2026\Machine_Learning_Intro\.venv\lib\site-packages\sklearn\metrics\_ranking.py", line 707, in _multiclass_roc_auc_score
    raise ValueError(
ValueError: Target scores need to be probabilities for multiclass roc_auc, i.e. they should sum up to 1.0 over classes

  warnings.warn(

2026-08-28 14:42:25,389:WARNING:c:\Users\javier\Documents\escuela_ML_2026\Machine_Learning_Intro\.venv\lib\site-packages\pycaret\internal\metrics.py:204: FitFailedWarning: Metric 'make_scorer(roc_auc_score, response_method=('decision_function', 'predict_proba'), average=weighted, multi_class=ovr)' failed and error score 0.0 has been returned instead. If this is a custom metric, this usually means that the error is in the metric code. Full exception below:
Traceback (most recent call last):
  File "c:\Users\javier\Documents\escuela_ML_2026\Machine_Learning_Intro\.venv\lib\site-packages\pycaret\internal\metrics.py", line 196, in _score
    return super()._score(
  File "c:\Users\javier\Documents\escuela_ML_2026\Machine_Learning_Intro\.venv\lib\site-packages\sklearn\metrics\_scorer.py", line 350, in _score
    return self._sign * self._score_func(y_true, y_pred, **scoring_kwargs)
  File "c:\Users\javier\Documents\escuela_ML_2026\Machine_Learning_Intro\.venv\lib\site-packages\pycaret\internal\metrics.py", line 144, in __call__
    return self.score_func(y_true, y_pred, **kwargs)
  File "c:\Users\javier\Documents\escuela_ML_2026\Machine_Learning_Intro\.venv\lib\site-packages\sklearn\utils\_param_validation.py", line 213, in wrapper
    return func(*args, **kwargs)
  File "c:\Users\javier\Documents\escuela_ML_2026\Machine_Learning_Intro\.venv\lib\site-packages\sklearn\metrics\_ranking.py", line 634, in roc_auc_score
    return _multiclass_roc_auc_score(
  File "c:\Users\javier\Documents\escuela_ML_2026\Machine_Learning_Intro\.venv\lib\site-packages\sklearn\metrics\_ranking.py", line 707, in _multiclass_roc_auc_score
    raise ValueError(
ValueError: Target scores need to be probabilities for multiclass roc_auc, i.e. they should sum up to 1.0 over classes

  warnings.warn(

2026-08-28 14:42:25,389:WARNING:c:\Users\javier\Documents\escuela_ML_2026\Machine_Learning_Intro\.venv\lib\site-packages\pycaret\internal\metrics.py:204: FitFailedWarning: Metric 'make_scorer(roc_auc_score, response_method=('decision_function', 'predict_proba'), average=weighted, multi_class=ovr)' failed and error score 0.0 has been returned instead. If this is a custom metric, this usually means that the error is in the metric code. Full exception below:
Traceback (most recent call last):
  File "c:\Users\javier\Documents\escuela_ML_2026\Machine_Learning_Intro\.venv\lib\site-packages\pycaret\internal\metrics.py", line 196, in _score
    return super()._score(
  File "c:\Users\javier\Documents\escuela_ML_2026\Machine_Learning_Intro\.venv\lib\site-packages\sklearn\metrics\_scorer.py", line 350, in _score
    return self._sign * self._score_func(y_true, y_pred, **scoring_kwargs)
  File "c:\Users\javier\Documents\escuela_ML_2026\Machine_Learning_Intro\.venv\lib\site-packages\pycaret\internal\metrics.py", line 144, in __call__
    return self.score_func(y_true, y_pred, **kwargs)
  File "c:\Users\javier\Documents\escuela_ML_2026\Machine_Learning_Intro\.venv\lib\site-packages\sklearn\utils\_param_validation.py", line 213, in wrapper
    return func(*args, **kwargs)
  File "c:\Users\javier\Documents\escuela_ML_2026\Machine_Learning_Intro\.venv\lib\site-packages\sklearn\metrics\_ranking.py", line 634, in roc_auc_score
    return _multiclass_roc_auc_score(
  File "c:\Users\javier\Documents\escuela_ML_2026\Machine_Learning_Intro\.venv\lib\site-packages\sklearn\metrics\_ranking.py", line 707, in _multiclass_roc_auc_score
    raise ValueError(
ValueError: Target scores need to be probabilities for multiclass roc_auc, i.e. they should sum up to 1.0 over classes

  warnings.warn(

2026-08-28 14:42:25,389:WARNING:c:\Users\javier\Documents\escuela_ML_2026\Machine_Learning_Intro\.venv\lib\site-packages\pycaret\internal\metrics.py:204: FitFailedWarning: Metric 'make_scorer(roc_auc_score, response_method=('decision_function', 'predict_proba'), average=weighted, multi_class=ovr)' failed and error score 0.0 has been returned instead. If this is a custom metric, this usually means that the error is in the metric code. Full exception below:
Traceback (most recent call last):
  File "c:\Users\javier\Documents\escuela_ML_2026\Machine_Learning_Intro\.venv\lib\site-packages\pycaret\internal\metrics.py", line 196, in _score
    return super()._score(
  File "c:\Users\javier\Documents\escuela_ML_2026\Machine_Learning_Intro\.venv\lib\site-packages\sklearn\metrics\_scorer.py", line 350, in _score
    return self._sign * self._score_func(y_true, y_pred, **scoring_kwargs)
  File "c:\Users\javier\Documents\escuela_ML_2026\Machine_Learning_Intro\.venv\lib\site-packages\pycaret\internal\metrics.py", line 144, in __call__
    return self.score_func(y_true, y_pred, **kwargs)
  File "c:\Users\javier\Documents\escuela_ML_2026\Machine_Learning_Intro\.venv\lib\site-packages\sklearn\utils\_param_validation.py", line 213, in wrapper
    return func(*args, **kwargs)
  File "c:\Users\javier\Documents\escuela_ML_2026\Machine_Learning_Intro\.venv\lib\site-packages\sklearn\metrics\_ranking.py", line 634, in roc_auc_score
    return _multiclass_roc_auc_score(
  File "c:\Users\javier\Documents\escuela_ML_2026\Machine_Learning_Intro\.venv\lib\site-packages\sklearn\metrics\_ranking.py", line 707, in _multiclass_roc_auc_score
    raise ValueError(
ValueError: Target scores need to be probabilities for multiclass roc_auc, i.e. they should sum up to 1.0 over classes

  warnings.warn(

2026-08-28 14:42:25,389:WARNING:c:\Users\javier\Documents\escuela_ML_2026\Machine_Learning_Intro\.venv\lib\site-packages\pycaret\internal\metrics.py:204: FitFailedWarning: Metric 'make_scorer(roc_auc_score, response_method=('decision_function', 'predict_proba'), average=weighted, multi_class=ovr)' failed and error score 0.0 has been returned instead. If this is a custom metric, this usually means that the error is in the metric code. Full exception below:
Traceback (most recent call last):
  File "c:\Users\javier\Documents\escuela_ML_2026\Machine_Learning_Intro\.venv\lib\site-packages\pycaret\internal\metrics.py", line 196, in _score
    return super()._score(
  File "c:\Users\javier\Documents\escuela_ML_2026\Machine_Learning_Intro\.venv\lib\site-packages\sklearn\metrics\_scorer.py", line 350, in _score
    return self._sign * self._score_func(y_true, y_pred, **scoring_kwargs)
  File "c:\Users\javier\Documents\escuela_ML_2026\Machine_Learning_Intro\.venv\lib\site-packages\pycaret\internal\metrics.py", line 144, in __call__
    return self.score_func(y_true, y_pred, **kwargs)
  File "c:\Users\javier\Documents\escuela_ML_2026\Machine_Learning_Intro\.venv\lib\site-packages\sklearn\utils\_param_validation.py", line 213, in wrapper
    return func(*args, **kwargs)
  File "c:\Users\javier\Documents\escuela_ML_2026\Machine_Learning_Intro\.venv\lib\site-packages\sklearn\metrics\_ranking.py", line 634, in roc_auc_score
    return _multiclass_roc_auc_score(
  File "c:\Users\javier\Documents\escuela_ML_2026\Machine_Learning_Intro\.venv\lib\site-packages\sklearn\metrics\_ranking.py", line 707, in _multiclass_roc_auc_score
    raise ValueError(
ValueError: Target scores need to be probabilities for multiclass roc_auc, i.e. they should sum up to 1.0 over classes

  warnings.warn(

2026-08-28 14:42:25,389:WARNING:c:\Users\javier\Documents\escuela_ML_2026\Machine_Learning_Intro\.venv\lib\site-packages\pycaret\internal\metrics.py:204: FitFailedWarning: Metric 'make_scorer(roc_auc_score, response_method=('decision_function', 'predict_proba'), average=weighted, multi_class=ovr)' failed and error score 0.0 has been returned instead. If this is a custom metric, this usually means that the error is in the metric code. Full exception below:
Traceback (most recent call last):
  File "c:\Users\javier\Documents\escuela_ML_2026\Machine_Learning_Intro\.venv\lib\site-packages\pycaret\internal\metrics.py", line 196, in _score
    return super()._score(
  File "c:\Users\javier\Documents\escuela_ML_2026\Machine_Learning_Intro\.venv\lib\site-packages\sklearn\metrics\_scorer.py", line 350, in _score
    return self._sign * self._score_func(y_true, y_pred, **scoring_kwargs)
  File "c:\Users\javier\Documents\escuela_ML_2026\Machine_Learning_Intro\.venv\lib\site-packages\pycaret\internal\metrics.py", line 144, in __call__
    return self.score_func(y_true, y_pred, **kwargs)
  File "c:\Users\javier\Documents\escuela_ML_2026\Machine_Learning_Intro\.venv\lib\site-packages\sklearn\utils\_param_validation.py", line 213, in wrapper
    return func(*args, **kwargs)
  File "c:\Users\javier\Documents\escuela_ML_2026\Machine_Learning_Intro\.venv\lib\site-packages\sklearn\metrics\_ranking.py", line 634, in roc_auc_score
    return _multiclass_roc_auc_score(
  File "c:\Users\javier\Documents\escuela_ML_2026\Machine_Learning_Intro\.venv\lib\site-packages\sklearn\metrics\_ranking.py", line 707, in _multiclass_roc_auc_score
    raise ValueError(
ValueError: Target scores need to be probabilities for multiclass roc_auc, i.e. they should sum up to 1.0 over classes

  warnings.warn(

2026-08-28 14:42:25,389:WARNING:c:\Users\javier\Documents\escuela_ML_2026\Machine_Learning_Intro\.venv\lib\site-packages\pycaret\internal\metrics.py:204: FitFailedWarning: Metric 'make_scorer(roc_auc_score, response_method=('decision_function', 'predict_proba'), average=weighted, multi_class=ovr)' failed and error score 0.0 has been returned instead. If this is a custom metric, this usually means that the error is in the metric code. Full exception below:
Traceback (most recent call last):
  File "c:\Users\javier\Documents\escuela_ML_2026\Machine_Learning_Intro\.venv\lib\site-packages\pycaret\internal\metrics.py", line 196, in _score
    return super()._score(
  File "c:\Users\javier\Documents\escuela_ML_2026\Machine_Learning_Intro\.venv\lib\site-packages\sklearn\metrics\_scorer.py", line 350, in _score
    return self._sign * self._score_func(y_true, y_pred, **scoring_kwargs)
  File "c:\Users\javier\Documents\escuela_ML_2026\Machine_Learning_Intro\.venv\lib\site-packages\pycaret\internal\metrics.py", line 144, in __call__
    return self.score_func(y_true, y_pred, **kwargs)
  File "c:\Users\javier\Documents\escuela_ML_2026\Machine_Learning_Intro\.venv\lib\site-packages\sklearn\utils\_param_validation.py", line 213, in wrapper
    return func(*args, **kwargs)
  File "c:\Users\javier\Documents\escuela_ML_2026\Machine_Learning_Intro\.venv\lib\site-packages\sklearn\metrics\_ranking.py", line 634, in roc_auc_score
    return _multiclass_roc_auc_score(
  File "c:\Users\javier\Documents\escuela_ML_2026\Machine_Learning_Intro\.venv\lib\site-packages\sklearn\metrics\_ranking.py", line 707, in _multiclass_roc_auc_score
    raise ValueError(
ValueError: Target scores need to be probabilities for multiclass roc_auc, i.e. they should sum up to 1.0 over classes

  warnings.warn(

2026-08-28 14:42:25,389:WARNING:c:\Users\javier\Documents\escuela_ML_2026\Machine_Learning_Intro\.venv\lib\site-packages\pycaret\internal\metrics.py:204: FitFailedWarning: Metric 'make_scorer(roc_auc_score, response_method=('decision_function', 'predict_proba'), average=weighted, multi_class=ovr)' failed and error score 0.0 has been returned instead. If this is a custom metric, this usually means that the error is in the metric code. Full exception below:
Traceback (most recent call last):
  File "c:\Users\javier\Documents\escuela_ML_2026\Machine_Learning_Intro\.venv\lib\site-packages\pycaret\internal\metrics.py", line 196, in _score
    return super()._score(
  File "c:\Users\javier\Documents\escuela_ML_2026\Machine_Learning_Intro\.venv\lib\site-packages\sklearn\metrics\_scorer.py", line 350, in _score
    return self._sign * self._score_func(y_true, y_pred, **scoring_kwargs)
  File "c:\Users\javier\Documents\escuela_ML_2026\Machine_Learning_Intro\.venv\lib\site-packages\pycaret\internal\metrics.py", line 144, in __call__
    return self.score_func(y_true, y_pred, **kwargs)
  File "c:\Users\javier\Documents\escuela_ML_2026\Machine_Learning_Intro\.venv\lib\site-packages\sklearn\utils\_param_validation.py", line 213, in wrapper
    return func(*args, **kwargs)
  File "c:\Users\javier\Documents\escuela_ML_2026\Machine_Learning_Intro\.venv\lib\site-packages\sklearn\metrics\_ranking.py", line 634, in roc_auc_score
    return _multiclass_roc_auc_score(
  File "c:\Users\javier\Documents\escuela_ML_2026\Machine_Learning_Intro\.venv\lib\site-packages\sklearn\metrics\_ranking.py", line 707, in _multiclass_roc_auc_score
    raise ValueError(
ValueError: Target scores need to be probabilities for multiclass roc_auc, i.e. they should sum up to 1.0 over classes

  warnings.warn(

2026-08-28 14:42:25,389:WARNING:c:\Users\javier\Documents\escuela_ML_2026\Machine_Learning_Intro\.venv\lib\site-packages\pycaret\internal\metrics.py:204: FitFailedWarning: Metric 'make_scorer(roc_auc_score, response_method=('decision_function', 'predict_proba'), average=weighted, multi_class=ovr)' failed and error score 0.0 has been returned instead. If this is a custom metric, this usually means that the error is in the metric code. Full exception below:
Traceback (most recent call last):
  File "c:\Users\javier\Documents\escuela_ML_2026\Machine_Learning_Intro\.venv\lib\site-packages\pycaret\internal\metrics.py", line 196, in _score
    return super()._score(
  File "c:\Users\javier\Documents\escuela_ML_2026\Machine_Learning_Intro\.venv\lib\site-packages\sklearn\metrics\_scorer.py", line 350, in _score
    return self._sign * self._score_func(y_true, y_pred, **scoring_kwargs)
  File "c:\Users\javier\Documents\escuela_ML_2026\Machine_Learning_Intro\.venv\lib\site-packages\pycaret\internal\metrics.py", line 144, in __call__
    return self.score_func(y_true, y_pred, **kwargs)
  File "c:\Users\javier\Documents\escuela_ML_2026\Machine_Learning_Intro\.venv\lib\site-packages\sklearn\utils\_param_validation.py", line 213, in wrapper
    return func(*args, **kwargs)
  File "c:\Users\javier\Documents\escuela_ML_2026\Machine_Learning_Intro\.venv\lib\site-packages\sklearn\metrics\_ranking.py", line 634, in roc_auc_score
    return _multiclass_roc_auc_score(
  File "c:\Users\javier\Documents\escuela_ML_2026\Machine_Learning_Intro\.venv\lib\site-packages\sklearn\metrics\_ranking.py", line 707, in _multiclass_roc_auc_score
    raise ValueError(
ValueError: Target scores need to be probabilities for multiclass roc_auc, i.e. they should sum up to 1.0 over classes

  warnings.warn(

2026-08-28 14:42:25,420:INFO:Calculating mean and std
2026-08-28 14:42:25,422:INFO:Creating metrics dataframe
2026-08-28 14:42:25,422:INFO:Uploading results into container
2026-08-28 14:42:25,422:INFO:Uploading model into container now
2026-08-28 14:42:25,422:INFO:_master_model_container: 6
2026-08-28 14:42:25,422:INFO:_display_container: 2
2026-08-28 14:42:25,422:INFO:RidgeClassifier(alpha=1.0, class_weight=None, copy_X=True, fit_intercept=True,
                max_iter=None, positive=False, random_state=42, solver='auto',
                tol=0.0001)
2026-08-28 14:42:25,422:INFO:create_model() successfully completed......................................
2026-08-28 14:42:25,502:INFO:SubProcess create_model() end ==================================
2026-08-28 14:42:25,502:INFO:Creating metrics dataframe
2026-08-28 14:42:25,505:INFO:Initializing Random Forest Classifier
2026-08-28 14:42:25,505:INFO:Total runtime is 0.13379759788513185 minutes
2026-08-28 14:42:25,505:INFO:SubProcess create_model() called ==================================
2026-08-28 14:42:25,505:INFO:Initializing create_model()
2026-08-28 14:42:25,505:INFO:create_model(self=<pycaret.classification.oop.ClassificationExperiment object at 0x000001A286347490>, estimator=rf, fold=StratifiedKFold(n_splits=10, random_state=None, shuffle=False), round=4, cross_validation=True, predict=True, fit_kwargs={}, groups=None, refit=False, probability_threshold=None, experiment_custom_tags=None, verbose=False, system=False, add_to_model_list=True, metrics=None, display=<pycaret.internal.display.display.CommonDisplay object at 0x000001A2862DECE0>, model_only=True, return_train_score=False, error_score=0.0, kwargs={})
2026-08-28 14:42:25,505:INFO:Checking exceptions
2026-08-28 14:42:25,505:INFO:Importing libraries
2026-08-28 14:42:25,505:INFO:Copying training dataset
2026-08-28 14:42:25,521:INFO:Defining folds
2026-08-28 14:42:25,521:INFO:Declaring metric variables
2026-08-28 14:42:25,521:INFO:Importing untrained model
2026-08-28 14:42:25,521:INFO:Random Forest Classifier Imported successfully
2026-08-28 14:42:25,538:INFO:Starting cross validation
2026-08-28 14:42:25,540:INFO:Cross validating with StratifiedKFold(n_splits=10, random_state=None, shuffle=False), n_jobs=-1
2026-08-28 14:42:25,920:INFO:Calculating mean and std
2026-08-28 14:42:25,921:INFO:Creating metrics dataframe
2026-08-28 14:42:25,924:INFO:Uploading results into container
2026-08-28 14:42:25,924:INFO:Uploading model into container now
2026-08-28 14:42:25,924:INFO:_master_model_container: 7
2026-08-28 14:42:25,924:INFO:_display_container: 2
2026-08-28 14:42:25,924:INFO:RandomForestClassifier(bootstrap=True, ccp_alpha=0.0, class_weight=None,
                       criterion='gini', max_depth=None, max_features='sqrt',
                       max_leaf_nodes=None, max_samples=None,
                       min_impurity_decrease=0.0, min_samples_leaf=1,
                       min_samples_split=2, min_weight_fraction_leaf=0.0,
                       monotonic_cst=None, n_estimators=100, n_jobs=-1,
                       oob_score=False, random_state=42, verbose=0,
                       warm_start=False)
2026-08-28 14:42:25,924:INFO:create_model() successfully completed......................................
2026-08-28 14:42:26,006:INFO:SubProcess create_model() end ==================================
2026-08-28 14:42:26,006:INFO:Creating metrics dataframe
2026-08-28 14:42:26,006:INFO:Initializing Quadratic Discriminant Analysis
2026-08-28 14:42:26,006:INFO:Total runtime is 0.1421560565630595 minutes
2026-08-28 14:42:26,020:INFO:SubProcess create_model() called ==================================
2026-08-28 14:42:26,020:INFO:Initializing create_model()
2026-08-28 14:42:26,020:INFO:create_model(self=<pycaret.classification.oop.ClassificationExperiment object at 0x000001A286347490>, estimator=qda, fold=StratifiedKFold(n_splits=10, random_state=None, shuffle=False), round=4, cross_validation=True, predict=True, fit_kwargs={}, groups=None, refit=False, probability_threshold=None, experiment_custom_tags=None, verbose=False, system=False, add_to_model_list=True, metrics=None, display=<pycaret.internal.display.display.CommonDisplay object at 0x000001A2862DECE0>, model_only=True, return_train_score=False, error_score=0.0, kwargs={})
2026-08-28 14:42:26,020:INFO:Checking exceptions
2026-08-28 14:42:26,020:INFO:Importing libraries
2026-08-28 14:42:26,020:INFO:Copying training dataset
2026-08-28 14:42:26,020:INFO:Defining folds
2026-08-28 14:42:26,020:INFO:Declaring metric variables
2026-08-28 14:42:26,020:INFO:Importing untrained model
2026-08-28 14:42:26,033:INFO:Quadratic Discriminant Analysis Imported successfully
2026-08-28 14:42:26,043:INFO:Starting cross validation
2026-08-28 14:42:26,043:INFO:Cross validating with StratifiedKFold(n_splits=10, random_state=None, shuffle=False), n_jobs=-1
2026-08-28 14:42:26,086:WARNING:c:\Users\javier\Documents\escuela_ML_2026\Machine_Learning_Intro\.venv\lib\site-packages\pycaret\internal\metrics.py:204: FitFailedWarning: Metric 'make_scorer(roc_auc_score, response_method=('decision_function', 'predict_proba'), average=weighted, multi_class=ovr)' failed and error score 0.0 has been returned instead. If this is a custom metric, this usually means that the error is in the metric code. Full exception below:
Traceback (most recent call last):
  File "c:\Users\javier\Documents\escuela_ML_2026\Machine_Learning_Intro\.venv\lib\site-packages\pycaret\internal\metrics.py", line 196, in _score
    return super()._score(
  File "c:\Users\javier\Documents\escuela_ML_2026\Machine_Learning_Intro\.venv\lib\site-packages\sklearn\metrics\_scorer.py", line 350, in _score
    return self._sign * self._score_func(y_true, y_pred, **scoring_kwargs)
  File "c:\Users\javier\Documents\escuela_ML_2026\Machine_Learning_Intro\.venv\lib\site-packages\pycaret\internal\metrics.py", line 144, in __call__
    return self.score_func(y_true, y_pred, **kwargs)
  File "c:\Users\javier\Documents\escuela_ML_2026\Machine_Learning_Intro\.venv\lib\site-packages\sklearn\utils\_param_validation.py", line 213, in wrapper
    return func(*args, **kwargs)
  File "c:\Users\javier\Documents\escuela_ML_2026\Machine_Learning_Intro\.venv\lib\site-packages\sklearn\metrics\_ranking.py", line 634, in roc_auc_score
    return _multiclass_roc_auc_score(
  File "c:\Users\javier\Documents\escuela_ML_2026\Machine_Learning_Intro\.venv\lib\site-packages\sklearn\metrics\_ranking.py", line 707, in _multiclass_roc_auc_score
    raise ValueError(
ValueError: Target scores need to be probabilities for multiclass roc_auc, i.e. they should sum up to 1.0 over classes

  warnings.warn(

2026-08-28 14:42:26,087:WARNING:c:\Users\javier\Documents\escuela_ML_2026\Machine_Learning_Intro\.venv\lib\site-packages\pycaret\internal\metrics.py:204: FitFailedWarning: Metric 'make_scorer(roc_auc_score, response_method=('decision_function', 'predict_proba'), average=weighted, multi_class=ovr)' failed and error score 0.0 has been returned instead. If this is a custom metric, this usually means that the error is in the metric code. Full exception below:
Traceback (most recent call last):
  File "c:\Users\javier\Documents\escuela_ML_2026\Machine_Learning_Intro\.venv\lib\site-packages\pycaret\internal\metrics.py", line 196, in _score
    return super()._score(
  File "c:\Users\javier\Documents\escuela_ML_2026\Machine_Learning_Intro\.venv\lib\site-packages\sklearn\metrics\_scorer.py", line 350, in _score
    return self._sign * self._score_func(y_true, y_pred, **scoring_kwargs)
  File "c:\Users\javier\Documents\escuela_ML_2026\Machine_Learning_Intro\.venv\lib\site-packages\pycaret\internal\metrics.py", line 144, in __call__
    return self.score_func(y_true, y_pred, **kwargs)
  File "c:\Users\javier\Documents\escuela_ML_2026\Machine_Learning_Intro\.venv\lib\site-packages\sklearn\utils\_param_validation.py", line 213, in wrapper
    return func(*args, **kwargs)
  File "c:\Users\javier\Documents\escuela_ML_2026\Machine_Learning_Intro\.venv\lib\site-packages\sklearn\metrics\_ranking.py", line 634, in roc_auc_score
    return _multiclass_roc_auc_score(
  File "c:\Users\javier\Documents\escuela_ML_2026\Machine_Learning_Intro\.venv\lib\site-packages\sklearn\metrics\_ranking.py", line 707, in _multiclass_roc_auc_score
    raise ValueError(
ValueError: Target scores need to be probabilities for multiclass roc_auc, i.e. they should sum up to 1.0 over classes

  warnings.warn(

2026-08-28 14:42:26,089:WARNING:c:\Users\javier\Documents\escuela_ML_2026\Machine_Learning_Intro\.venv\lib\site-packages\pycaret\internal\metrics.py:204: FitFailedWarning: Metric 'make_scorer(roc_auc_score, response_method=('decision_function', 'predict_proba'), average=weighted, multi_class=ovr)' failed and error score 0.0 has been returned instead. If this is a custom metric, this usually means that the error is in the metric code. Full exception below:
Traceback (most recent call last):
  File "c:\Users\javier\Documents\escuela_ML_2026\Machine_Learning_Intro\.venv\lib\site-packages\pycaret\internal\metrics.py", line 196, in _score
    return super()._score(
  File "c:\Users\javier\Documents\escuela_ML_2026\Machine_Learning_Intro\.venv\lib\site-packages\sklearn\metrics\_scorer.py", line 350, in _score
    return self._sign * self._score_func(y_true, y_pred, **scoring_kwargs)
  File "c:\Users\javier\Documents\escuela_ML_2026\Machine_Learning_Intro\.venv\lib\site-packages\pycaret\internal\metrics.py", line 144, in __call__
    return self.score_func(y_true, y_pred, **kwargs)
  File "c:\Users\javier\Documents\escuela_ML_2026\Machine_Learning_Intro\.venv\lib\site-packages\sklearn\utils\_param_validation.py", line 213, in wrapper
    return func(*args, **kwargs)
  File "c:\Users\javier\Documents\escuela_ML_2026\Machine_Learning_Intro\.venv\lib\site-packages\sklearn\metrics\_ranking.py", line 634, in roc_auc_score
    return _multiclass_roc_auc_score(
  File "c:\Users\javier\Documents\escuela_ML_2026\Machine_Learning_Intro\.venv\lib\site-packages\sklearn\metrics\_ranking.py", line 707, in _multiclass_roc_auc_score
    raise ValueError(
ValueError: Target scores need to be probabilities for multiclass roc_auc, i.e. they should sum up to 1.0 over classes

  warnings.warn(

2026-08-28 14:42:26,090:WARNING:c:\Users\javier\Documents\escuela_ML_2026\Machine_Learning_Intro\.venv\lib\site-packages\pycaret\internal\metrics.py:204: FitFailedWarning: Metric 'make_scorer(roc_auc_score, response_method=('decision_function', 'predict_proba'), average=weighted, multi_class=ovr)' failed and error score 0.0 has been returned instead. If this is a custom metric, this usually means that the error is in the metric code. Full exception below:
Traceback (most recent call last):
  File "c:\Users\javier\Documents\escuela_ML_2026\Machine_Learning_Intro\.venv\lib\site-packages\pycaret\internal\metrics.py", line 196, in _score
    return super()._score(
  File "c:\Users\javier\Documents\escuela_ML_2026\Machine_Learning_Intro\.venv\lib\site-packages\sklearn\metrics\_scorer.py", line 350, in _score
    return self._sign * self._score_func(y_true, y_pred, **scoring_kwargs)
  File "c:\Users\javier\Documents\escuela_ML_2026\Machine_Learning_Intro\.venv\lib\site-packages\pycaret\internal\metrics.py", line 144, in __call__
    return self.score_func(y_true, y_pred, **kwargs)
  File "c:\Users\javier\Documents\escuela_ML_2026\Machine_Learning_Intro\.venv\lib\site-packages\sklearn\utils\_param_validation.py", line 213, in wrapper
    return func(*args, **kwargs)
  File "c:\Users\javier\Documents\escuela_ML_2026\Machine_Learning_Intro\.venv\lib\site-packages\sklearn\metrics\_ranking.py", line 634, in roc_auc_score
    return _multiclass_roc_auc_score(
  File "c:\Users\javier\Documents\escuela_ML_2026\Machine_Learning_Intro\.venv\lib\site-packages\sklearn\metrics\_ranking.py", line 707, in _multiclass_roc_auc_score
    raise ValueError(
ValueError: Target scores need to be probabilities for multiclass roc_auc, i.e. they should sum up to 1.0 over classes

  warnings.warn(

2026-08-28 14:42:26,091:WARNING:c:\Users\javier\Documents\escuela_ML_2026\Machine_Learning_Intro\.venv\lib\site-packages\pycaret\internal\metrics.py:204: FitFailedWarning: Metric 'make_scorer(roc_auc_score, response_method=('decision_function', 'predict_proba'), average=weighted, multi_class=ovr)' failed and error score 0.0 has been returned instead. If this is a custom metric, this usually means that the error is in the metric code. Full exception below:
Traceback (most recent call last):
  File "c:\Users\javier\Documents\escuela_ML_2026\Machine_Learning_Intro\.venv\lib\site-packages\pycaret\internal\metrics.py", line 196, in _score
    return super()._score(
  File "c:\Users\javier\Documents\escuela_ML_2026\Machine_Learning_Intro\.venv\lib\site-packages\sklearn\metrics\_scorer.py", line 350, in _score
    return self._sign * self._score_func(y_true, y_pred, **scoring_kwargs)
  File "c:\Users\javier\Documents\escuela_ML_2026\Machine_Learning_Intro\.venv\lib\site-packages\pycaret\internal\metrics.py", line 144, in __call__
    return self.score_func(y_true, y_pred, **kwargs)
  File "c:\Users\javier\Documents\escuela_ML_2026\Machine_Learning_Intro\.venv\lib\site-packages\sklearn\utils\_param_validation.py", line 213, in wrapper
    return func(*args, **kwargs)
  File "c:\Users\javier\Documents\escuela_ML_2026\Machine_Learning_Intro\.venv\lib\site-packages\sklearn\metrics\_ranking.py", line 634, in roc_auc_score
    return _multiclass_roc_auc_score(
  File "c:\Users\javier\Documents\escuela_ML_2026\Machine_Learning_Intro\.venv\lib\site-packages\sklearn\metrics\_ranking.py", line 707, in _multiclass_roc_auc_score
    raise ValueError(
ValueError: Target scores need to be probabilities for multiclass roc_auc, i.e. they should sum up to 1.0 over classes

  warnings.warn(

2026-08-28 14:42:26,092:WARNING:c:\Users\javier\Documents\escuela_ML_2026\Machine_Learning_Intro\.venv\lib\site-packages\pycaret\internal\metrics.py:204: FitFailedWarning: Metric 'make_scorer(roc_auc_score, response_method=('decision_function', 'predict_proba'), average=weighted, multi_class=ovr)' failed and error score 0.0 has been returned instead. If this is a custom metric, this usually means that the error is in the metric code. Full exception below:
Traceback (most recent call last):
  File "c:\Users\javier\Documents\escuela_ML_2026\Machine_Learning_Intro\.venv\lib\site-packages\pycaret\internal\metrics.py", line 196, in _score
    return super()._score(
  File "c:\Users\javier\Documents\escuela_ML_2026\Machine_Learning_Intro\.venv\lib\site-packages\sklearn\metrics\_scorer.py", line 350, in _score
    return self._sign * self._score_func(y_true, y_pred, **scoring_kwargs)
  File "c:\Users\javier\Documents\escuela_ML_2026\Machine_Learning_Intro\.venv\lib\site-packages\pycaret\internal\metrics.py", line 144, in __call__
    return self.score_func(y_true, y_pred, **kwargs)
  File "c:\Users\javier\Documents\escuela_ML_2026\Machine_Learning_Intro\.venv\lib\site-packages\sklearn\utils\_param_validation.py", line 213, in wrapper
    return func(*args, **kwargs)
  File "c:\Users\javier\Documents\escuela_ML_2026\Machine_Learning_Intro\.venv\lib\site-packages\sklearn\metrics\_ranking.py", line 634, in roc_auc_score
    return _multiclass_roc_auc_score(
  File "c:\Users\javier\Documents\escuela_ML_2026\Machine_Learning_Intro\.venv\lib\site-packages\sklearn\metrics\_ranking.py", line 707, in _multiclass_roc_auc_score
    raise ValueError(
ValueError: Target scores need to be probabilities for multiclass roc_auc, i.e. they should sum up to 1.0 over classes

  warnings.warn(

2026-08-28 14:42:26,092:WARNING:c:\Users\javier\Documents\escuela_ML_2026\Machine_Learning_Intro\.venv\lib\site-packages\pycaret\internal\metrics.py:204: FitFailedWarning: Metric 'make_scorer(roc_auc_score, response_method=('decision_function', 'predict_proba'), average=weighted, multi_class=ovr)' failed and error score 0.0 has been returned instead. If this is a custom metric, this usually means that the error is in the metric code. Full exception below:
Traceback (most recent call last):
  File "c:\Users\javier\Documents\escuela_ML_2026\Machine_Learning_Intro\.venv\lib\site-packages\pycaret\internal\metrics.py", line 196, in _score
    return super()._score(
  File "c:\Users\javier\Documents\escuela_ML_2026\Machine_Learning_Intro\.venv\lib\site-packages\sklearn\metrics\_scorer.py", line 350, in _score
    return self._sign * self._score_func(y_true, y_pred, **scoring_kwargs)
  File "c:\Users\javier\Documents\escuela_ML_2026\Machine_Learning_Intro\.venv\lib\site-packages\pycaret\internal\metrics.py", line 144, in __call__
    return self.score_func(y_true, y_pred, **kwargs)
  File "c:\Users\javier\Documents\escuela_ML_2026\Machine_Learning_Intro\.venv\lib\site-packages\sklearn\utils\_param_validation.py", line 213, in wrapper
    return func(*args, **kwargs)
  File "c:\Users\javier\Documents\escuela_ML_2026\Machine_Learning_Intro\.venv\lib\site-packages\sklearn\metrics\_ranking.py", line 634, in roc_auc_score
    return _multiclass_roc_auc_score(
  File "c:\Users\javier\Documents\escuela_ML_2026\Machine_Learning_Intro\.venv\lib\site-packages\sklearn\metrics\_ranking.py", line 707, in _multiclass_roc_auc_score
    raise ValueError(
ValueError: Target scores need to be probabilities for multiclass roc_auc, i.e. they should sum up to 1.0 over classes

  warnings.warn(

2026-08-28 14:42:26,092:WARNING:c:\Users\javier\Documents\escuela_ML_2026\Machine_Learning_Intro\.venv\lib\site-packages\pycaret\internal\metrics.py:204: FitFailedWarning: Metric 'make_scorer(roc_auc_score, response_method=('decision_function', 'predict_proba'), average=weighted, multi_class=ovr)' failed and error score 0.0 has been returned instead. If this is a custom metric, this usually means that the error is in the metric code. Full exception below:
Traceback (most recent call last):
  File "c:\Users\javier\Documents\escuela_ML_2026\Machine_Learning_Intro\.venv\lib\site-packages\pycaret\internal\metrics.py", line 196, in _score
    return super()._score(
  File "c:\Users\javier\Documents\escuela_ML_2026\Machine_Learning_Intro\.venv\lib\site-packages\sklearn\metrics\_scorer.py", line 350, in _score
    return self._sign * self._score_func(y_true, y_pred, **scoring_kwargs)
  File "c:\Users\javier\Documents\escuela_ML_2026\Machine_Learning_Intro\.venv\lib\site-packages\pycaret\internal\metrics.py", line 144, in __call__
    return self.score_func(y_true, y_pred, **kwargs)
  File "c:\Users\javier\Documents\escuela_ML_2026\Machine_Learning_Intro\.venv\lib\site-packages\sklearn\utils\_param_validation.py", line 213, in wrapper
    return func(*args, **kwargs)
  File "c:\Users\javier\Documents\escuela_ML_2026\Machine_Learning_Intro\.venv\lib\site-packages\sklearn\metrics\_ranking.py", line 634, in roc_auc_score
    return _multiclass_roc_auc_score(
  File "c:\Users\javier\Documents\escuela_ML_2026\Machine_Learning_Intro\.venv\lib\site-packages\sklearn\metrics\_ranking.py", line 707, in _multiclass_roc_auc_score
    raise ValueError(
ValueError: Target scores need to be probabilities for multiclass roc_auc, i.e. they should sum up to 1.0 over classes

  warnings.warn(

2026-08-28 14:42:26,092:WARNING:c:\Users\javier\Documents\escuela_ML_2026\Machine_Learning_Intro\.venv\lib\site-packages\pycaret\internal\metrics.py:204: FitFailedWarning: Metric 'make_scorer(roc_auc_score, response_method=('decision_function', 'predict_proba'), average=weighted, multi_class=ovr)' failed and error score 0.0 has been returned instead. If this is a custom metric, this usually means that the error is in the metric code. Full exception below:
Traceback (most recent call last):
  File "c:\Users\javier\Documents\escuela_ML_2026\Machine_Learning_Intro\.venv\lib\site-packages\pycaret\internal\metrics.py", line 196, in _score
    return super()._score(
  File "c:\Users\javier\Documents\escuela_ML_2026\Machine_Learning_Intro\.venv\lib\site-packages\sklearn\metrics\_scorer.py", line 350, in _score
    return self._sign * self._score_func(y_true, y_pred, **scoring_kwargs)
  File "c:\Users\javier\Documents\escuela_ML_2026\Machine_Learning_Intro\.venv\lib\site-packages\pycaret\internal\metrics.py", line 144, in __call__
    return self.score_func(y_true, y_pred, **kwargs)
  File "c:\Users\javier\Documents\escuela_ML_2026\Machine_Learning_Intro\.venv\lib\site-packages\sklearn\utils\_param_validation.py", line 213, in wrapper
    return func(*args, **kwargs)
  File "c:\Users\javier\Documents\escuela_ML_2026\Machine_Learning_Intro\.venv\lib\site-packages\sklearn\metrics\_ranking.py", line 634, in roc_auc_score
    return _multiclass_roc_auc_score(
  File "c:\Users\javier\Documents\escuela_ML_2026\Machine_Learning_Intro\.venv\lib\site-packages\sklearn\metrics\_ranking.py", line 707, in _multiclass_roc_auc_score
    raise ValueError(
ValueError: Target scores need to be probabilities for multiclass roc_auc, i.e. they should sum up to 1.0 over classes

  warnings.warn(

2026-08-28 14:42:26,092:WARNING:c:\Users\javier\Documents\escuela_ML_2026\Machine_Learning_Intro\.venv\lib\site-packages\pycaret\internal\metrics.py:204: FitFailedWarning: Metric 'make_scorer(roc_auc_score, response_method=('decision_function', 'predict_proba'), average=weighted, multi_class=ovr)' failed and error score 0.0 has been returned instead. If this is a custom metric, this usually means that the error is in the metric code. Full exception below:
Traceback (most recent call last):
  File "c:\Users\javier\Documents\escuela_ML_2026\Machine_Learning_Intro\.venv\lib\site-packages\pycaret\internal\metrics.py", line 196, in _score
    return super()._score(
  File "c:\Users\javier\Documents\escuela_ML_2026\Machine_Learning_Intro\.venv\lib\site-packages\sklearn\metrics\_scorer.py", line 350, in _score
    return self._sign * self._score_func(y_true, y_pred, **scoring_kwargs)
  File "c:\Users\javier\Documents\escuela_ML_2026\Machine_Learning_Intro\.venv\lib\site-packages\pycaret\internal\metrics.py", line 144, in __call__
    return self.score_func(y_true, y_pred, **kwargs)
  File "c:\Users\javier\Documents\escuela_ML_2026\Machine_Learning_Intro\.venv\lib\site-packages\sklearn\utils\_param_validation.py", line 213, in wrapper
    return func(*args, **kwargs)
  File "c:\Users\javier\Documents\escuela_ML_2026\Machine_Learning_Intro\.venv\lib\site-packages\sklearn\metrics\_ranking.py", line 634, in roc_auc_score
    return _multiclass_roc_auc_score(
  File "c:\Users\javier\Documents\escuela_ML_2026\Machine_Learning_Intro\.venv\lib\site-packages\sklearn\metrics\_ranking.py", line 707, in _multiclass_roc_auc_score
    raise ValueError(
ValueError: Target scores need to be probabilities for multiclass roc_auc, i.e. they should sum up to 1.0 over classes

  warnings.warn(

2026-08-28 14:42:26,121:INFO:Calculating mean and std
2026-08-28 14:42:26,121:INFO:Creating metrics dataframe
2026-08-28 14:42:26,121:INFO:Uploading results into container
2026-08-28 14:42:26,121:INFO:Uploading model into container now
2026-08-28 14:42:26,121:INFO:_master_model_container: 8
2026-08-28 14:42:26,121:INFO:_display_container: 2
2026-08-28 14:42:26,121:INFO:QuadraticDiscriminantAnalysis(priors=None, reg_param=0.0,
                              store_covariance=False, tol=0.0001)
2026-08-28 14:42:26,121:INFO:create_model() successfully completed......................................
2026-08-28 14:42:26,202:INFO:SubProcess create_model() end ==================================
2026-08-28 14:42:26,202:INFO:Creating metrics dataframe
2026-08-28 14:42:26,204:INFO:Initializing Ada Boost Classifier
2026-08-28 14:42:26,204:INFO:Total runtime is 0.14545786778132122 minutes
2026-08-28 14:42:26,204:INFO:SubProcess create_model() called ==================================
2026-08-28 14:42:26,204:INFO:Initializing create_model()
2026-08-28 14:42:26,204:INFO:create_model(self=<pycaret.classification.oop.ClassificationExperiment object at 0x000001A286347490>, estimator=ada, fold=StratifiedKFold(n_splits=10, random_state=None, shuffle=False), round=4, cross_validation=True, predict=True, fit_kwargs={}, groups=None, refit=False, probability_threshold=None, experiment_custom_tags=None, verbose=False, system=False, add_to_model_list=True, metrics=None, display=<pycaret.internal.display.display.CommonDisplay object at 0x000001A2862DECE0>, model_only=True, return_train_score=False, error_score=0.0, kwargs={})
2026-08-28 14:42:26,204:INFO:Checking exceptions
2026-08-28 14:42:26,204:INFO:Importing libraries
2026-08-28 14:42:26,204:INFO:Copying training dataset
2026-08-28 14:42:26,222:INFO:Defining folds
2026-08-28 14:42:26,222:INFO:Declaring metric variables
2026-08-28 14:42:26,226:INFO:Importing untrained model
2026-08-28 14:42:26,228:INFO:Ada Boost Classifier Imported successfully
2026-08-28 14:42:26,244:INFO:Starting cross validation
2026-08-28 14:42:26,247:INFO:Cross validating with StratifiedKFold(n_splits=10, random_state=None, shuffle=False), n_jobs=-1
2026-08-28 14:42:26,275:WARNING:c:\Users\javier\Documents\escuela_ML_2026\Machine_Learning_Intro\.venv\lib\site-packages\sklearn\ensemble\_weight_boosting.py:519: FutureWarning: The SAMME.R algorithm (the default) is deprecated and will be removed in 1.6. Use the SAMME algorithm to circumvent this warning.
  warnings.warn(

2026-08-28 14:42:26,276:WARNING:c:\Users\javier\Documents\escuela_ML_2026\Machine_Learning_Intro\.venv\lib\site-packages\sklearn\ensemble\_weight_boosting.py:519: FutureWarning: The SAMME.R algorithm (the default) is deprecated and will be removed in 1.6. Use the SAMME algorithm to circumvent this warning.
  warnings.warn(

2026-08-28 14:42:26,278:WARNING:c:\Users\javier\Documents\escuela_ML_2026\Machine_Learning_Intro\.venv\lib\site-packages\sklearn\ensemble\_weight_boosting.py:519: FutureWarning: The SAMME.R algorithm (the default) is deprecated and will be removed in 1.6. Use the SAMME algorithm to circumvent this warning.
  warnings.warn(

2026-08-28 14:42:26,280:WARNING:c:\Users\javier\Documents\escuela_ML_2026\Machine_Learning_Intro\.venv\lib\site-packages\sklearn\ensemble\_weight_boosting.py:519: FutureWarning: The SAMME.R algorithm (the default) is deprecated and will be removed in 1.6. Use the SAMME algorithm to circumvent this warning.
  warnings.warn(

2026-08-28 14:42:26,282:WARNING:c:\Users\javier\Documents\escuela_ML_2026\Machine_Learning_Intro\.venv\lib\site-packages\sklearn\ensemble\_weight_boosting.py:519: FutureWarning: The SAMME.R algorithm (the default) is deprecated and will be removed in 1.6. Use the SAMME algorithm to circumvent this warning.
  warnings.warn(

2026-08-28 14:42:26,282:WARNING:c:\Users\javier\Documents\escuela_ML_2026\Machine_Learning_Intro\.venv\lib\site-packages\sklearn\ensemble\_weight_boosting.py:519: FutureWarning: The SAMME.R algorithm (the default) is deprecated and will be removed in 1.6. Use the SAMME algorithm to circumvent this warning.
  warnings.warn(

2026-08-28 14:42:26,288:WARNING:c:\Users\javier\Documents\escuela_ML_2026\Machine_Learning_Intro\.venv\lib\site-packages\sklearn\ensemble\_weight_boosting.py:519: FutureWarning: The SAMME.R algorithm (the default) is deprecated and will be removed in 1.6. Use the SAMME algorithm to circumvent this warning.
  warnings.warn(

2026-08-28 14:42:26,288:WARNING:c:\Users\javier\Documents\escuela_ML_2026\Machine_Learning_Intro\.venv\lib\site-packages\sklearn\ensemble\_weight_boosting.py:519: FutureWarning: The SAMME.R algorithm (the default) is deprecated and will be removed in 1.6. Use the SAMME algorithm to circumvent this warning.
  warnings.warn(

2026-08-28 14:42:26,288:WARNING:c:\Users\javier\Documents\escuela_ML_2026\Machine_Learning_Intro\.venv\lib\site-packages\sklearn\ensemble\_weight_boosting.py:519: FutureWarning: The SAMME.R algorithm (the default) is deprecated and will be removed in 1.6. Use the SAMME algorithm to circumvent this warning.
  warnings.warn(

2026-08-28 14:42:26,288:WARNING:c:\Users\javier\Documents\escuela_ML_2026\Machine_Learning_Intro\.venv\lib\site-packages\sklearn\ensemble\_weight_boosting.py:519: FutureWarning: The SAMME.R algorithm (the default) is deprecated and will be removed in 1.6. Use the SAMME algorithm to circumvent this warning.
  warnings.warn(

2026-08-28 14:42:26,415:WARNING:c:\Users\javier\Documents\escuela_ML_2026\Machine_Learning_Intro\.venv\lib\site-packages\pycaret\internal\metrics.py:204: FitFailedWarning: Metric 'make_scorer(roc_auc_score, response_method=('decision_function', 'predict_proba'), average=weighted, multi_class=ovr)' failed and error score 0.0 has been returned instead. If this is a custom metric, this usually means that the error is in the metric code. Full exception below:
Traceback (most recent call last):
  File "c:\Users\javier\Documents\escuela_ML_2026\Machine_Learning_Intro\.venv\lib\site-packages\pycaret\internal\metrics.py", line 196, in _score
    return super()._score(
  File "c:\Users\javier\Documents\escuela_ML_2026\Machine_Learning_Intro\.venv\lib\site-packages\sklearn\metrics\_scorer.py", line 350, in _score
    return self._sign * self._score_func(y_true, y_pred, **scoring_kwargs)
  File "c:\Users\javier\Documents\escuela_ML_2026\Machine_Learning_Intro\.venv\lib\site-packages\pycaret\internal\metrics.py", line 144, in __call__
    return self.score_func(y_true, y_pred, **kwargs)
  File "c:\Users\javier\Documents\escuela_ML_2026\Machine_Learning_Intro\.venv\lib\site-packages\sklearn\utils\_param_validation.py", line 213, in wrapper
    return func(*args, **kwargs)
  File "c:\Users\javier\Documents\escuela_ML_2026\Machine_Learning_Intro\.venv\lib\site-packages\sklearn\metrics\_ranking.py", line 634, in roc_auc_score
    return _multiclass_roc_auc_score(
  File "c:\Users\javier\Documents\escuela_ML_2026\Machine_Learning_Intro\.venv\lib\site-packages\sklearn\metrics\_ranking.py", line 707, in _multiclass_roc_auc_score
    raise ValueError(
ValueError: Target scores need to be probabilities for multiclass roc_auc, i.e. they should sum up to 1.0 over classes

  warnings.warn(

2026-08-28 14:42:26,423:WARNING:c:\Users\javier\Documents\escuela_ML_2026\Machine_Learning_Intro\.venv\lib\site-packages\pycaret\internal\metrics.py:204: FitFailedWarning: Metric 'make_scorer(roc_auc_score, response_method=('decision_function', 'predict_proba'), average=weighted, multi_class=ovr)' failed and error score 0.0 has been returned instead. If this is a custom metric, this usually means that the error is in the metric code. Full exception below:
Traceback (most recent call last):
  File "c:\Users\javier\Documents\escuela_ML_2026\Machine_Learning_Intro\.venv\lib\site-packages\pycaret\internal\metrics.py", line 196, in _score
    return super()._score(
  File "c:\Users\javier\Documents\escuela_ML_2026\Machine_Learning_Intro\.venv\lib\site-packages\sklearn\metrics\_scorer.py", line 350, in _score
    return self._sign * self._score_func(y_true, y_pred, **scoring_kwargs)
  File "c:\Users\javier\Documents\escuela_ML_2026\Machine_Learning_Intro\.venv\lib\site-packages\pycaret\internal\metrics.py", line 144, in __call__
    return self.score_func(y_true, y_pred, **kwargs)
  File "c:\Users\javier\Documents\escuela_ML_2026\Machine_Learning_Intro\.venv\lib\site-packages\sklearn\utils\_param_validation.py", line 213, in wrapper
    return func(*args, **kwargs)
  File "c:\Users\javier\Documents\escuela_ML_2026\Machine_Learning_Intro\.venv\lib\site-packages\sklearn\metrics\_ranking.py", line 634, in roc_auc_score
    return _multiclass_roc_auc_score(
  File "c:\Users\javier\Documents\escuela_ML_2026\Machine_Learning_Intro\.venv\lib\site-packages\sklearn\metrics\_ranking.py", line 707, in _multiclass_roc_auc_score
    raise ValueError(
ValueError: Target scores need to be probabilities for multiclass roc_auc, i.e. they should sum up to 1.0 over classes

  warnings.warn(

2026-08-28 14:42:26,425:WARNING:c:\Users\javier\Documents\escuela_ML_2026\Machine_Learning_Intro\.venv\lib\site-packages\pycaret\internal\metrics.py:204: FitFailedWarning: Metric 'make_scorer(roc_auc_score, response_method=('decision_function', 'predict_proba'), average=weighted, multi_class=ovr)' failed and error score 0.0 has been returned instead. If this is a custom metric, this usually means that the error is in the metric code. Full exception below:
Traceback (most recent call last):
  File "c:\Users\javier\Documents\escuela_ML_2026\Machine_Learning_Intro\.venv\lib\site-packages\pycaret\internal\metrics.py", line 196, in _score
    return super()._score(
  File "c:\Users\javier\Documents\escuela_ML_2026\Machine_Learning_Intro\.venv\lib\site-packages\sklearn\metrics\_scorer.py", line 350, in _score
    return self._sign * self._score_func(y_true, y_pred, **scoring_kwargs)
  File "c:\Users\javier\Documents\escuela_ML_2026\Machine_Learning_Intro\.venv\lib\site-packages\pycaret\internal\metrics.py", line 144, in __call__
    return self.score_func(y_true, y_pred, **kwargs)
  File "c:\Users\javier\Documents\escuela_ML_2026\Machine_Learning_Intro\.venv\lib\site-packages\sklearn\utils\_param_validation.py", line 213, in wrapper
    return func(*args, **kwargs)
  File "c:\Users\javier\Documents\escuela_ML_2026\Machine_Learning_Intro\.venv\lib\site-packages\sklearn\metrics\_ranking.py", line 634, in roc_auc_score
    return _multiclass_roc_auc_score(
  File "c:\Users\javier\Documents\escuela_ML_2026\Machine_Learning_Intro\.venv\lib\site-packages\sklearn\metrics\_ranking.py", line 707, in _multiclass_roc_auc_score
    raise ValueError(
ValueError: Target scores need to be probabilities for multiclass roc_auc, i.e. they should sum up to 1.0 over classes

  warnings.warn(

2026-08-28 14:42:26,425:WARNING:c:\Users\javier\Documents\escuela_ML_2026\Machine_Learning_Intro\.venv\lib\site-packages\pycaret\internal\metrics.py:204: FitFailedWarning: Metric 'make_scorer(roc_auc_score, response_method=('decision_function', 'predict_proba'), average=weighted, multi_class=ovr)' failed and error score 0.0 has been returned instead. If this is a custom metric, this usually means that the error is in the metric code. Full exception below:
Traceback (most recent call last):
  File "c:\Users\javier\Documents\escuela_ML_2026\Machine_Learning_Intro\.venv\lib\site-packages\pycaret\internal\metrics.py", line 196, in _score
    return super()._score(
  File "c:\Users\javier\Documents\escuela_ML_2026\Machine_Learning_Intro\.venv\lib\site-packages\sklearn\metrics\_scorer.py", line 350, in _score
    return self._sign * self._score_func(y_true, y_pred, **scoring_kwargs)
  File "c:\Users\javier\Documents\escuela_ML_2026\Machine_Learning_Intro\.venv\lib\site-packages\pycaret\internal\metrics.py", line 144, in __call__
    return self.score_func(y_true, y_pred, **kwargs)
  File "c:\Users\javier\Documents\escuela_ML_2026\Machine_Learning_Intro\.venv\lib\site-packages\sklearn\utils\_param_validation.py", line 213, in wrapper
    return func(*args, **kwargs)
  File "c:\Users\javier\Documents\escuela_ML_2026\Machine_Learning_Intro\.venv\lib\site-packages\sklearn\metrics\_ranking.py", line 634, in roc_auc_score
    return _multiclass_roc_auc_score(
  File "c:\Users\javier\Documents\escuela_ML_2026\Machine_Learning_Intro\.venv\lib\site-packages\sklearn\metrics\_ranking.py", line 707, in _multiclass_roc_auc_score
    raise ValueError(
ValueError: Target scores need to be probabilities for multiclass roc_auc, i.e. they should sum up to 1.0 over classes

  warnings.warn(

2026-08-28 14:42:26,425:WARNING:c:\Users\javier\Documents\escuela_ML_2026\Machine_Learning_Intro\.venv\lib\site-packages\pycaret\internal\metrics.py:204: FitFailedWarning: Metric 'make_scorer(roc_auc_score, response_method=('decision_function', 'predict_proba'), average=weighted, multi_class=ovr)' failed and error score 0.0 has been returned instead. If this is a custom metric, this usually means that the error is in the metric code. Full exception below:
Traceback (most recent call last):
  File "c:\Users\javier\Documents\escuela_ML_2026\Machine_Learning_Intro\.venv\lib\site-packages\pycaret\internal\metrics.py", line 196, in _score
    return super()._score(
  File "c:\Users\javier\Documents\escuela_ML_2026\Machine_Learning_Intro\.venv\lib\site-packages\sklearn\metrics\_scorer.py", line 350, in _score
    return self._sign * self._score_func(y_true, y_pred, **scoring_kwargs)
  File "c:\Users\javier\Documents\escuela_ML_2026\Machine_Learning_Intro\.venv\lib\site-packages\pycaret\internal\metrics.py", line 144, in __call__
    return self.score_func(y_true, y_pred, **kwargs)
  File "c:\Users\javier\Documents\escuela_ML_2026\Machine_Learning_Intro\.venv\lib\site-packages\sklearn\utils\_param_validation.py", line 213, in wrapper
    return func(*args, **kwargs)
  File "c:\Users\javier\Documents\escuela_ML_2026\Machine_Learning_Intro\.venv\lib\site-packages\sklearn\metrics\_ranking.py", line 634, in roc_auc_score
    return _multiclass_roc_auc_score(
  File "c:\Users\javier\Documents\escuela_ML_2026\Machine_Learning_Intro\.venv\lib\site-packages\sklearn\metrics\_ranking.py", line 707, in _multiclass_roc_auc_score
    raise ValueError(
ValueError: Target scores need to be probabilities for multiclass roc_auc, i.e. they should sum up to 1.0 over classes

  warnings.warn(

2026-08-28 14:42:26,430:WARNING:c:\Users\javier\Documents\escuela_ML_2026\Machine_Learning_Intro\.venv\lib\site-packages\pycaret\internal\metrics.py:204: FitFailedWarning: Metric 'make_scorer(roc_auc_score, response_method=('decision_function', 'predict_proba'), average=weighted, multi_class=ovr)' failed and error score 0.0 has been returned instead. If this is a custom metric, this usually means that the error is in the metric code. Full exception below:
Traceback (most recent call last):
  File "c:\Users\javier\Documents\escuela_ML_2026\Machine_Learning_Intro\.venv\lib\site-packages\pycaret\internal\metrics.py", line 196, in _score
    return super()._score(
  File "c:\Users\javier\Documents\escuela_ML_2026\Machine_Learning_Intro\.venv\lib\site-packages\sklearn\metrics\_scorer.py", line 350, in _score
    return self._sign * self._score_func(y_true, y_pred, **scoring_kwargs)
  File "c:\Users\javier\Documents\escuela_ML_2026\Machine_Learning_Intro\.venv\lib\site-packages\pycaret\internal\metrics.py", line 144, in __call__
    return self.score_func(y_true, y_pred, **kwargs)
  File "c:\Users\javier\Documents\escuela_ML_2026\Machine_Learning_Intro\.venv\lib\site-packages\sklearn\utils\_param_validation.py", line 213, in wrapper
    return func(*args, **kwargs)
  File "c:\Users\javier\Documents\escuela_ML_2026\Machine_Learning_Intro\.venv\lib\site-packages\sklearn\metrics\_ranking.py", line 634, in roc_auc_score
    return _multiclass_roc_auc_score(
  File "c:\Users\javier\Documents\escuela_ML_2026\Machine_Learning_Intro\.venv\lib\site-packages\sklearn\metrics\_ranking.py", line 707, in _multiclass_roc_auc_score
    raise ValueError(
ValueError: Target scores need to be probabilities for multiclass roc_auc, i.e. they should sum up to 1.0 over classes

  warnings.warn(

2026-08-28 14:42:26,430:WARNING:c:\Users\javier\Documents\escuela_ML_2026\Machine_Learning_Intro\.venv\lib\site-packages\pycaret\internal\metrics.py:204: FitFailedWarning: Metric 'make_scorer(roc_auc_score, response_method=('decision_function', 'predict_proba'), average=weighted, multi_class=ovr)' failed and error score 0.0 has been returned instead. If this is a custom metric, this usually means that the error is in the metric code. Full exception below:
Traceback (most recent call last):
  File "c:\Users\javier\Documents\escuela_ML_2026\Machine_Learning_Intro\.venv\lib\site-packages\pycaret\internal\metrics.py", line 196, in _score
    return super()._score(
  File "c:\Users\javier\Documents\escuela_ML_2026\Machine_Learning_Intro\.venv\lib\site-packages\sklearn\metrics\_scorer.py", line 350, in _score
    return self._sign * self._score_func(y_true, y_pred, **scoring_kwargs)
  File "c:\Users\javier\Documents\escuela_ML_2026\Machine_Learning_Intro\.venv\lib\site-packages\pycaret\internal\metrics.py", line 144, in __call__
    return self.score_func(y_true, y_pred, **kwargs)
  File "c:\Users\javier\Documents\escuela_ML_2026\Machine_Learning_Intro\.venv\lib\site-packages\sklearn\utils\_param_validation.py", line 213, in wrapper
    return func(*args, **kwargs)
  File "c:\Users\javier\Documents\escuela_ML_2026\Machine_Learning_Intro\.venv\lib\site-packages\sklearn\metrics\_ranking.py", line 634, in roc_auc_score
    return _multiclass_roc_auc_score(
  File "c:\Users\javier\Documents\escuela_ML_2026\Machine_Learning_Intro\.venv\lib\site-packages\sklearn\metrics\_ranking.py", line 707, in _multiclass_roc_auc_score
    raise ValueError(
ValueError: Target scores need to be probabilities for multiclass roc_auc, i.e. they should sum up to 1.0 over classes

  warnings.warn(

2026-08-28 14:42:26,430:WARNING:c:\Users\javier\Documents\escuela_ML_2026\Machine_Learning_Intro\.venv\lib\site-packages\pycaret\internal\metrics.py:204: FitFailedWarning: Metric 'make_scorer(roc_auc_score, response_method=('decision_function', 'predict_proba'), average=weighted, multi_class=ovr)' failed and error score 0.0 has been returned instead. If this is a custom metric, this usually means that the error is in the metric code. Full exception below:
Traceback (most recent call last):
  File "c:\Users\javier\Documents\escuela_ML_2026\Machine_Learning_Intro\.venv\lib\site-packages\pycaret\internal\metrics.py", line 196, in _score
    return super()._score(
  File "c:\Users\javier\Documents\escuela_ML_2026\Machine_Learning_Intro\.venv\lib\site-packages\sklearn\metrics\_scorer.py", line 350, in _score
    return self._sign * self._score_func(y_true, y_pred, **scoring_kwargs)
  File "c:\Users\javier\Documents\escuela_ML_2026\Machine_Learning_Intro\.venv\lib\site-packages\pycaret\internal\metrics.py", line 144, in __call__
    return self.score_func(y_true, y_pred, **kwargs)
  File "c:\Users\javier\Documents\escuela_ML_2026\Machine_Learning_Intro\.venv\lib\site-packages\sklearn\utils\_param_validation.py", line 213, in wrapper
    return func(*args, **kwargs)
  File "c:\Users\javier\Documents\escuela_ML_2026\Machine_Learning_Intro\.venv\lib\site-packages\sklearn\metrics\_ranking.py", line 634, in roc_auc_score
    return _multiclass_roc_auc_score(
  File "c:\Users\javier\Documents\escuela_ML_2026\Machine_Learning_Intro\.venv\lib\site-packages\sklearn\metrics\_ranking.py", line 707, in _multiclass_roc_auc_score
    raise ValueError(
ValueError: Target scores need to be probabilities for multiclass roc_auc, i.e. they should sum up to 1.0 over classes

  warnings.warn(

2026-08-28 14:42:26,438:WARNING:c:\Users\javier\Documents\escuela_ML_2026\Machine_Learning_Intro\.venv\lib\site-packages\pycaret\internal\metrics.py:204: FitFailedWarning: Metric 'make_scorer(roc_auc_score, response_method=('decision_function', 'predict_proba'), average=weighted, multi_class=ovr)' failed and error score 0.0 has been returned instead. If this is a custom metric, this usually means that the error is in the metric code. Full exception below:
Traceback (most recent call last):
  File "c:\Users\javier\Documents\escuela_ML_2026\Machine_Learning_Intro\.venv\lib\site-packages\pycaret\internal\metrics.py", line 196, in _score
    return super()._score(
  File "c:\Users\javier\Documents\escuela_ML_2026\Machine_Learning_Intro\.venv\lib\site-packages\sklearn\metrics\_scorer.py", line 350, in _score
    return self._sign * self._score_func(y_true, y_pred, **scoring_kwargs)
  File "c:\Users\javier\Documents\escuela_ML_2026\Machine_Learning_Intro\.venv\lib\site-packages\pycaret\internal\metrics.py", line 144, in __call__
    return self.score_func(y_true, y_pred, **kwargs)
  File "c:\Users\javier\Documents\escuela_ML_2026\Machine_Learning_Intro\.venv\lib\site-packages\sklearn\utils\_param_validation.py", line 213, in wrapper
    return func(*args, **kwargs)
  File "c:\Users\javier\Documents\escuela_ML_2026\Machine_Learning_Intro\.venv\lib\site-packages\sklearn\metrics\_ranking.py", line 634, in roc_auc_score
    return _multiclass_roc_auc_score(
  File "c:\Users\javier\Documents\escuela_ML_2026\Machine_Learning_Intro\.venv\lib\site-packages\sklearn\metrics\_ranking.py", line 707, in _multiclass_roc_auc_score
    raise ValueError(
ValueError: Target scores need to be probabilities for multiclass roc_auc, i.e. they should sum up to 1.0 over classes

  warnings.warn(

2026-08-28 14:42:26,443:WARNING:c:\Users\javier\Documents\escuela_ML_2026\Machine_Learning_Intro\.venv\lib\site-packages\pycaret\internal\metrics.py:204: FitFailedWarning: Metric 'make_scorer(roc_auc_score, response_method=('decision_function', 'predict_proba'), average=weighted, multi_class=ovr)' failed and error score 0.0 has been returned instead. If this is a custom metric, this usually means that the error is in the metric code. Full exception below:
Traceback (most recent call last):
  File "c:\Users\javier\Documents\escuela_ML_2026\Machine_Learning_Intro\.venv\lib\site-packages\pycaret\internal\metrics.py", line 196, in _score
    return super()._score(
  File "c:\Users\javier\Documents\escuela_ML_2026\Machine_Learning_Intro\.venv\lib\site-packages\sklearn\metrics\_scorer.py", line 350, in _score
    return self._sign * self._score_func(y_true, y_pred, **scoring_kwargs)
  File "c:\Users\javier\Documents\escuela_ML_2026\Machine_Learning_Intro\.venv\lib\site-packages\pycaret\internal\metrics.py", line 144, in __call__
    return self.score_func(y_true, y_pred, **kwargs)
  File "c:\Users\javier\Documents\escuela_ML_2026\Machine_Learning_Intro\.venv\lib\site-packages\sklearn\utils\_param_validation.py", line 213, in wrapper
    return func(*args, **kwargs)
  File "c:\Users\javier\Documents\escuela_ML_2026\Machine_Learning_Intro\.venv\lib\site-packages\sklearn\metrics\_ranking.py", line 634, in roc_auc_score
    return _multiclass_roc_auc_score(
  File "c:\Users\javier\Documents\escuela_ML_2026\Machine_Learning_Intro\.venv\lib\site-packages\sklearn\metrics\_ranking.py", line 707, in _multiclass_roc_auc_score
    raise ValueError(
ValueError: Target scores need to be probabilities for multiclass roc_auc, i.e. they should sum up to 1.0 over classes

  warnings.warn(

2026-08-28 14:42:26,453:INFO:Calculating mean and std
2026-08-28 14:42:26,454:INFO:Creating metrics dataframe
2026-08-28 14:42:26,458:INFO:Uploading results into container
2026-08-28 14:42:26,458:INFO:Uploading model into container now
2026-08-28 14:42:26,459:INFO:_master_model_container: 9
2026-08-28 14:42:26,460:INFO:_display_container: 2
2026-08-28 14:42:26,460:INFO:AdaBoostClassifier(algorithm='SAMME.R', estimator=None, learning_rate=1.0,
                   n_estimators=50, random_state=42)
2026-08-28 14:42:26,460:INFO:create_model() successfully completed......................................
2026-08-28 14:42:26,538:INFO:SubProcess create_model() end ==================================
2026-08-28 14:42:26,538:INFO:Creating metrics dataframe
2026-08-28 14:42:26,538:INFO:Initializing Gradient Boosting Classifier
2026-08-28 14:42:26,538:INFO:Total runtime is 0.15101344188054405 minutes
2026-08-28 14:42:26,555:INFO:SubProcess create_model() called ==================================
2026-08-28 14:42:26,555:INFO:Initializing create_model()
2026-08-28 14:42:26,555:INFO:create_model(self=<pycaret.classification.oop.ClassificationExperiment object at 0x000001A286347490>, estimator=gbc, fold=StratifiedKFold(n_splits=10, random_state=None, shuffle=False), round=4, cross_validation=True, predict=True, fit_kwargs={}, groups=None, refit=False, probability_threshold=None, experiment_custom_tags=None, verbose=False, system=False, add_to_model_list=True, metrics=None, display=<pycaret.internal.display.display.CommonDisplay object at 0x000001A2862DECE0>, model_only=True, return_train_score=False, error_score=0.0, kwargs={})
2026-08-28 14:42:26,555:INFO:Checking exceptions
2026-08-28 14:42:26,555:INFO:Importing libraries
2026-08-28 14:42:26,555:INFO:Copying training dataset
2026-08-28 14:42:26,563:INFO:Defining folds
2026-08-28 14:42:26,563:INFO:Declaring metric variables
2026-08-28 14:42:26,567:INFO:Importing untrained model
2026-08-28 14:42:26,572:INFO:Gradient Boosting Classifier Imported successfully
2026-08-28 14:42:26,581:INFO:Starting cross validation
2026-08-28 14:42:26,581:INFO:Cross validating with StratifiedKFold(n_splits=10, random_state=None, shuffle=False), n_jobs=-1
2026-08-28 14:42:27,053:WARNING:c:\Users\javier\Documents\escuela_ML_2026\Machine_Learning_Intro\.venv\lib\site-packages\pycaret\internal\metrics.py:204: FitFailedWarning: Metric 'make_scorer(roc_auc_score, response_method=('decision_function', 'predict_proba'), average=weighted, multi_class=ovr)' failed and error score 0.0 has been returned instead. If this is a custom metric, this usually means that the error is in the metric code. Full exception below:
Traceback (most recent call last):
  File "c:\Users\javier\Documents\escuela_ML_2026\Machine_Learning_Intro\.venv\lib\site-packages\pycaret\internal\metrics.py", line 196, in _score
    return super()._score(
  File "c:\Users\javier\Documents\escuela_ML_2026\Machine_Learning_Intro\.venv\lib\site-packages\sklearn\metrics\_scorer.py", line 350, in _score
    return self._sign * self._score_func(y_true, y_pred, **scoring_kwargs)
  File "c:\Users\javier\Documents\escuela_ML_2026\Machine_Learning_Intro\.venv\lib\site-packages\pycaret\internal\metrics.py", line 144, in __call__
    return self.score_func(y_true, y_pred, **kwargs)
  File "c:\Users\javier\Documents\escuela_ML_2026\Machine_Learning_Intro\.venv\lib\site-packages\sklearn\utils\_param_validation.py", line 213, in wrapper
    return func(*args, **kwargs)
  File "c:\Users\javier\Documents\escuela_ML_2026\Machine_Learning_Intro\.venv\lib\site-packages\sklearn\metrics\_ranking.py", line 634, in roc_auc_score
    return _multiclass_roc_auc_score(
  File "c:\Users\javier\Documents\escuela_ML_2026\Machine_Learning_Intro\.venv\lib\site-packages\sklearn\metrics\_ranking.py", line 707, in _multiclass_roc_auc_score
    raise ValueError(
ValueError: Target scores need to be probabilities for multiclass roc_auc, i.e. they should sum up to 1.0 over classes

  warnings.warn(

2026-08-28 14:42:27,055:WARNING:c:\Users\javier\Documents\escuela_ML_2026\Machine_Learning_Intro\.venv\lib\site-packages\pycaret\internal\metrics.py:204: FitFailedWarning: Metric 'make_scorer(roc_auc_score, response_method=('decision_function', 'predict_proba'), average=weighted, multi_class=ovr)' failed and error score 0.0 has been returned instead. If this is a custom metric, this usually means that the error is in the metric code. Full exception below:
Traceback (most recent call last):
  File "c:\Users\javier\Documents\escuela_ML_2026\Machine_Learning_Intro\.venv\lib\site-packages\pycaret\internal\metrics.py", line 196, in _score
    return super()._score(
  File "c:\Users\javier\Documents\escuela_ML_2026\Machine_Learning_Intro\.venv\lib\site-packages\sklearn\metrics\_scorer.py", line 350, in _score
    return self._sign * self._score_func(y_true, y_pred, **scoring_kwargs)
  File "c:\Users\javier\Documents\escuela_ML_2026\Machine_Learning_Intro\.venv\lib\site-packages\pycaret\internal\metrics.py", line 144, in __call__
    return self.score_func(y_true, y_pred, **kwargs)
  File "c:\Users\javier\Documents\escuela_ML_2026\Machine_Learning_Intro\.venv\lib\site-packages\sklearn\utils\_param_validation.py", line 213, in wrapper
    return func(*args, **kwargs)
  File "c:\Users\javier\Documents\escuela_ML_2026\Machine_Learning_Intro\.venv\lib\site-packages\sklearn\metrics\_ranking.py", line 634, in roc_auc_score
    return _multiclass_roc_auc_score(
  File "c:\Users\javier\Documents\escuela_ML_2026\Machine_Learning_Intro\.venv\lib\site-packages\sklearn\metrics\_ranking.py", line 707, in _multiclass_roc_auc_score
    raise ValueError(
ValueError: Target scores need to be probabilities for multiclass roc_auc, i.e. they should sum up to 1.0 over classes

  warnings.warn(

2026-08-28 14:42:27,055:WARNING:c:\Users\javier\Documents\escuela_ML_2026\Machine_Learning_Intro\.venv\lib\site-packages\pycaret\internal\metrics.py:204: FitFailedWarning: Metric 'make_scorer(roc_auc_score, response_method=('decision_function', 'predict_proba'), average=weighted, multi_class=ovr)' failed and error score 0.0 has been returned instead. If this is a custom metric, this usually means that the error is in the metric code. Full exception below:
Traceback (most recent call last):
  File "c:\Users\javier\Documents\escuela_ML_2026\Machine_Learning_Intro\.venv\lib\site-packages\pycaret\internal\metrics.py", line 196, in _score
    return super()._score(
  File "c:\Users\javier\Documents\escuela_ML_2026\Machine_Learning_Intro\.venv\lib\site-packages\sklearn\metrics\_scorer.py", line 350, in _score
    return self._sign * self._score_func(y_true, y_pred, **scoring_kwargs)
  File "c:\Users\javier\Documents\escuela_ML_2026\Machine_Learning_Intro\.venv\lib\site-packages\pycaret\internal\metrics.py", line 144, in __call__
    return self.score_func(y_true, y_pred, **kwargs)
  File "c:\Users\javier\Documents\escuela_ML_2026\Machine_Learning_Intro\.venv\lib\site-packages\sklearn\utils\_param_validation.py", line 213, in wrapper
    return func(*args, **kwargs)
  File "c:\Users\javier\Documents\escuela_ML_2026\Machine_Learning_Intro\.venv\lib\site-packages\sklearn\metrics\_ranking.py", line 634, in roc_auc_score
    return _multiclass_roc_auc_score(
  File "c:\Users\javier\Documents\escuela_ML_2026\Machine_Learning_Intro\.venv\lib\site-packages\sklearn\metrics\_ranking.py", line 707, in _multiclass_roc_auc_score
    raise ValueError(
ValueError: Target scores need to be probabilities for multiclass roc_auc, i.e. they should sum up to 1.0 over classes

  warnings.warn(

2026-08-28 14:42:27,064:WARNING:c:\Users\javier\Documents\escuela_ML_2026\Machine_Learning_Intro\.venv\lib\site-packages\pycaret\internal\metrics.py:204: FitFailedWarning: Metric 'make_scorer(roc_auc_score, response_method=('decision_function', 'predict_proba'), average=weighted, multi_class=ovr)' failed and error score 0.0 has been returned instead. If this is a custom metric, this usually means that the error is in the metric code. Full exception below:
Traceback (most recent call last):
  File "c:\Users\javier\Documents\escuela_ML_2026\Machine_Learning_Intro\.venv\lib\site-packages\pycaret\internal\metrics.py", line 196, in _score
    return super()._score(
  File "c:\Users\javier\Documents\escuela_ML_2026\Machine_Learning_Intro\.venv\lib\site-packages\sklearn\metrics\_scorer.py", line 350, in _score
    return self._sign * self._score_func(y_true, y_pred, **scoring_kwargs)
  File "c:\Users\javier\Documents\escuela_ML_2026\Machine_Learning_Intro\.venv\lib\site-packages\pycaret\internal\metrics.py", line 144, in __call__
    return self.score_func(y_true, y_pred, **kwargs)
  File "c:\Users\javier\Documents\escuela_ML_2026\Machine_Learning_Intro\.venv\lib\site-packages\sklearn\utils\_param_validation.py", line 213, in wrapper
    return func(*args, **kwargs)
  File "c:\Users\javier\Documents\escuela_ML_2026\Machine_Learning_Intro\.venv\lib\site-packages\sklearn\metrics\_ranking.py", line 634, in roc_auc_score
    return _multiclass_roc_auc_score(
  File "c:\Users\javier\Documents\escuela_ML_2026\Machine_Learning_Intro\.venv\lib\site-packages\sklearn\metrics\_ranking.py", line 707, in _multiclass_roc_auc_score
    raise ValueError(
ValueError: Target scores need to be probabilities for multiclass roc_auc, i.e. they should sum up to 1.0 over classes

  warnings.warn(

2026-08-28 14:42:27,070:WARNING:c:\Users\javier\Documents\escuela_ML_2026\Machine_Learning_Intro\.venv\lib\site-packages\pycaret\internal\metrics.py:204: FitFailedWarning: Metric 'make_scorer(roc_auc_score, response_method=('decision_function', 'predict_proba'), average=weighted, multi_class=ovr)' failed and error score 0.0 has been returned instead. If this is a custom metric, this usually means that the error is in the metric code. Full exception below:
Traceback (most recent call last):
  File "c:\Users\javier\Documents\escuela_ML_2026\Machine_Learning_Intro\.venv\lib\site-packages\pycaret\internal\metrics.py", line 196, in _score
    return super()._score(
  File "c:\Users\javier\Documents\escuela_ML_2026\Machine_Learning_Intro\.venv\lib\site-packages\sklearn\metrics\_scorer.py", line 350, in _score
    return self._sign * self._score_func(y_true, y_pred, **scoring_kwargs)
  File "c:\Users\javier\Documents\escuela_ML_2026\Machine_Learning_Intro\.venv\lib\site-packages\pycaret\internal\metrics.py", line 144, in __call__
    return self.score_func(y_true, y_pred, **kwargs)
  File "c:\Users\javier\Documents\escuela_ML_2026\Machine_Learning_Intro\.venv\lib\site-packages\sklearn\utils\_param_validation.py", line 213, in wrapper
    return func(*args, **kwargs)
  File "c:\Users\javier\Documents\escuela_ML_2026\Machine_Learning_Intro\.venv\lib\site-packages\sklearn\metrics\_ranking.py", line 634, in roc_auc_score
    return _multiclass_roc_auc_score(
  File "c:\Users\javier\Documents\escuela_ML_2026\Machine_Learning_Intro\.venv\lib\site-packages\sklearn\metrics\_ranking.py", line 707, in _multiclass_roc_auc_score
    raise ValueError(
ValueError: Target scores need to be probabilities for multiclass roc_auc, i.e. they should sum up to 1.0 over classes

  warnings.warn(

2026-08-28 14:42:27,074:WARNING:c:\Users\javier\Documents\escuela_ML_2026\Machine_Learning_Intro\.venv\lib\site-packages\pycaret\internal\metrics.py:204: FitFailedWarning: Metric 'make_scorer(roc_auc_score, response_method=('decision_function', 'predict_proba'), average=weighted, multi_class=ovr)' failed and error score 0.0 has been returned instead. If this is a custom metric, this usually means that the error is in the metric code. Full exception below:
Traceback (most recent call last):
  File "c:\Users\javier\Documents\escuela_ML_2026\Machine_Learning_Intro\.venv\lib\site-packages\pycaret\internal\metrics.py", line 196, in _score
    return super()._score(
  File "c:\Users\javier\Documents\escuela_ML_2026\Machine_Learning_Intro\.venv\lib\site-packages\sklearn\metrics\_scorer.py", line 350, in _score
    return self._sign * self._score_func(y_true, y_pred, **scoring_kwargs)
  File "c:\Users\javier\Documents\escuela_ML_2026\Machine_Learning_Intro\.venv\lib\site-packages\pycaret\internal\metrics.py", line 144, in __call__
    return self.score_func(y_true, y_pred, **kwargs)
  File "c:\Users\javier\Documents\escuela_ML_2026\Machine_Learning_Intro\.venv\lib\site-packages\sklearn\utils\_param_validation.py", line 213, in wrapper
    return func(*args, **kwargs)
  File "c:\Users\javier\Documents\escuela_ML_2026\Machine_Learning_Intro\.venv\lib\site-packages\sklearn\metrics\_ranking.py", line 634, in roc_auc_score
    return _multiclass_roc_auc_score(
  File "c:\Users\javier\Documents\escuela_ML_2026\Machine_Learning_Intro\.venv\lib\site-packages\sklearn\metrics\_ranking.py", line 707, in _multiclass_roc_auc_score
    raise ValueError(
ValueError: Target scores need to be probabilities for multiclass roc_auc, i.e. they should sum up to 1.0 over classes

  warnings.warn(

2026-08-28 14:42:27,074:WARNING:c:\Users\javier\Documents\escuela_ML_2026\Machine_Learning_Intro\.venv\lib\site-packages\pycaret\internal\metrics.py:204: FitFailedWarning: Metric 'make_scorer(roc_auc_score, response_method=('decision_function', 'predict_proba'), average=weighted, multi_class=ovr)' failed and error score 0.0 has been returned instead. If this is a custom metric, this usually means that the error is in the metric code. Full exception below:
Traceback (most recent call last):
  File "c:\Users\javier\Documents\escuela_ML_2026\Machine_Learning_Intro\.venv\lib\site-packages\pycaret\internal\metrics.py", line 196, in _score
    return super()._score(
  File "c:\Users\javier\Documents\escuela_ML_2026\Machine_Learning_Intro\.venv\lib\site-packages\sklearn\metrics\_scorer.py", line 350, in _score
    return self._sign * self._score_func(y_true, y_pred, **scoring_kwargs)
  File "c:\Users\javier\Documents\escuela_ML_2026\Machine_Learning_Intro\.venv\lib\site-packages\pycaret\internal\metrics.py", line 144, in __call__
    return self.score_func(y_true, y_pred, **kwargs)
  File "c:\Users\javier\Documents\escuela_ML_2026\Machine_Learning_Intro\.venv\lib\site-packages\sklearn\utils\_param_validation.py", line 213, in wrapper
    return func(*args, **kwargs)
  File "c:\Users\javier\Documents\escuela_ML_2026\Machine_Learning_Intro\.venv\lib\site-packages\sklearn\metrics\_ranking.py", line 634, in roc_auc_score
    return _multiclass_roc_auc_score(
  File "c:\Users\javier\Documents\escuela_ML_2026\Machine_Learning_Intro\.venv\lib\site-packages\sklearn\metrics\_ranking.py", line 707, in _multiclass_roc_auc_score
    raise ValueError(
ValueError: Target scores need to be probabilities for multiclass roc_auc, i.e. they should sum up to 1.0 over classes

  warnings.warn(

2026-08-28 14:42:27,082:WARNING:c:\Users\javier\Documents\escuela_ML_2026\Machine_Learning_Intro\.venv\lib\site-packages\pycaret\internal\metrics.py:204: FitFailedWarning: Metric 'make_scorer(roc_auc_score, response_method=('decision_function', 'predict_proba'), average=weighted, multi_class=ovr)' failed and error score 0.0 has been returned instead. If this is a custom metric, this usually means that the error is in the metric code. Full exception below:
Traceback (most recent call last):
  File "c:\Users\javier\Documents\escuela_ML_2026\Machine_Learning_Intro\.venv\lib\site-packages\pycaret\internal\metrics.py", line 196, in _score
    return super()._score(
  File "c:\Users\javier\Documents\escuela_ML_2026\Machine_Learning_Intro\.venv\lib\site-packages\sklearn\metrics\_scorer.py", line 350, in _score
    return self._sign * self._score_func(y_true, y_pred, **scoring_kwargs)
  File "c:\Users\javier\Documents\escuela_ML_2026\Machine_Learning_Intro\.venv\lib\site-packages\pycaret\internal\metrics.py", line 144, in __call__
    return self.score_func(y_true, y_pred, **kwargs)
  File "c:\Users\javier\Documents\escuela_ML_2026\Machine_Learning_Intro\.venv\lib\site-packages\sklearn\utils\_param_validation.py", line 213, in wrapper
    return func(*args, **kwargs)
  File "c:\Users\javier\Documents\escuela_ML_2026\Machine_Learning_Intro\.venv\lib\site-packages\sklearn\metrics\_ranking.py", line 634, in roc_auc_score
    return _multiclass_roc_auc_score(
  File "c:\Users\javier\Documents\escuela_ML_2026\Machine_Learning_Intro\.venv\lib\site-packages\sklearn\metrics\_ranking.py", line 707, in _multiclass_roc_auc_score
    raise ValueError(
ValueError: Target scores need to be probabilities for multiclass roc_auc, i.e. they should sum up to 1.0 over classes

  warnings.warn(

2026-08-28 14:42:27,103:INFO:Calculating mean and std
2026-08-28 14:42:27,104:INFO:Creating metrics dataframe
2026-08-28 14:42:27,109:INFO:Uploading results into container
2026-08-28 14:42:27,109:INFO:Uploading model into container now
2026-08-28 14:42:27,109:INFO:_master_model_container: 10
2026-08-28 14:42:27,109:INFO:_display_container: 2
2026-08-28 14:42:27,109:INFO:GradientBoostingClassifier(ccp_alpha=0.0, criterion='friedman_mse', init=None,
                           learning_rate=0.1, loss='log_loss', max_depth=3,
                           max_features=None, max_leaf_nodes=None,
                           min_impurity_decrease=0.0, min_samples_leaf=1,
                           min_samples_split=2, min_weight_fraction_leaf=0.0,
                           n_estimators=100, n_iter_no_change=None,
                           random_state=42, subsample=1.0, tol=0.0001,
                           validation_fraction=0.1, verbose=0,
                           warm_start=False)
2026-08-28 14:42:27,109:INFO:create_model() successfully completed......................................
2026-08-28 14:42:27,188:INFO:SubProcess create_model() end ==================================
2026-08-28 14:42:27,188:INFO:Creating metrics dataframe
2026-08-28 14:42:27,197:INFO:Initializing Linear Discriminant Analysis
2026-08-28 14:42:27,197:INFO:Total runtime is 0.1620017449061076 minutes
2026-08-28 14:42:27,202:INFO:SubProcess create_model() called ==================================
2026-08-28 14:42:27,203:INFO:Initializing create_model()
2026-08-28 14:42:27,203:INFO:create_model(self=<pycaret.classification.oop.ClassificationExperiment object at 0x000001A286347490>, estimator=lda, fold=StratifiedKFold(n_splits=10, random_state=None, shuffle=False), round=4, cross_validation=True, predict=True, fit_kwargs={}, groups=None, refit=False, probability_threshold=None, experiment_custom_tags=None, verbose=False, system=False, add_to_model_list=True, metrics=None, display=<pycaret.internal.display.display.CommonDisplay object at 0x000001A2862DECE0>, model_only=True, return_train_score=False, error_score=0.0, kwargs={})
2026-08-28 14:42:27,203:INFO:Checking exceptions
2026-08-28 14:42:27,203:INFO:Importing libraries
2026-08-28 14:42:27,203:INFO:Copying training dataset
2026-08-28 14:42:27,207:INFO:Defining folds
2026-08-28 14:42:27,207:INFO:Declaring metric variables
2026-08-28 14:42:27,211:INFO:Importing untrained model
2026-08-28 14:42:27,217:INFO:Linear Discriminant Analysis Imported successfully
2026-08-28 14:42:27,225:INFO:Starting cross validation
2026-08-28 14:42:27,225:INFO:Cross validating with StratifiedKFold(n_splits=10, random_state=None, shuffle=False), n_jobs=-1
2026-08-28 14:42:27,273:WARNING:c:\Users\javier\Documents\escuela_ML_2026\Machine_Learning_Intro\.venv\lib\site-packages\pycaret\internal\metrics.py:204: FitFailedWarning: Metric 'make_scorer(roc_auc_score, response_method=('decision_function', 'predict_proba'), average=weighted, multi_class=ovr)' failed and error score 0.0 has been returned instead. If this is a custom metric, this usually means that the error is in the metric code. Full exception below:
Traceback (most recent call last):
  File "c:\Users\javier\Documents\escuela_ML_2026\Machine_Learning_Intro\.venv\lib\site-packages\pycaret\internal\metrics.py", line 196, in _score
    return super()._score(
  File "c:\Users\javier\Documents\escuela_ML_2026\Machine_Learning_Intro\.venv\lib\site-packages\sklearn\metrics\_scorer.py", line 350, in _score
    return self._sign * self._score_func(y_true, y_pred, **scoring_kwargs)
  File "c:\Users\javier\Documents\escuela_ML_2026\Machine_Learning_Intro\.venv\lib\site-packages\pycaret\internal\metrics.py", line 144, in __call__
    return self.score_func(y_true, y_pred, **kwargs)
  File "c:\Users\javier\Documents\escuela_ML_2026\Machine_Learning_Intro\.venv\lib\site-packages\sklearn\utils\_param_validation.py", line 213, in wrapper
    return func(*args, **kwargs)
  File "c:\Users\javier\Documents\escuela_ML_2026\Machine_Learning_Intro\.venv\lib\site-packages\sklearn\metrics\_ranking.py", line 634, in roc_auc_score
    return _multiclass_roc_auc_score(
  File "c:\Users\javier\Documents\escuela_ML_2026\Machine_Learning_Intro\.venv\lib\site-packages\sklearn\metrics\_ranking.py", line 707, in _multiclass_roc_auc_score
    raise ValueError(
ValueError: Target scores need to be probabilities for multiclass roc_auc, i.e. they should sum up to 1.0 over classes

  warnings.warn(

2026-08-28 14:42:27,273:WARNING:c:\Users\javier\Documents\escuela_ML_2026\Machine_Learning_Intro\.venv\lib\site-packages\pycaret\internal\metrics.py:204: FitFailedWarning: Metric 'make_scorer(roc_auc_score, response_method=('decision_function', 'predict_proba'), average=weighted, multi_class=ovr)' failed and error score 0.0 has been returned instead. If this is a custom metric, this usually means that the error is in the metric code. Full exception below:
Traceback (most recent call last):
  File "c:\Users\javier\Documents\escuela_ML_2026\Machine_Learning_Intro\.venv\lib\site-packages\pycaret\internal\metrics.py", line 196, in _score
    return super()._score(
  File "c:\Users\javier\Documents\escuela_ML_2026\Machine_Learning_Intro\.venv\lib\site-packages\sklearn\metrics\_scorer.py", line 350, in _score
    return self._sign * self._score_func(y_true, y_pred, **scoring_kwargs)
  File "c:\Users\javier\Documents\escuela_ML_2026\Machine_Learning_Intro\.venv\lib\site-packages\pycaret\internal\metrics.py", line 144, in __call__
    return self.score_func(y_true, y_pred, **kwargs)
  File "c:\Users\javier\Documents\escuela_ML_2026\Machine_Learning_Intro\.venv\lib\site-packages\sklearn\utils\_param_validation.py", line 213, in wrapper
    return func(*args, **kwargs)
  File "c:\Users\javier\Documents\escuela_ML_2026\Machine_Learning_Intro\.venv\lib\site-packages\sklearn\metrics\_ranking.py", line 634, in roc_auc_score
    return _multiclass_roc_auc_score(
  File "c:\Users\javier\Documents\escuela_ML_2026\Machine_Learning_Intro\.venv\lib\site-packages\sklearn\metrics\_ranking.py", line 707, in _multiclass_roc_auc_score
    raise ValueError(
ValueError: Target scores need to be probabilities for multiclass roc_auc, i.e. they should sum up to 1.0 over classes

  warnings.warn(

2026-08-28 14:42:27,275:WARNING:c:\Users\javier\Documents\escuela_ML_2026\Machine_Learning_Intro\.venv\lib\site-packages\pycaret\internal\metrics.py:204: FitFailedWarning: Metric 'make_scorer(roc_auc_score, response_method=('decision_function', 'predict_proba'), average=weighted, multi_class=ovr)' failed and error score 0.0 has been returned instead. If this is a custom metric, this usually means that the error is in the metric code. Full exception below:
Traceback (most recent call last):
  File "c:\Users\javier\Documents\escuela_ML_2026\Machine_Learning_Intro\.venv\lib\site-packages\pycaret\internal\metrics.py", line 196, in _score
    return super()._score(
  File "c:\Users\javier\Documents\escuela_ML_2026\Machine_Learning_Intro\.venv\lib\site-packages\sklearn\metrics\_scorer.py", line 350, in _score
    return self._sign * self._score_func(y_true, y_pred, **scoring_kwargs)
  File "c:\Users\javier\Documents\escuela_ML_2026\Machine_Learning_Intro\.venv\lib\site-packages\pycaret\internal\metrics.py", line 144, in __call__
    return self.score_func(y_true, y_pred, **kwargs)
  File "c:\Users\javier\Documents\escuela_ML_2026\Machine_Learning_Intro\.venv\lib\site-packages\sklearn\utils\_param_validation.py", line 213, in wrapper
    return func(*args, **kwargs)
  File "c:\Users\javier\Documents\escuela_ML_2026\Machine_Learning_Intro\.venv\lib\site-packages\sklearn\metrics\_ranking.py", line 634, in roc_auc_score
    return _multiclass_roc_auc_score(
  File "c:\Users\javier\Documents\escuela_ML_2026\Machine_Learning_Intro\.venv\lib\site-packages\sklearn\metrics\_ranking.py", line 707, in _multiclass_roc_auc_score
    raise ValueError(
ValueError: Target scores need to be probabilities for multiclass roc_auc, i.e. they should sum up to 1.0 over classes

  warnings.warn(

2026-08-28 14:42:27,277:WARNING:c:\Users\javier\Documents\escuela_ML_2026\Machine_Learning_Intro\.venv\lib\site-packages\pycaret\internal\metrics.py:204: FitFailedWarning: Metric 'make_scorer(roc_auc_score, response_method=('decision_function', 'predict_proba'), average=weighted, multi_class=ovr)' failed and error score 0.0 has been returned instead. If this is a custom metric, this usually means that the error is in the metric code. Full exception below:
Traceback (most recent call last):
  File "c:\Users\javier\Documents\escuela_ML_2026\Machine_Learning_Intro\.venv\lib\site-packages\pycaret\internal\metrics.py", line 196, in _score
    return super()._score(
  File "c:\Users\javier\Documents\escuela_ML_2026\Machine_Learning_Intro\.venv\lib\site-packages\sklearn\metrics\_scorer.py", line 350, in _score
    return self._sign * self._score_func(y_true, y_pred, **scoring_kwargs)
  File "c:\Users\javier\Documents\escuela_ML_2026\Machine_Learning_Intro\.venv\lib\site-packages\pycaret\internal\metrics.py", line 144, in __call__
    return self.score_func(y_true, y_pred, **kwargs)
  File "c:\Users\javier\Documents\escuela_ML_2026\Machine_Learning_Intro\.venv\lib\site-packages\sklearn\utils\_param_validation.py", line 213, in wrapper
    return func(*args, **kwargs)
  File "c:\Users\javier\Documents\escuela_ML_2026\Machine_Learning_Intro\.venv\lib\site-packages\sklearn\metrics\_ranking.py", line 634, in roc_auc_score
    return _multiclass_roc_auc_score(
  File "c:\Users\javier\Documents\escuela_ML_2026\Machine_Learning_Intro\.venv\lib\site-packages\sklearn\metrics\_ranking.py", line 707, in _multiclass_roc_auc_score
    raise ValueError(
ValueError: Target scores need to be probabilities for multiclass roc_auc, i.e. they should sum up to 1.0 over classes

  warnings.warn(

2026-08-28 14:42:27,277:WARNING:c:\Users\javier\Documents\escuela_ML_2026\Machine_Learning_Intro\.venv\lib\site-packages\pycaret\internal\metrics.py:204: FitFailedWarning: Metric 'make_scorer(roc_auc_score, response_method=('decision_function', 'predict_proba'), average=weighted, multi_class=ovr)' failed and error score 0.0 has been returned instead. If this is a custom metric, this usually means that the error is in the metric code. Full exception below:
Traceback (most recent call last):
  File "c:\Users\javier\Documents\escuela_ML_2026\Machine_Learning_Intro\.venv\lib\site-packages\pycaret\internal\metrics.py", line 196, in _score
    return super()._score(
  File "c:\Users\javier\Documents\escuela_ML_2026\Machine_Learning_Intro\.venv\lib\site-packages\sklearn\metrics\_scorer.py", line 350, in _score
    return self._sign * self._score_func(y_true, y_pred, **scoring_kwargs)
  File "c:\Users\javier\Documents\escuela_ML_2026\Machine_Learning_Intro\.venv\lib\site-packages\pycaret\internal\metrics.py", line 144, in __call__
    return self.score_func(y_true, y_pred, **kwargs)
  File "c:\Users\javier\Documents\escuela_ML_2026\Machine_Learning_Intro\.venv\lib\site-packages\sklearn\utils\_param_validation.py", line 213, in wrapper
    return func(*args, **kwargs)
  File "c:\Users\javier\Documents\escuela_ML_2026\Machine_Learning_Intro\.venv\lib\site-packages\sklearn\metrics\_ranking.py", line 634, in roc_auc_score
    return _multiclass_roc_auc_score(
  File "c:\Users\javier\Documents\escuela_ML_2026\Machine_Learning_Intro\.venv\lib\site-packages\sklearn\metrics\_ranking.py", line 707, in _multiclass_roc_auc_score
    raise ValueError(
ValueError: Target scores need to be probabilities for multiclass roc_auc, i.e. they should sum up to 1.0 over classes

  warnings.warn(

2026-08-28 14:42:27,277:WARNING:c:\Users\javier\Documents\escuela_ML_2026\Machine_Learning_Intro\.venv\lib\site-packages\pycaret\internal\metrics.py:204: FitFailedWarning: Metric 'make_scorer(roc_auc_score, response_method=('decision_function', 'predict_proba'), average=weighted, multi_class=ovr)' failed and error score 0.0 has been returned instead. If this is a custom metric, this usually means that the error is in the metric code. Full exception below:
Traceback (most recent call last):
  File "c:\Users\javier\Documents\escuela_ML_2026\Machine_Learning_Intro\.venv\lib\site-packages\pycaret\internal\metrics.py", line 196, in _score
    return super()._score(
  File "c:\Users\javier\Documents\escuela_ML_2026\Machine_Learning_Intro\.venv\lib\site-packages\sklearn\metrics\_scorer.py", line 350, in _score
    return self._sign * self._score_func(y_true, y_pred, **scoring_kwargs)
  File "c:\Users\javier\Documents\escuela_ML_2026\Machine_Learning_Intro\.venv\lib\site-packages\pycaret\internal\metrics.py", line 144, in __call__
    return self.score_func(y_true, y_pred, **kwargs)
  File "c:\Users\javier\Documents\escuela_ML_2026\Machine_Learning_Intro\.venv\lib\site-packages\sklearn\utils\_param_validation.py", line 213, in wrapper
    return func(*args, **kwargs)
  File "c:\Users\javier\Documents\escuela_ML_2026\Machine_Learning_Intro\.venv\lib\site-packages\sklearn\metrics\_ranking.py", line 634, in roc_auc_score
    return _multiclass_roc_auc_score(
  File "c:\Users\javier\Documents\escuela_ML_2026\Machine_Learning_Intro\.venv\lib\site-packages\sklearn\metrics\_ranking.py", line 707, in _multiclass_roc_auc_score
    raise ValueError(
ValueError: Target scores need to be probabilities for multiclass roc_auc, i.e. they should sum up to 1.0 over classes

  warnings.warn(

2026-08-28 14:42:27,277:WARNING:c:\Users\javier\Documents\escuela_ML_2026\Machine_Learning_Intro\.venv\lib\site-packages\pycaret\internal\metrics.py:204: FitFailedWarning: Metric 'make_scorer(roc_auc_score, response_method=('decision_function', 'predict_proba'), average=weighted, multi_class=ovr)' failed and error score 0.0 has been returned instead. If this is a custom metric, this usually means that the error is in the metric code. Full exception below:
Traceback (most recent call last):
  File "c:\Users\javier\Documents\escuela_ML_2026\Machine_Learning_Intro\.venv\lib\site-packages\pycaret\internal\metrics.py", line 196, in _score
    return super()._score(
  File "c:\Users\javier\Documents\escuela_ML_2026\Machine_Learning_Intro\.venv\lib\site-packages\sklearn\metrics\_scorer.py", line 350, in _score
    return self._sign * self._score_func(y_true, y_pred, **scoring_kwargs)
  File "c:\Users\javier\Documents\escuela_ML_2026\Machine_Learning_Intro\.venv\lib\site-packages\pycaret\internal\metrics.py", line 144, in __call__
    return self.score_func(y_true, y_pred, **kwargs)
  File "c:\Users\javier\Documents\escuela_ML_2026\Machine_Learning_Intro\.venv\lib\site-packages\sklearn\utils\_param_validation.py", line 213, in wrapper
    return func(*args, **kwargs)
  File "c:\Users\javier\Documents\escuela_ML_2026\Machine_Learning_Intro\.venv\lib\site-packages\sklearn\metrics\_ranking.py", line 634, in roc_auc_score
    return _multiclass_roc_auc_score(
  File "c:\Users\javier\Documents\escuela_ML_2026\Machine_Learning_Intro\.venv\lib\site-packages\sklearn\metrics\_ranking.py", line 707, in _multiclass_roc_auc_score
    raise ValueError(
ValueError: Target scores need to be probabilities for multiclass roc_auc, i.e. they should sum up to 1.0 over classes

  warnings.warn(

2026-08-28 14:42:27,277:WARNING:c:\Users\javier\Documents\escuela_ML_2026\Machine_Learning_Intro\.venv\lib\site-packages\pycaret\internal\metrics.py:204: FitFailedWarning: Metric 'make_scorer(roc_auc_score, response_method=('decision_function', 'predict_proba'), average=weighted, multi_class=ovr)' failed and error score 0.0 has been returned instead. If this is a custom metric, this usually means that the error is in the metric code. Full exception below:
Traceback (most recent call last):
  File "c:\Users\javier\Documents\escuela_ML_2026\Machine_Learning_Intro\.venv\lib\site-packages\pycaret\internal\metrics.py", line 196, in _score
    return super()._score(
  File "c:\Users\javier\Documents\escuela_ML_2026\Machine_Learning_Intro\.venv\lib\site-packages\sklearn\metrics\_scorer.py", line 350, in _score
    return self._sign * self._score_func(y_true, y_pred, **scoring_kwargs)
  File "c:\Users\javier\Documents\escuela_ML_2026\Machine_Learning_Intro\.venv\lib\site-packages\pycaret\internal\metrics.py", line 144, in __call__
    return self.score_func(y_true, y_pred, **kwargs)
  File "c:\Users\javier\Documents\escuela_ML_2026\Machine_Learning_Intro\.venv\lib\site-packages\sklearn\utils\_param_validation.py", line 213, in wrapper
    return func(*args, **kwargs)
  File "c:\Users\javier\Documents\escuela_ML_2026\Machine_Learning_Intro\.venv\lib\site-packages\sklearn\metrics\_ranking.py", line 634, in roc_auc_score
    return _multiclass_roc_auc_score(
  File "c:\Users\javier\Documents\escuela_ML_2026\Machine_Learning_Intro\.venv\lib\site-packages\sklearn\metrics\_ranking.py", line 707, in _multiclass_roc_auc_score
    raise ValueError(
ValueError: Target scores need to be probabilities for multiclass roc_auc, i.e. they should sum up to 1.0 over classes

  warnings.warn(

2026-08-28 14:42:27,277:WARNING:c:\Users\javier\Documents\escuela_ML_2026\Machine_Learning_Intro\.venv\lib\site-packages\pycaret\internal\metrics.py:204: FitFailedWarning: Metric 'make_scorer(roc_auc_score, response_method=('decision_function', 'predict_proba'), average=weighted, multi_class=ovr)' failed and error score 0.0 has been returned instead. If this is a custom metric, this usually means that the error is in the metric code. Full exception below:
Traceback (most recent call last):
  File "c:\Users\javier\Documents\escuela_ML_2026\Machine_Learning_Intro\.venv\lib\site-packages\pycaret\internal\metrics.py", line 196, in _score
    return super()._score(
  File "c:\Users\javier\Documents\escuela_ML_2026\Machine_Learning_Intro\.venv\lib\site-packages\sklearn\metrics\_scorer.py", line 350, in _score
    return self._sign * self._score_func(y_true, y_pred, **scoring_kwargs)
  File "c:\Users\javier\Documents\escuela_ML_2026\Machine_Learning_Intro\.venv\lib\site-packages\pycaret\internal\metrics.py", line 144, in __call__
    return self.score_func(y_true, y_pred, **kwargs)
  File "c:\Users\javier\Documents\escuela_ML_2026\Machine_Learning_Intro\.venv\lib\site-packages\sklearn\utils\_param_validation.py", line 213, in wrapper
    return func(*args, **kwargs)
  File "c:\Users\javier\Documents\escuela_ML_2026\Machine_Learning_Intro\.venv\lib\site-packages\sklearn\metrics\_ranking.py", line 634, in roc_auc_score
    return _multiclass_roc_auc_score(
  File "c:\Users\javier\Documents\escuela_ML_2026\Machine_Learning_Intro\.venv\lib\site-packages\sklearn\metrics\_ranking.py", line 707, in _multiclass_roc_auc_score
    raise ValueError(
ValueError: Target scores need to be probabilities for multiclass roc_auc, i.e. they should sum up to 1.0 over classes

  warnings.warn(

2026-08-28 14:42:27,281:WARNING:c:\Users\javier\Documents\escuela_ML_2026\Machine_Learning_Intro\.venv\lib\site-packages\pycaret\internal\metrics.py:204: FitFailedWarning: Metric 'make_scorer(roc_auc_score, response_method=('decision_function', 'predict_proba'), average=weighted, multi_class=ovr)' failed and error score 0.0 has been returned instead. If this is a custom metric, this usually means that the error is in the metric code. Full exception below:
Traceback (most recent call last):
  File "c:\Users\javier\Documents\escuela_ML_2026\Machine_Learning_Intro\.venv\lib\site-packages\pycaret\internal\metrics.py", line 196, in _score
    return super()._score(
  File "c:\Users\javier\Documents\escuela_ML_2026\Machine_Learning_Intro\.venv\lib\site-packages\sklearn\metrics\_scorer.py", line 350, in _score
    return self._sign * self._score_func(y_true, y_pred, **scoring_kwargs)
  File "c:\Users\javier\Documents\escuela_ML_2026\Machine_Learning_Intro\.venv\lib\site-packages\pycaret\internal\metrics.py", line 144, in __call__
    return self.score_func(y_true, y_pred, **kwargs)
  File "c:\Users\javier\Documents\escuela_ML_2026\Machine_Learning_Intro\.venv\lib\site-packages\sklearn\utils\_param_validation.py", line 213, in wrapper
    return func(*args, **kwargs)
  File "c:\Users\javier\Documents\escuela_ML_2026\Machine_Learning_Intro\.venv\lib\site-packages\sklearn\metrics\_ranking.py", line 634, in roc_auc_score
    return _multiclass_roc_auc_score(
  File "c:\Users\javier\Documents\escuela_ML_2026\Machine_Learning_Intro\.venv\lib\site-packages\sklearn\metrics\_ranking.py", line 707, in _multiclass_roc_auc_score
    raise ValueError(
ValueError: Target scores need to be probabilities for multiclass roc_auc, i.e. they should sum up to 1.0 over classes

  warnings.warn(

2026-08-28 14:42:27,304:INFO:Calculating mean and std
2026-08-28 14:42:27,304:INFO:Creating metrics dataframe
2026-08-28 14:42:27,304:INFO:Uploading results into container
2026-08-28 14:42:27,304:INFO:Uploading model into container now
2026-08-28 14:42:27,304:INFO:_master_model_container: 11
2026-08-28 14:42:27,304:INFO:_display_container: 2
2026-08-28 14:42:27,304:INFO:LinearDiscriminantAnalysis(covariance_estimator=None, n_components=None,
                           priors=None, shrinkage=None, solver='svd',
                           store_covariance=False, tol=0.0001)
2026-08-28 14:42:27,304:INFO:create_model() successfully completed......................................
2026-08-28 14:42:27,371:INFO:SubProcess create_model() end ==================================
2026-08-28 14:42:27,371:INFO:Creating metrics dataframe
2026-08-28 14:42:27,388:INFO:Initializing Extra Trees Classifier
2026-08-28 14:42:27,388:INFO:Total runtime is 0.1651906768480937 minutes
2026-08-28 14:42:27,388:INFO:SubProcess create_model() called ==================================
2026-08-28 14:42:27,388:INFO:Initializing create_model()
2026-08-28 14:42:27,388:INFO:create_model(self=<pycaret.classification.oop.ClassificationExperiment object at 0x000001A286347490>, estimator=et, fold=StratifiedKFold(n_splits=10, random_state=None, shuffle=False), round=4, cross_validation=True, predict=True, fit_kwargs={}, groups=None, refit=False, probability_threshold=None, experiment_custom_tags=None, verbose=False, system=False, add_to_model_list=True, metrics=None, display=<pycaret.internal.display.display.CommonDisplay object at 0x000001A2862DECE0>, model_only=True, return_train_score=False, error_score=0.0, kwargs={})
2026-08-28 14:42:27,388:INFO:Checking exceptions
2026-08-28 14:42:27,388:INFO:Importing libraries
2026-08-28 14:42:27,388:INFO:Copying training dataset
2026-08-28 14:42:27,388:INFO:Defining folds
2026-08-28 14:42:27,388:INFO:Declaring metric variables
2026-08-28 14:42:27,403:INFO:Importing untrained model
2026-08-28 14:42:27,404:INFO:Extra Trees Classifier Imported successfully
2026-08-28 14:42:27,404:INFO:Starting cross validation
2026-08-28 14:42:27,404:INFO:Cross validating with StratifiedKFold(n_splits=10, random_state=None, shuffle=False), n_jobs=-1
2026-08-28 14:42:27,757:INFO:Calculating mean and std
2026-08-28 14:42:27,758:INFO:Creating metrics dataframe
2026-08-28 14:42:27,762:INFO:Uploading results into container
2026-08-28 14:42:27,762:INFO:Uploading model into container now
2026-08-28 14:42:27,762:INFO:_master_model_container: 12
2026-08-28 14:42:27,762:INFO:_display_container: 2
2026-08-28 14:42:27,762:INFO:ExtraTreesClassifier(bootstrap=False, ccp_alpha=0.0, class_weight=None,
                     criterion='gini', max_depth=None, max_features='sqrt',
                     max_leaf_nodes=None, max_samples=None,
                     min_impurity_decrease=0.0, min_samples_leaf=1,
                     min_samples_split=2, min_weight_fraction_leaf=0.0,
                     monotonic_cst=None, n_estimators=100, n_jobs=-1,
                     oob_score=False, random_state=42, verbose=0,
                     warm_start=False)
2026-08-28 14:42:27,762:INFO:create_model() successfully completed......................................
2026-08-28 14:42:27,848:INFO:SubProcess create_model() end ==================================
2026-08-28 14:42:27,849:INFO:Creating metrics dataframe
2026-08-28 14:42:27,862:INFO:Initializing Extreme Gradient Boosting
2026-08-28 14:42:27,862:INFO:Total runtime is 0.17308243115743002 minutes
2026-08-28 14:42:27,866:INFO:SubProcess create_model() called ==================================
2026-08-28 14:42:27,866:INFO:Initializing create_model()
2026-08-28 14:42:27,866:INFO:create_model(self=<pycaret.classification.oop.ClassificationExperiment object at 0x000001A286347490>, estimator=xgboost, fold=StratifiedKFold(n_splits=10, random_state=None, shuffle=False), round=4, cross_validation=True, predict=True, fit_kwargs={}, groups=None, refit=False, probability_threshold=None, experiment_custom_tags=None, verbose=False, system=False, add_to_model_list=True, metrics=None, display=<pycaret.internal.display.display.CommonDisplay object at 0x000001A2862DECE0>, model_only=True, return_train_score=False, error_score=0.0, kwargs={})
2026-08-28 14:42:27,866:INFO:Checking exceptions
2026-08-28 14:42:27,866:INFO:Importing libraries
2026-08-28 14:42:27,866:INFO:Copying training dataset
2026-08-28 14:42:27,871:INFO:Defining folds
2026-08-28 14:42:27,871:INFO:Declaring metric variables
2026-08-28 14:42:27,871:INFO:Importing untrained model
2026-08-28 14:42:27,871:INFO:Extreme Gradient Boosting Imported successfully
2026-08-28 14:42:27,888:INFO:Starting cross validation
2026-08-28 14:42:27,888:INFO:Cross validating with StratifiedKFold(n_splits=10, random_state=None, shuffle=False), n_jobs=-1
2026-08-28 14:42:28,056:INFO:Calculating mean and std
2026-08-28 14:42:28,056:INFO:Creating metrics dataframe
2026-08-28 14:42:28,056:INFO:Uploading results into container
2026-08-28 14:42:28,056:INFO:Uploading model into container now
2026-08-28 14:42:28,056:INFO:_master_model_container: 13
2026-08-28 14:42:28,056:INFO:_display_container: 2
2026-08-28 14:42:28,056:INFO:XGBClassifier(base_score=None, booster='gbtree', callbacks=None,
              colsample_bylevel=None, colsample_bynode=None,
              colsample_bytree=None, device='cpu', early_stopping_rounds=None,
              enable_categorical=False, eval_metric=None, feature_types=None,
              feature_weights=None, gamma=None, grow_policy=None,
              importance_type=None, interaction_constraints=None,
              learning_rate=None, max_bin=None, max_cat_threshold=None,
              max_cat_to_onehot=None, max_delta_step=None, max_depth=None,
              max_leaves=None, min_child_weight=None, missing=nan,
              monotone_constraints=None, multi_strategy=None, n_estimators=None,
              n_jobs=-1, num_parallel_tree=None, ...)
2026-08-28 14:42:28,056:INFO:create_model() successfully completed......................................
2026-08-28 14:42:28,140:INFO:SubProcess create_model() end ==================================
2026-08-28 14:42:28,140:INFO:Creating metrics dataframe
2026-08-28 14:42:28,144:INFO:Initializing Light Gradient Boosting Machine
2026-08-28 14:42:28,152:INFO:Total runtime is 0.17791817982991537 minutes
2026-08-28 14:42:28,156:INFO:SubProcess create_model() called ==================================
2026-08-28 14:42:28,156:INFO:Initializing create_model()
2026-08-28 14:42:28,157:INFO:create_model(self=<pycaret.classification.oop.ClassificationExperiment object at 0x000001A286347490>, estimator=lightgbm, fold=StratifiedKFold(n_splits=10, random_state=None, shuffle=False), round=4, cross_validation=True, predict=True, fit_kwargs={}, groups=None, refit=False, probability_threshold=None, experiment_custom_tags=None, verbose=False, system=False, add_to_model_list=True, metrics=None, display=<pycaret.internal.display.display.CommonDisplay object at 0x000001A2862DECE0>, model_only=True, return_train_score=False, error_score=0.0, kwargs={})
2026-08-28 14:42:28,157:INFO:Checking exceptions
2026-08-28 14:42:28,157:INFO:Importing libraries
2026-08-28 14:42:28,157:INFO:Copying training dataset
2026-08-28 14:42:28,161:INFO:Defining folds
2026-08-28 14:42:28,161:INFO:Declaring metric variables
2026-08-28 14:42:28,165:INFO:Importing untrained model
2026-08-28 14:42:28,171:INFO:Light Gradient Boosting Machine Imported successfully
2026-08-28 14:42:28,171:INFO:Starting cross validation
2026-08-28 14:42:28,171:INFO:Cross validating with StratifiedKFold(n_splits=10, random_state=None, shuffle=False), n_jobs=-1
2026-08-28 14:42:28,604:INFO:Calculating mean and std
2026-08-28 14:42:28,604:INFO:Creating metrics dataframe
2026-08-28 14:42:28,613:INFO:Uploading results into container
2026-08-28 14:42:28,613:INFO:Uploading model into container now
2026-08-28 14:42:28,613:INFO:_master_model_container: 14
2026-08-28 14:42:28,613:INFO:_display_container: 2
2026-08-28 14:42:28,613:INFO:LGBMClassifier(boosting_type='gbdt', class_weight=None, colsample_bytree=1.0,
               importance_type='split', learning_rate=0.1, max_depth=-1,
               min_child_samples=20, min_child_weight=0.001, min_split_gain=0.0,
               n_estimators=100, n_jobs=-1, num_leaves=31, objective=None,
               random_state=42, reg_alpha=0.0, reg_lambda=0.0, subsample=1.0,
               subsample_for_bin=200000, subsample_freq=0)
2026-08-28 14:42:28,613:INFO:create_model() successfully completed......................................
2026-08-28 14:42:28,707:INFO:SubProcess create_model() end ==================================
2026-08-28 14:42:28,707:INFO:Creating metrics dataframe
2026-08-28 14:42:28,721:INFO:Initializing Dummy Classifier
2026-08-28 14:42:28,721:INFO:Total runtime is 0.18740700085957845 minutes
2026-08-28 14:42:28,725:INFO:SubProcess create_model() called ==================================
2026-08-28 14:42:28,725:INFO:Initializing create_model()
2026-08-28 14:42:28,725:INFO:create_model(self=<pycaret.classification.oop.ClassificationExperiment object at 0x000001A286347490>, estimator=dummy, fold=StratifiedKFold(n_splits=10, random_state=None, shuffle=False), round=4, cross_validation=True, predict=True, fit_kwargs={}, groups=None, refit=False, probability_threshold=None, experiment_custom_tags=None, verbose=False, system=False, add_to_model_list=True, metrics=None, display=<pycaret.internal.display.display.CommonDisplay object at 0x000001A2862DECE0>, model_only=True, return_train_score=False, error_score=0.0, kwargs={})
2026-08-28 14:42:28,725:INFO:Checking exceptions
2026-08-28 14:42:28,725:INFO:Importing libraries
2026-08-28 14:42:28,725:INFO:Copying training dataset
2026-08-28 14:42:28,725:INFO:Defining folds
2026-08-28 14:42:28,725:INFO:Declaring metric variables
2026-08-28 14:42:28,735:INFO:Importing untrained model
2026-08-28 14:42:28,738:INFO:Dummy Classifier Imported successfully
2026-08-28 14:42:28,738:INFO:Starting cross validation
2026-08-28 14:42:28,738:INFO:Cross validating with StratifiedKFold(n_splits=10, random_state=None, shuffle=False), n_jobs=-1
2026-08-28 14:42:28,774:WARNING:c:\Users\javier\Documents\escuela_ML_2026\Machine_Learning_Intro\.venv\lib\site-packages\sklearn\metrics\_classification.py:1509: UndefinedMetricWarning: Precision is ill-defined and being set to 0.0 in labels with no predicted samples. Use `zero_division` parameter to control this behavior.
  _warn_prf(average, modifier, f"{metric.capitalize()} is", len(result))

2026-08-28 14:42:28,790:WARNING:c:\Users\javier\Documents\escuela_ML_2026\Machine_Learning_Intro\.venv\lib\site-packages\sklearn\metrics\_classification.py:1509: UndefinedMetricWarning: Precision is ill-defined and being set to 0.0 in labels with no predicted samples. Use `zero_division` parameter to control this behavior.
  _warn_prf(average, modifier, f"{metric.capitalize()} is", len(result))

2026-08-28 14:42:28,790:WARNING:c:\Users\javier\Documents\escuela_ML_2026\Machine_Learning_Intro\.venv\lib\site-packages\sklearn\metrics\_classification.py:1509: UndefinedMetricWarning: Precision is ill-defined and being set to 0.0 in labels with no predicted samples. Use `zero_division` parameter to control this behavior.
  _warn_prf(average, modifier, f"{metric.capitalize()} is", len(result))

2026-08-28 14:42:28,794:WARNING:c:\Users\javier\Documents\escuela_ML_2026\Machine_Learning_Intro\.venv\lib\site-packages\sklearn\metrics\_classification.py:1509: UndefinedMetricWarning: Precision is ill-defined and being set to 0.0 in labels with no predicted samples. Use `zero_division` parameter to control this behavior.
  _warn_prf(average, modifier, f"{metric.capitalize()} is", len(result))

2026-08-28 14:42:28,795:WARNING:c:\Users\javier\Documents\escuela_ML_2026\Machine_Learning_Intro\.venv\lib\site-packages\sklearn\metrics\_classification.py:1509: UndefinedMetricWarning: Precision is ill-defined and being set to 0.0 in labels with no predicted samples. Use `zero_division` parameter to control this behavior.
  _warn_prf(average, modifier, f"{metric.capitalize()} is", len(result))

2026-08-28 14:42:28,795:WARNING:c:\Users\javier\Documents\escuela_ML_2026\Machine_Learning_Intro\.venv\lib\site-packages\sklearn\metrics\_classification.py:1509: UndefinedMetricWarning: Precision is ill-defined and being set to 0.0 in labels with no predicted samples. Use `zero_division` parameter to control this behavior.
  _warn_prf(average, modifier, f"{metric.capitalize()} is", len(result))

2026-08-28 14:42:28,797:WARNING:c:\Users\javier\Documents\escuela_ML_2026\Machine_Learning_Intro\.venv\lib\site-packages\sklearn\metrics\_classification.py:1509: UndefinedMetricWarning: Precision is ill-defined and being set to 0.0 in labels with no predicted samples. Use `zero_division` parameter to control this behavior.
  _warn_prf(average, modifier, f"{metric.capitalize()} is", len(result))

2026-08-28 14:42:28,798:WARNING:c:\Users\javier\Documents\escuela_ML_2026\Machine_Learning_Intro\.venv\lib\site-packages\sklearn\metrics\_classification.py:1509: UndefinedMetricWarning: Precision is ill-defined and being set to 0.0 in labels with no predicted samples. Use `zero_division` parameter to control this behavior.
  _warn_prf(average, modifier, f"{metric.capitalize()} is", len(result))

2026-08-28 14:42:28,800:WARNING:c:\Users\javier\Documents\escuela_ML_2026\Machine_Learning_Intro\.venv\lib\site-packages\sklearn\metrics\_classification.py:1509: UndefinedMetricWarning: Precision is ill-defined and being set to 0.0 in labels with no predicted samples. Use `zero_division` parameter to control this behavior.
  _warn_prf(average, modifier, f"{metric.capitalize()} is", len(result))

2026-08-28 14:42:28,801:WARNING:c:\Users\javier\Documents\escuela_ML_2026\Machine_Learning_Intro\.venv\lib\site-packages\sklearn\metrics\_classification.py:1509: UndefinedMetricWarning: Precision is ill-defined and being set to 0.0 in labels with no predicted samples. Use `zero_division` parameter to control this behavior.
  _warn_prf(average, modifier, f"{metric.capitalize()} is", len(result))

2026-08-28 14:42:28,821:INFO:Calculating mean and std
2026-08-28 14:42:28,822:INFO:Creating metrics dataframe
2026-08-28 14:42:28,822:INFO:Uploading results into container
2026-08-28 14:42:28,822:INFO:Uploading model into container now
2026-08-28 14:42:28,822:INFO:_master_model_container: 15
2026-08-28 14:42:28,822:INFO:_display_container: 2
2026-08-28 14:42:28,822:INFO:DummyClassifier(constant=None, random_state=42, strategy='prior')
2026-08-28 14:42:28,822:INFO:create_model() successfully completed......................................
2026-08-28 14:42:28,888:INFO:SubProcess create_model() end ==================================
2026-08-28 14:42:28,888:INFO:Creating metrics dataframe
2026-08-28 14:42:28,921:INFO:Initializing create_model()
2026-08-28 14:42:28,921:INFO:create_model(self=<pycaret.classification.oop.ClassificationExperiment object at 0x000001A286347490>, estimator=QuadraticDiscriminantAnalysis(priors=None, reg_param=0.0,
                              store_covariance=False, tol=0.0001), fold=StratifiedKFold(n_splits=10, random_state=None, shuffle=False), round=4, cross_validation=False, predict=False, fit_kwargs={}, groups=None, refit=True, probability_threshold=None, experiment_custom_tags=None, verbose=False, system=False, add_to_model_list=True, metrics=None, display=None, model_only=True, return_train_score=False, error_score=0.0, kwargs={})
2026-08-28 14:42:28,921:INFO:Checking exceptions
2026-08-28 14:42:28,921:INFO:Importing libraries
2026-08-28 14:42:28,921:INFO:Copying training dataset
2026-08-28 14:42:28,921:INFO:Defining folds
2026-08-28 14:42:28,921:INFO:Declaring metric variables
2026-08-28 14:42:28,921:INFO:Importing untrained model
2026-08-28 14:42:28,921:INFO:Declaring custom model
2026-08-28 14:42:28,921:INFO:Quadratic Discriminant Analysis Imported successfully
2026-08-28 14:42:28,930:INFO:Cross validation set to False
2026-08-28 14:42:28,930:INFO:Fitting Model
2026-08-28 14:42:28,938:INFO:QuadraticDiscriminantAnalysis(priors=None, reg_param=0.0,
                              store_covariance=False, tol=0.0001)
2026-08-28 14:42:28,938:INFO:create_model() successfully completed......................................
2026-08-28 14:42:29,042:INFO:_master_model_container: 15
2026-08-28 14:42:29,042:INFO:_display_container: 2
2026-08-28 14:42:29,042:INFO:QuadraticDiscriminantAnalysis(priors=None, reg_param=0.0,
                              store_covariance=False, tol=0.0001)
2026-08-28 14:42:29,042:INFO:compare_models() successfully completed......................................
2026-08-28 14:42:29,176:INFO:Initializing plot_model()
2026-08-28 14:42:29,176:INFO:plot_model(plot=confusion_matrix, fold=None, verbose=True, display=None, display_format=None, estimator=QuadraticDiscriminantAnalysis(priors=None, reg_param=0.0,
                              store_covariance=False, tol=0.0001), feature_name=None, fit_kwargs=None, groups=None, label=False, plot_kwargs=None, save=False, scale=1, self=<pycaret.classification.oop.ClassificationExperiment object at 0x000001A286347490>, system=True)
2026-08-28 14:42:29,176:INFO:Checking exceptions
2026-08-28 14:42:29,180:INFO:Preloading libraries
2026-08-28 14:42:29,180:INFO:Copying training dataset
2026-08-28 14:42:29,180:INFO:Plot type: confusion_matrix
2026-08-28 14:42:29,255:INFO:Fitting Model
2026-08-28 14:42:29,255:WARNING:c:\Users\javier\Documents\escuela_ML_2026\Machine_Learning_Intro\.venv\lib\site-packages\sklearn\base.py:493: UserWarning: X does not have valid feature names, but QuadraticDiscriminantAnalysis was fitted with feature names
  warnings.warn(

2026-08-28 14:42:29,255:INFO:Scoring test/hold-out set
2026-08-28 14:42:29,371:INFO:Visual Rendered Successfully
2026-08-28 14:42:29,441:INFO:plot_model() successfully completed......................................
2026-08-28 14:42:29,484:INFO:Initializing plot_model()
2026-08-28 14:42:29,484:INFO:plot_model(plot=auc, fold=None, verbose=True, display=None, display_format=None, estimator=QuadraticDiscriminantAnalysis(priors=None, reg_param=0.0,
                              store_covariance=False, tol=0.0001), feature_name=None, fit_kwargs=None, groups=None, label=False, plot_kwargs=None, save=False, scale=1, self=<pycaret.classification.oop.ClassificationExperiment object at 0x000001A286347490>, system=True)
2026-08-28 14:42:29,484:INFO:Checking exceptions
2026-08-28 14:42:29,488:INFO:Preloading libraries
2026-08-28 14:42:29,489:INFO:Copying training dataset
2026-08-28 14:42:29,489:INFO:Plot type: auc
2026-08-28 14:42:29,539:INFO:Fitting Model
2026-08-28 14:42:29,539:WARNING:c:\Users\javier\Documents\escuela_ML_2026\Machine_Learning_Intro\.venv\lib\site-packages\sklearn\base.py:493: UserWarning: X does not have valid feature names, but QuadraticDiscriminantAnalysis was fitted with feature names
  warnings.warn(

2026-08-28 14:42:29,539:INFO:Scoring test/hold-out set
2026-08-28 14:42:29,721:INFO:Visual Rendered Successfully
2026-08-28 14:42:29,811:INFO:plot_model() successfully completed......................................
2026-08-28 20:26:00,555:WARNING:c:\Users\javier\Documents\escuela_ML_2026\Machine_Learning_Intro\.venv\Lib\site-packages\pycaret\utils\generic.py:845: SyntaxWarning: invalid escape sequence '\P'
  "C:\ProgramData\Anaconda3\envs\pycaret_dev\lib\site-packages\sktime\forecasting\base\_sktime.py", line 187

2026-08-28 20:26:01,619:INFO:Soft dependency imported: xgboost: 3.2.0
2026-08-28 20:26:01,623:WARNING:
'lightgbm' is a soft dependency and not included in the pycaret installation. Install it with: `pip install lightgbm`.
2026-08-28 20:26:01,624:WARNING:
'catboost' is a soft dependency and not included in the pycaret installation. Install it with: `pip install catboost`.
Or install the extras bundle: `pip install pycaret[models]`.
2026-08-28 20:26:54,592:WARNING:c:\Users\javier\Documents\escuela_ML_2026\Machine_Learning_Intro\.venv\Lib\site-packages\pycaret\utils\generic.py:591: UserWarning: Traceback (most recent call last):
  File "c:\Users\javier\Documents\escuela_ML_2026\Machine_Learning_Intro\.venv\Lib\site-packages\pycaret\utils\generic.py", line 586, in _calculate_metric
    calculated_metric = score_func(y_test, target, sample_weight=weights, **kwargs)
                        ^^^^^^^^^^^^^^^^^^^^^^^^^^^^^^^^^^^^^^^^^^^^^^^^^^^^^^^^^^^
  File "c:\Users\javier\Documents\escuela_ML_2026\Machine_Learning_Intro\.venv\Lib\site-packages\pycaret\internal\metrics.py", line 150, in __call__
    return self.score_func(y_true, y_pred, **kwargs)
           ^^^^^^^^^^^^^^^^^^^^^^^^^^^^^^^^^^^^^^^^^
  File "c:\Users\javier\Documents\escuela_ML_2026\Machine_Learning_Intro\.venv\Lib\site-packages\sklearn\utils\_param_validation.py", line 208, in wrapper
    validate_parameter_constraints(
  File "c:\Users\javier\Documents\escuela_ML_2026\Machine_Learning_Intro\.venv\Lib\site-packages\sklearn\utils\_param_validation.py", line 98, in validate_parameter_constraints
    raise InvalidParameterError(
sklearn.utils._param_validation.InvalidParameterError: The 'y_score' parameter of roc_auc_score must be an array-like. Got None instead.

During handling of the above exception, another exception occurred:

Traceback (most recent call last):
  File "c:\Users\javier\Documents\escuela_ML_2026\Machine_Learning_Intro\.venv\Lib\site-packages\pycaret\utils\generic.py", line 589, in _calculate_metric
    calculated_metric = score_func(y_test, target, **kwargs)
                        ^^^^^^^^^^^^^^^^^^^^^^^^^^^^^^^^^^^^
  File "c:\Users\javier\Documents\escuela_ML_2026\Machine_Learning_Intro\.venv\Lib\site-packages\pycaret\internal\metrics.py", line 150, in __call__
    return self.score_func(y_true, y_pred, **kwargs)
           ^^^^^^^^^^^^^^^^^^^^^^^^^^^^^^^^^^^^^^^^^
  File "c:\Users\javier\Documents\escuela_ML_2026\Machine_Learning_Intro\.venv\Lib\site-packages\sklearn\utils\_param_validation.py", line 208, in wrapper
    validate_parameter_constraints(
  File "c:\Users\javier\Documents\escuela_ML_2026\Machine_Learning_Intro\.venv\Lib\site-packages\sklearn\utils\_param_validation.py", line 98, in validate_parameter_constraints
    raise InvalidParameterError(
sklearn.utils._param_validation.InvalidParameterError: The 'y_score' parameter of roc_auc_score must be an array-like. Got None instead.

  warnings.warn(traceback.format_exc())

2026-08-28 20:26:54,628:WARNING:c:\Users\javier\Documents\escuela_ML_2026\Machine_Learning_Intro\.venv\Lib\site-packages\pycaret\utils\generic.py:591: UserWarning: Traceback (most recent call last):
  File "c:\Users\javier\Documents\escuela_ML_2026\Machine_Learning_Intro\.venv\Lib\site-packages\pycaret\utils\generic.py", line 586, in _calculate_metric
    calculated_metric = score_func(y_test, target, sample_weight=weights, **kwargs)
                        ^^^^^^^^^^^^^^^^^^^^^^^^^^^^^^^^^^^^^^^^^^^^^^^^^^^^^^^^^^^
  File "c:\Users\javier\Documents\escuela_ML_2026\Machine_Learning_Intro\.venv\Lib\site-packages\pycaret\internal\metrics.py", line 150, in __call__
    return self.score_func(y_true, y_pred, **kwargs)
           ^^^^^^^^^^^^^^^^^^^^^^^^^^^^^^^^^^^^^^^^^
  File "c:\Users\javier\Documents\escuela_ML_2026\Machine_Learning_Intro\.venv\Lib\site-packages\sklearn\utils\_param_validation.py", line 208, in wrapper
    validate_parameter_constraints(
  File "c:\Users\javier\Documents\escuela_ML_2026\Machine_Learning_Intro\.venv\Lib\site-packages\sklearn\utils\_param_validation.py", line 98, in validate_parameter_constraints
    raise InvalidParameterError(
sklearn.utils._param_validation.InvalidParameterError: The 'y_score' parameter of roc_auc_score must be an array-like. Got None instead.

During handling of the above exception, another exception occurred:

Traceback (most recent call last):
  File "c:\Users\javier\Documents\escuela_ML_2026\Machine_Learning_Intro\.venv\Lib\site-packages\pycaret\utils\generic.py", line 589, in _calculate_metric
    calculated_metric = score_func(y_test, target, **kwargs)
                        ^^^^^^^^^^^^^^^^^^^^^^^^^^^^^^^^^^^^
  File "c:\Users\javier\Documents\escuela_ML_2026\Machine_Learning_Intro\.venv\Lib\site-packages\pycaret\internal\metrics.py", line 150, in __call__
    return self.score_func(y_true, y_pred, **kwargs)
           ^^^^^^^^^^^^^^^^^^^^^^^^^^^^^^^^^^^^^^^^^
  File "c:\Users\javier\Documents\escuela_ML_2026\Machine_Learning_Intro\.venv\Lib\site-packages\sklearn\utils\_param_validation.py", line 208, in wrapper
    validate_parameter_constraints(
  File "c:\Users\javier\Documents\escuela_ML_2026\Machine_Learning_Intro\.venv\Lib\site-packages\sklearn\utils\_param_validation.py", line 98, in validate_parameter_constraints
    raise InvalidParameterError(
sklearn.utils._param_validation.InvalidParameterError: The 'y_score' parameter of roc_auc_score must be an array-like. Got None instead.

  warnings.warn(traceback.format_exc())

2026-08-28 20:26:54,631:WARNING:c:\Users\javier\Documents\escuela_ML_2026\Machine_Learning_Intro\.venv\Lib\site-packages\sklearn\metrics\_classification.py:1879: UndefinedMetricWarning: Precision is ill-defined and being set to 0.0 in labels with no predicted samples. Use `zero_division` parameter to control this behavior.
  _warn_prf(average, modifier, f"{metric.capitalize()} is", result.shape[0])

2026-08-28 20:26:54,664:WARNING:c:\Users\javier\Documents\escuela_ML_2026\Machine_Learning_Intro\.venv\Lib\site-packages\pycaret\utils\generic.py:591: UserWarning: Traceback (most recent call last):
  File "c:\Users\javier\Documents\escuela_ML_2026\Machine_Learning_Intro\.venv\Lib\site-packages\pycaret\utils\generic.py", line 586, in _calculate_metric
    calculated_metric = score_func(y_test, target, sample_weight=weights, **kwargs)
                        ^^^^^^^^^^^^^^^^^^^^^^^^^^^^^^^^^^^^^^^^^^^^^^^^^^^^^^^^^^^
  File "c:\Users\javier\Documents\escuela_ML_2026\Machine_Learning_Intro\.venv\Lib\site-packages\pycaret\internal\metrics.py", line 150, in __call__
    return self.score_func(y_true, y_pred, **kwargs)
           ^^^^^^^^^^^^^^^^^^^^^^^^^^^^^^^^^^^^^^^^^
  File "c:\Users\javier\Documents\escuela_ML_2026\Machine_Learning_Intro\.venv\Lib\site-packages\sklearn\utils\_param_validation.py", line 208, in wrapper
    validate_parameter_constraints(
  File "c:\Users\javier\Documents\escuela_ML_2026\Machine_Learning_Intro\.venv\Lib\site-packages\sklearn\utils\_param_validation.py", line 98, in validate_parameter_constraints
    raise InvalidParameterError(
sklearn.utils._param_validation.InvalidParameterError: The 'y_score' parameter of roc_auc_score must be an array-like. Got None instead.

During handling of the above exception, another exception occurred:

Traceback (most recent call last):
  File "c:\Users\javier\Documents\escuela_ML_2026\Machine_Learning_Intro\.venv\Lib\site-packages\pycaret\utils\generic.py", line 589, in _calculate_metric
    calculated_metric = score_func(y_test, target, **kwargs)
                        ^^^^^^^^^^^^^^^^^^^^^^^^^^^^^^^^^^^^
  File "c:\Users\javier\Documents\escuela_ML_2026\Machine_Learning_Intro\.venv\Lib\site-packages\pycaret\internal\metrics.py", line 150, in __call__
    return self.score_func(y_true, y_pred, **kwargs)
           ^^^^^^^^^^^^^^^^^^^^^^^^^^^^^^^^^^^^^^^^^
  File "c:\Users\javier\Documents\escuela_ML_2026\Machine_Learning_Intro\.venv\Lib\site-packages\sklearn\utils\_param_validation.py", line 208, in wrapper
    validate_parameter_constraints(
  File "c:\Users\javier\Documents\escuela_ML_2026\Machine_Learning_Intro\.venv\Lib\site-packages\sklearn\utils\_param_validation.py", line 98, in validate_parameter_constraints
    raise InvalidParameterError(
sklearn.utils._param_validation.InvalidParameterError: The 'y_score' parameter of roc_auc_score must be an array-like. Got None instead.

  warnings.warn(traceback.format_exc())

2026-08-28 20:26:54,697:WARNING:c:\Users\javier\Documents\escuela_ML_2026\Machine_Learning_Intro\.venv\Lib\site-packages\pycaret\utils\generic.py:591: UserWarning: Traceback (most recent call last):
  File "c:\Users\javier\Documents\escuela_ML_2026\Machine_Learning_Intro\.venv\Lib\site-packages\pycaret\utils\generic.py", line 586, in _calculate_metric
    calculated_metric = score_func(y_test, target, sample_weight=weights, **kwargs)
                        ^^^^^^^^^^^^^^^^^^^^^^^^^^^^^^^^^^^^^^^^^^^^^^^^^^^^^^^^^^^
  File "c:\Users\javier\Documents\escuela_ML_2026\Machine_Learning_Intro\.venv\Lib\site-packages\pycaret\internal\metrics.py", line 150, in __call__
    return self.score_func(y_true, y_pred, **kwargs)
           ^^^^^^^^^^^^^^^^^^^^^^^^^^^^^^^^^^^^^^^^^
  File "c:\Users\javier\Documents\escuela_ML_2026\Machine_Learning_Intro\.venv\Lib\site-packages\sklearn\utils\_param_validation.py", line 208, in wrapper
    validate_parameter_constraints(
  File "c:\Users\javier\Documents\escuela_ML_2026\Machine_Learning_Intro\.venv\Lib\site-packages\sklearn\utils\_param_validation.py", line 98, in validate_parameter_constraints
    raise InvalidParameterError(
sklearn.utils._param_validation.InvalidParameterError: The 'y_score' parameter of roc_auc_score must be an array-like. Got None instead.

During handling of the above exception, another exception occurred:

Traceback (most recent call last):
  File "c:\Users\javier\Documents\escuela_ML_2026\Machine_Learning_Intro\.venv\Lib\site-packages\pycaret\utils\generic.py", line 589, in _calculate_metric
    calculated_metric = score_func(y_test, target, **kwargs)
                        ^^^^^^^^^^^^^^^^^^^^^^^^^^^^^^^^^^^^
  File "c:\Users\javier\Documents\escuela_ML_2026\Machine_Learning_Intro\.venv\Lib\site-packages\pycaret\internal\metrics.py", line 150, in __call__
    return self.score_func(y_true, y_pred, **kwargs)
           ^^^^^^^^^^^^^^^^^^^^^^^^^^^^^^^^^^^^^^^^^
  File "c:\Users\javier\Documents\escuela_ML_2026\Machine_Learning_Intro\.venv\Lib\site-packages\sklearn\utils\_param_validation.py", line 208, in wrapper
    validate_parameter_constraints(
  File "c:\Users\javier\Documents\escuela_ML_2026\Machine_Learning_Intro\.venv\Lib\site-packages\sklearn\utils\_param_validation.py", line 98, in validate_parameter_constraints
    raise InvalidParameterError(
sklearn.utils._param_validation.InvalidParameterError: The 'y_score' parameter of roc_auc_score must be an array-like. Got None instead.

  warnings.warn(traceback.format_exc())

2026-08-28 20:26:54,740:WARNING:c:\Users\javier\Documents\escuela_ML_2026\Machine_Learning_Intro\.venv\Lib\site-packages\pycaret\utils\generic.py:591: UserWarning: Traceback (most recent call last):
  File "c:\Users\javier\Documents\escuela_ML_2026\Machine_Learning_Intro\.venv\Lib\site-packages\pycaret\utils\generic.py", line 586, in _calculate_metric
    calculated_metric = score_func(y_test, target, sample_weight=weights, **kwargs)
                        ^^^^^^^^^^^^^^^^^^^^^^^^^^^^^^^^^^^^^^^^^^^^^^^^^^^^^^^^^^^
  File "c:\Users\javier\Documents\escuela_ML_2026\Machine_Learning_Intro\.venv\Lib\site-packages\pycaret\internal\metrics.py", line 150, in __call__
    return self.score_func(y_true, y_pred, **kwargs)
           ^^^^^^^^^^^^^^^^^^^^^^^^^^^^^^^^^^^^^^^^^
  File "c:\Users\javier\Documents\escuela_ML_2026\Machine_Learning_Intro\.venv\Lib\site-packages\sklearn\utils\_param_validation.py", line 208, in wrapper
    validate_parameter_constraints(
  File "c:\Users\javier\Documents\escuela_ML_2026\Machine_Learning_Intro\.venv\Lib\site-packages\sklearn\utils\_param_validation.py", line 98, in validate_parameter_constraints
    raise InvalidParameterError(
sklearn.utils._param_validation.InvalidParameterError: The 'y_score' parameter of roc_auc_score must be an array-like. Got None instead.

During handling of the above exception, another exception occurred:

Traceback (most recent call last):
  File "c:\Users\javier\Documents\escuela_ML_2026\Machine_Learning_Intro\.venv\Lib\site-packages\pycaret\utils\generic.py", line 589, in _calculate_metric
    calculated_metric = score_func(y_test, target, **kwargs)
                        ^^^^^^^^^^^^^^^^^^^^^^^^^^^^^^^^^^^^
  File "c:\Users\javier\Documents\escuela_ML_2026\Machine_Learning_Intro\.venv\Lib\site-packages\pycaret\internal\metrics.py", line 150, in __call__
    return self.score_func(y_true, y_pred, **kwargs)
           ^^^^^^^^^^^^^^^^^^^^^^^^^^^^^^^^^^^^^^^^^
  File "c:\Users\javier\Documents\escuela_ML_2026\Machine_Learning_Intro\.venv\Lib\site-packages\sklearn\utils\_param_validation.py", line 208, in wrapper
    validate_parameter_constraints(
  File "c:\Users\javier\Documents\escuela_ML_2026\Machine_Learning_Intro\.venv\Lib\site-packages\sklearn\utils\_param_validation.py", line 98, in validate_parameter_constraints
    raise InvalidParameterError(
sklearn.utils._param_validation.InvalidParameterError: The 'y_score' parameter of roc_auc_score must be an array-like. Got None instead.

  warnings.warn(traceback.format_exc())

2026-08-28 20:26:54,778:WARNING:c:\Users\javier\Documents\escuela_ML_2026\Machine_Learning_Intro\.venv\Lib\site-packages\pycaret\utils\generic.py:591: UserWarning: Traceback (most recent call last):
  File "c:\Users\javier\Documents\escuela_ML_2026\Machine_Learning_Intro\.venv\Lib\site-packages\pycaret\utils\generic.py", line 586, in _calculate_metric
    calculated_metric = score_func(y_test, target, sample_weight=weights, **kwargs)
                        ^^^^^^^^^^^^^^^^^^^^^^^^^^^^^^^^^^^^^^^^^^^^^^^^^^^^^^^^^^^
  File "c:\Users\javier\Documents\escuela_ML_2026\Machine_Learning_Intro\.venv\Lib\site-packages\pycaret\internal\metrics.py", line 150, in __call__
    return self.score_func(y_true, y_pred, **kwargs)
           ^^^^^^^^^^^^^^^^^^^^^^^^^^^^^^^^^^^^^^^^^
  File "c:\Users\javier\Documents\escuela_ML_2026\Machine_Learning_Intro\.venv\Lib\site-packages\sklearn\utils\_param_validation.py", line 208, in wrapper
    validate_parameter_constraints(
  File "c:\Users\javier\Documents\escuela_ML_2026\Machine_Learning_Intro\.venv\Lib\site-packages\sklearn\utils\_param_validation.py", line 98, in validate_parameter_constraints
    raise InvalidParameterError(
sklearn.utils._param_validation.InvalidParameterError: The 'y_score' parameter of roc_auc_score must be an array-like. Got None instead.

During handling of the above exception, another exception occurred:

Traceback (most recent call last):
  File "c:\Users\javier\Documents\escuela_ML_2026\Machine_Learning_Intro\.venv\Lib\site-packages\pycaret\utils\generic.py", line 589, in _calculate_metric
    calculated_metric = score_func(y_test, target, **kwargs)
                        ^^^^^^^^^^^^^^^^^^^^^^^^^^^^^^^^^^^^
  File "c:\Users\javier\Documents\escuela_ML_2026\Machine_Learning_Intro\.venv\Lib\site-packages\pycaret\internal\metrics.py", line 150, in __call__
    return self.score_func(y_true, y_pred, **kwargs)
           ^^^^^^^^^^^^^^^^^^^^^^^^^^^^^^^^^^^^^^^^^
  File "c:\Users\javier\Documents\escuela_ML_2026\Machine_Learning_Intro\.venv\Lib\site-packages\sklearn\utils\_param_validation.py", line 208, in wrapper
    validate_parameter_constraints(
  File "c:\Users\javier\Documents\escuela_ML_2026\Machine_Learning_Intro\.venv\Lib\site-packages\sklearn\utils\_param_validation.py", line 98, in validate_parameter_constraints
    raise InvalidParameterError(
sklearn.utils._param_validation.InvalidParameterError: The 'y_score' parameter of roc_auc_score must be an array-like. Got None instead.

  warnings.warn(traceback.format_exc())

2026-08-28 20:26:54,815:WARNING:c:\Users\javier\Documents\escuela_ML_2026\Machine_Learning_Intro\.venv\Lib\site-packages\pycaret\utils\generic.py:591: UserWarning: Traceback (most recent call last):
  File "c:\Users\javier\Documents\escuela_ML_2026\Machine_Learning_Intro\.venv\Lib\site-packages\pycaret\utils\generic.py", line 586, in _calculate_metric
    calculated_metric = score_func(y_test, target, sample_weight=weights, **kwargs)
                        ^^^^^^^^^^^^^^^^^^^^^^^^^^^^^^^^^^^^^^^^^^^^^^^^^^^^^^^^^^^
  File "c:\Users\javier\Documents\escuela_ML_2026\Machine_Learning_Intro\.venv\Lib\site-packages\pycaret\internal\metrics.py", line 150, in __call__
    return self.score_func(y_true, y_pred, **kwargs)
           ^^^^^^^^^^^^^^^^^^^^^^^^^^^^^^^^^^^^^^^^^
  File "c:\Users\javier\Documents\escuela_ML_2026\Machine_Learning_Intro\.venv\Lib\site-packages\sklearn\utils\_param_validation.py", line 208, in wrapper
    validate_parameter_constraints(
  File "c:\Users\javier\Documents\escuela_ML_2026\Machine_Learning_Intro\.venv\Lib\site-packages\sklearn\utils\_param_validation.py", line 98, in validate_parameter_constraints
    raise InvalidParameterError(
sklearn.utils._param_validation.InvalidParameterError: The 'y_score' parameter of roc_auc_score must be an array-like. Got None instead.

During handling of the above exception, another exception occurred:

Traceback (most recent call last):
  File "c:\Users\javier\Documents\escuela_ML_2026\Machine_Learning_Intro\.venv\Lib\site-packages\pycaret\utils\generic.py", line 589, in _calculate_metric
    calculated_metric = score_func(y_test, target, **kwargs)
                        ^^^^^^^^^^^^^^^^^^^^^^^^^^^^^^^^^^^^
  File "c:\Users\javier\Documents\escuela_ML_2026\Machine_Learning_Intro\.venv\Lib\site-packages\pycaret\internal\metrics.py", line 150, in __call__
    return self.score_func(y_true, y_pred, **kwargs)
           ^^^^^^^^^^^^^^^^^^^^^^^^^^^^^^^^^^^^^^^^^
  File "c:\Users\javier\Documents\escuela_ML_2026\Machine_Learning_Intro\.venv\Lib\site-packages\sklearn\utils\_param_validation.py", line 208, in wrapper
    validate_parameter_constraints(
  File "c:\Users\javier\Documents\escuela_ML_2026\Machine_Learning_Intro\.venv\Lib\site-packages\sklearn\utils\_param_validation.py", line 98, in validate_parameter_constraints
    raise InvalidParameterError(
sklearn.utils._param_validation.InvalidParameterError: The 'y_score' parameter of roc_auc_score must be an array-like. Got None instead.

  warnings.warn(traceback.format_exc())

2026-08-28 20:26:54,862:WARNING:c:\Users\javier\Documents\escuela_ML_2026\Machine_Learning_Intro\.venv\Lib\site-packages\pycaret\utils\generic.py:591: UserWarning: Traceback (most recent call last):
  File "c:\Users\javier\Documents\escuela_ML_2026\Machine_Learning_Intro\.venv\Lib\site-packages\pycaret\utils\generic.py", line 586, in _calculate_metric
    calculated_metric = score_func(y_test, target, sample_weight=weights, **kwargs)
                        ^^^^^^^^^^^^^^^^^^^^^^^^^^^^^^^^^^^^^^^^^^^^^^^^^^^^^^^^^^^
  File "c:\Users\javier\Documents\escuela_ML_2026\Machine_Learning_Intro\.venv\Lib\site-packages\pycaret\internal\metrics.py", line 150, in __call__
    return self.score_func(y_true, y_pred, **kwargs)
           ^^^^^^^^^^^^^^^^^^^^^^^^^^^^^^^^^^^^^^^^^
  File "c:\Users\javier\Documents\escuela_ML_2026\Machine_Learning_Intro\.venv\Lib\site-packages\sklearn\utils\_param_validation.py", line 208, in wrapper
    validate_parameter_constraints(
  File "c:\Users\javier\Documents\escuela_ML_2026\Machine_Learning_Intro\.venv\Lib\site-packages\sklearn\utils\_param_validation.py", line 98, in validate_parameter_constraints
    raise InvalidParameterError(
sklearn.utils._param_validation.InvalidParameterError: The 'y_score' parameter of roc_auc_score must be an array-like. Got None instead.

During handling of the above exception, another exception occurred:

Traceback (most recent call last):
  File "c:\Users\javier\Documents\escuela_ML_2026\Machine_Learning_Intro\.venv\Lib\site-packages\pycaret\utils\generic.py", line 589, in _calculate_metric
    calculated_metric = score_func(y_test, target, **kwargs)
                        ^^^^^^^^^^^^^^^^^^^^^^^^^^^^^^^^^^^^
  File "c:\Users\javier\Documents\escuela_ML_2026\Machine_Learning_Intro\.venv\Lib\site-packages\pycaret\internal\metrics.py", line 150, in __call__
    return self.score_func(y_true, y_pred, **kwargs)
           ^^^^^^^^^^^^^^^^^^^^^^^^^^^^^^^^^^^^^^^^^
  File "c:\Users\javier\Documents\escuela_ML_2026\Machine_Learning_Intro\.venv\Lib\site-packages\sklearn\utils\_param_validation.py", line 208, in wrapper
    validate_parameter_constraints(
  File "c:\Users\javier\Documents\escuela_ML_2026\Machine_Learning_Intro\.venv\Lib\site-packages\sklearn\utils\_param_validation.py", line 98, in validate_parameter_constraints
    raise InvalidParameterError(
sklearn.utils._param_validation.InvalidParameterError: The 'y_score' parameter of roc_auc_score must be an array-like. Got None instead.

  warnings.warn(traceback.format_exc())

2026-08-28 20:26:54,872:WARNING:c:\Users\javier\Documents\escuela_ML_2026\Machine_Learning_Intro\.venv\Lib\site-packages\sklearn\metrics\_classification.py:1879: UndefinedMetricWarning: Precision is ill-defined and being set to 0.0 in labels with no predicted samples. Use `zero_division` parameter to control this behavior.
  _warn_prf(average, modifier, f"{metric.capitalize()} is", result.shape[0])

2026-08-28 20:26:54,905:WARNING:c:\Users\javier\Documents\escuela_ML_2026\Machine_Learning_Intro\.venv\Lib\site-packages\pycaret\utils\generic.py:591: UserWarning: Traceback (most recent call last):
  File "c:\Users\javier\Documents\escuela_ML_2026\Machine_Learning_Intro\.venv\Lib\site-packages\pycaret\utils\generic.py", line 586, in _calculate_metric
    calculated_metric = score_func(y_test, target, sample_weight=weights, **kwargs)
                        ^^^^^^^^^^^^^^^^^^^^^^^^^^^^^^^^^^^^^^^^^^^^^^^^^^^^^^^^^^^
  File "c:\Users\javier\Documents\escuela_ML_2026\Machine_Learning_Intro\.venv\Lib\site-packages\pycaret\internal\metrics.py", line 150, in __call__
    return self.score_func(y_true, y_pred, **kwargs)
           ^^^^^^^^^^^^^^^^^^^^^^^^^^^^^^^^^^^^^^^^^
  File "c:\Users\javier\Documents\escuela_ML_2026\Machine_Learning_Intro\.venv\Lib\site-packages\sklearn\utils\_param_validation.py", line 208, in wrapper
    validate_parameter_constraints(
  File "c:\Users\javier\Documents\escuela_ML_2026\Machine_Learning_Intro\.venv\Lib\site-packages\sklearn\utils\_param_validation.py", line 98, in validate_parameter_constraints
    raise InvalidParameterError(
sklearn.utils._param_validation.InvalidParameterError: The 'y_score' parameter of roc_auc_score must be an array-like. Got None instead.

During handling of the above exception, another exception occurred:

Traceback (most recent call last):
  File "c:\Users\javier\Documents\escuela_ML_2026\Machine_Learning_Intro\.venv\Lib\site-packages\pycaret\utils\generic.py", line 589, in _calculate_metric
    calculated_metric = score_func(y_test, target, **kwargs)
                        ^^^^^^^^^^^^^^^^^^^^^^^^^^^^^^^^^^^^
  File "c:\Users\javier\Documents\escuela_ML_2026\Machine_Learning_Intro\.venv\Lib\site-packages\pycaret\internal\metrics.py", line 150, in __call__
    return self.score_func(y_true, y_pred, **kwargs)
           ^^^^^^^^^^^^^^^^^^^^^^^^^^^^^^^^^^^^^^^^^
  File "c:\Users\javier\Documents\escuela_ML_2026\Machine_Learning_Intro\.venv\Lib\site-packages\sklearn\utils\_param_validation.py", line 208, in wrapper
    validate_parameter_constraints(
  File "c:\Users\javier\Documents\escuela_ML_2026\Machine_Learning_Intro\.venv\Lib\site-packages\sklearn\utils\_param_validation.py", line 98, in validate_parameter_constraints
    raise InvalidParameterError(
sklearn.utils._param_validation.InvalidParameterError: The 'y_score' parameter of roc_auc_score must be an array-like. Got None instead.

  warnings.warn(traceback.format_exc())

2026-08-28 20:26:54,941:WARNING:c:\Users\javier\Documents\escuela_ML_2026\Machine_Learning_Intro\.venv\Lib\site-packages\pycaret\utils\generic.py:591: UserWarning: Traceback (most recent call last):
  File "c:\Users\javier\Documents\escuela_ML_2026\Machine_Learning_Intro\.venv\Lib\site-packages\pycaret\utils\generic.py", line 586, in _calculate_metric
    calculated_metric = score_func(y_test, target, sample_weight=weights, **kwargs)
                        ^^^^^^^^^^^^^^^^^^^^^^^^^^^^^^^^^^^^^^^^^^^^^^^^^^^^^^^^^^^
  File "c:\Users\javier\Documents\escuela_ML_2026\Machine_Learning_Intro\.venv\Lib\site-packages\pycaret\internal\metrics.py", line 150, in __call__
    return self.score_func(y_true, y_pred, **kwargs)
           ^^^^^^^^^^^^^^^^^^^^^^^^^^^^^^^^^^^^^^^^^
  File "c:\Users\javier\Documents\escuela_ML_2026\Machine_Learning_Intro\.venv\Lib\site-packages\sklearn\utils\_param_validation.py", line 208, in wrapper
    validate_parameter_constraints(
  File "c:\Users\javier\Documents\escuela_ML_2026\Machine_Learning_Intro\.venv\Lib\site-packages\sklearn\utils\_param_validation.py", line 98, in validate_parameter_constraints
    raise InvalidParameterError(
sklearn.utils._param_validation.InvalidParameterError: The 'y_score' parameter of roc_auc_score must be an array-like. Got None instead.

During handling of the above exception, another exception occurred:

Traceback (most recent call last):
  File "c:\Users\javier\Documents\escuela_ML_2026\Machine_Learning_Intro\.venv\Lib\site-packages\pycaret\utils\generic.py", line 589, in _calculate_metric
    calculated_metric = score_func(y_test, target, **kwargs)
                        ^^^^^^^^^^^^^^^^^^^^^^^^^^^^^^^^^^^^
  File "c:\Users\javier\Documents\escuela_ML_2026\Machine_Learning_Intro\.venv\Lib\site-packages\pycaret\internal\metrics.py", line 150, in __call__
    return self.score_func(y_true, y_pred, **kwargs)
           ^^^^^^^^^^^^^^^^^^^^^^^^^^^^^^^^^^^^^^^^^
  File "c:\Users\javier\Documents\escuela_ML_2026\Machine_Learning_Intro\.venv\Lib\site-packages\sklearn\utils\_param_validation.py", line 208, in wrapper
    validate_parameter_constraints(
  File "c:\Users\javier\Documents\escuela_ML_2026\Machine_Learning_Intro\.venv\Lib\site-packages\sklearn\utils\_param_validation.py", line 98, in validate_parameter_constraints
    raise InvalidParameterError(
sklearn.utils._param_validation.InvalidParameterError: The 'y_score' parameter of roc_auc_score must be an array-like. Got None instead.

  warnings.warn(traceback.format_exc())

2026-08-28 20:26:54,985:WARNING:c:\Users\javier\Documents\escuela_ML_2026\Machine_Learning_Intro\.venv\Lib\site-packages\pycaret\utils\generic.py:591: UserWarning: Traceback (most recent call last):
  File "c:\Users\javier\Documents\escuela_ML_2026\Machine_Learning_Intro\.venv\Lib\site-packages\pycaret\utils\generic.py", line 586, in _calculate_metric
    calculated_metric = score_func(y_test, target, sample_weight=weights, **kwargs)
                        ^^^^^^^^^^^^^^^^^^^^^^^^^^^^^^^^^^^^^^^^^^^^^^^^^^^^^^^^^^^
  File "c:\Users\javier\Documents\escuela_ML_2026\Machine_Learning_Intro\.venv\Lib\site-packages\pycaret\internal\metrics.py", line 150, in __call__
    return self.score_func(y_true, y_pred, **kwargs)
           ^^^^^^^^^^^^^^^^^^^^^^^^^^^^^^^^^^^^^^^^^
  File "c:\Users\javier\Documents\escuela_ML_2026\Machine_Learning_Intro\.venv\Lib\site-packages\sklearn\utils\_param_validation.py", line 208, in wrapper
    validate_parameter_constraints(
  File "c:\Users\javier\Documents\escuela_ML_2026\Machine_Learning_Intro\.venv\Lib\site-packages\sklearn\utils\_param_validation.py", line 98, in validate_parameter_constraints
    raise InvalidParameterError(
sklearn.utils._param_validation.InvalidParameterError: The 'y_score' parameter of roc_auc_score must be an array-like. Got None instead.

During handling of the above exception, another exception occurred:

Traceback (most recent call last):
  File "c:\Users\javier\Documents\escuela_ML_2026\Machine_Learning_Intro\.venv\Lib\site-packages\pycaret\utils\generic.py", line 589, in _calculate_metric
    calculated_metric = score_func(y_test, target, **kwargs)
                        ^^^^^^^^^^^^^^^^^^^^^^^^^^^^^^^^^^^^
  File "c:\Users\javier\Documents\escuela_ML_2026\Machine_Learning_Intro\.venv\Lib\site-packages\pycaret\internal\metrics.py", line 150, in __call__
    return self.score_func(y_true, y_pred, **kwargs)
           ^^^^^^^^^^^^^^^^^^^^^^^^^^^^^^^^^^^^^^^^^
  File "c:\Users\javier\Documents\escuela_ML_2026\Machine_Learning_Intro\.venv\Lib\site-packages\sklearn\utils\_param_validation.py", line 208, in wrapper
    validate_parameter_constraints(
  File "c:\Users\javier\Documents\escuela_ML_2026\Machine_Learning_Intro\.venv\Lib\site-packages\sklearn\utils\_param_validation.py", line 98, in validate_parameter_constraints
    raise InvalidParameterError(
sklearn.utils._param_validation.InvalidParameterError: The 'y_score' parameter of roc_auc_score must be an array-like. Got None instead.

  warnings.warn(traceback.format_exc())

2026-08-28 20:26:54,999:WARNING:c:\Users\javier\Documents\escuela_ML_2026\Machine_Learning_Intro\.venv\Lib\site-packages\pycaret\utils\generic.py:591: UserWarning: Traceback (most recent call last):
  File "c:\Users\javier\Documents\escuela_ML_2026\Machine_Learning_Intro\.venv\Lib\site-packages\pycaret\utils\generic.py", line 586, in _calculate_metric
    calculated_metric = score_func(y_test, target, sample_weight=weights, **kwargs)
                        ^^^^^^^^^^^^^^^^^^^^^^^^^^^^^^^^^^^^^^^^^^^^^^^^^^^^^^^^^^^
  File "c:\Users\javier\Documents\escuela_ML_2026\Machine_Learning_Intro\.venv\Lib\site-packages\pycaret\internal\metrics.py", line 150, in __call__
    return self.score_func(y_true, y_pred, **kwargs)
           ^^^^^^^^^^^^^^^^^^^^^^^^^^^^^^^^^^^^^^^^^
  File "c:\Users\javier\Documents\escuela_ML_2026\Machine_Learning_Intro\.venv\Lib\site-packages\sklearn\utils\_param_validation.py", line 208, in wrapper
    validate_parameter_constraints(
  File "c:\Users\javier\Documents\escuela_ML_2026\Machine_Learning_Intro\.venv\Lib\site-packages\sklearn\utils\_param_validation.py", line 98, in validate_parameter_constraints
    raise InvalidParameterError(
sklearn.utils._param_validation.InvalidParameterError: The 'y_score' parameter of roc_auc_score must be an array-like. Got None instead.

During handling of the above exception, another exception occurred:

Traceback (most recent call last):
  File "c:\Users\javier\Documents\escuela_ML_2026\Machine_Learning_Intro\.venv\Lib\site-packages\pycaret\utils\generic.py", line 589, in _calculate_metric
    calculated_metric = score_func(y_test, target, **kwargs)
                        ^^^^^^^^^^^^^^^^^^^^^^^^^^^^^^^^^^^^
  File "c:\Users\javier\Documents\escuela_ML_2026\Machine_Learning_Intro\.venv\Lib\site-packages\pycaret\internal\metrics.py", line 150, in __call__
    return self.score_func(y_true, y_pred, **kwargs)
           ^^^^^^^^^^^^^^^^^^^^^^^^^^^^^^^^^^^^^^^^^
  File "c:\Users\javier\Documents\escuela_ML_2026\Machine_Learning_Intro\.venv\Lib\site-packages\sklearn\utils\_param_validation.py", line 208, in wrapper
    validate_parameter_constraints(
  File "c:\Users\javier\Documents\escuela_ML_2026\Machine_Learning_Intro\.venv\Lib\site-packages\sklearn\utils\_param_validation.py", line 98, in validate_parameter_constraints
    raise InvalidParameterError(
sklearn.utils._param_validation.InvalidParameterError: The 'y_score' parameter of roc_auc_score must be an array-like. Got None instead.

  warnings.warn(traceback.format_exc())

2026-08-28 20:26:55,015:WARNING:c:\Users\javier\Documents\escuela_ML_2026\Machine_Learning_Intro\.venv\Lib\site-packages\pycaret\utils\generic.py:591: UserWarning: Traceback (most recent call last):
  File "c:\Users\javier\Documents\escuela_ML_2026\Machine_Learning_Intro\.venv\Lib\site-packages\pycaret\utils\generic.py", line 586, in _calculate_metric
    calculated_metric = score_func(y_test, target, sample_weight=weights, **kwargs)
                        ^^^^^^^^^^^^^^^^^^^^^^^^^^^^^^^^^^^^^^^^^^^^^^^^^^^^^^^^^^^
  File "c:\Users\javier\Documents\escuela_ML_2026\Machine_Learning_Intro\.venv\Lib\site-packages\pycaret\internal\metrics.py", line 150, in __call__
    return self.score_func(y_true, y_pred, **kwargs)
           ^^^^^^^^^^^^^^^^^^^^^^^^^^^^^^^^^^^^^^^^^
  File "c:\Users\javier\Documents\escuela_ML_2026\Machine_Learning_Intro\.venv\Lib\site-packages\sklearn\utils\_param_validation.py", line 208, in wrapper
    validate_parameter_constraints(
  File "c:\Users\javier\Documents\escuela_ML_2026\Machine_Learning_Intro\.venv\Lib\site-packages\sklearn\utils\_param_validation.py", line 98, in validate_parameter_constraints
    raise InvalidParameterError(
sklearn.utils._param_validation.InvalidParameterError: The 'y_score' parameter of roc_auc_score must be an array-like. Got None instead.

During handling of the above exception, another exception occurred:

Traceback (most recent call last):
  File "c:\Users\javier\Documents\escuela_ML_2026\Machine_Learning_Intro\.venv\Lib\site-packages\pycaret\utils\generic.py", line 589, in _calculate_metric
    calculated_metric = score_func(y_test, target, **kwargs)
                        ^^^^^^^^^^^^^^^^^^^^^^^^^^^^^^^^^^^^
  File "c:\Users\javier\Documents\escuela_ML_2026\Machine_Learning_Intro\.venv\Lib\site-packages\pycaret\internal\metrics.py", line 150, in __call__
    return self.score_func(y_true, y_pred, **kwargs)
           ^^^^^^^^^^^^^^^^^^^^^^^^^^^^^^^^^^^^^^^^^
  File "c:\Users\javier\Documents\escuela_ML_2026\Machine_Learning_Intro\.venv\Lib\site-packages\sklearn\utils\_param_validation.py", line 208, in wrapper
    validate_parameter_constraints(
  File "c:\Users\javier\Documents\escuela_ML_2026\Machine_Learning_Intro\.venv\Lib\site-packages\sklearn\utils\_param_validation.py", line 98, in validate_parameter_constraints
    raise InvalidParameterError(
sklearn.utils._param_validation.InvalidParameterError: The 'y_score' parameter of roc_auc_score must be an array-like. Got None instead.

  warnings.warn(traceback.format_exc())

2026-08-28 20:26:55,038:WARNING:c:\Users\javier\Documents\escuela_ML_2026\Machine_Learning_Intro\.venv\Lib\site-packages\pycaret\utils\generic.py:591: UserWarning: Traceback (most recent call last):
  File "c:\Users\javier\Documents\escuela_ML_2026\Machine_Learning_Intro\.venv\Lib\site-packages\pycaret\utils\generic.py", line 586, in _calculate_metric
    calculated_metric = score_func(y_test, target, sample_weight=weights, **kwargs)
                        ^^^^^^^^^^^^^^^^^^^^^^^^^^^^^^^^^^^^^^^^^^^^^^^^^^^^^^^^^^^
  File "c:\Users\javier\Documents\escuela_ML_2026\Machine_Learning_Intro\.venv\Lib\site-packages\pycaret\internal\metrics.py", line 150, in __call__
    return self.score_func(y_true, y_pred, **kwargs)
           ^^^^^^^^^^^^^^^^^^^^^^^^^^^^^^^^^^^^^^^^^
  File "c:\Users\javier\Documents\escuela_ML_2026\Machine_Learning_Intro\.venv\Lib\site-packages\sklearn\utils\_param_validation.py", line 208, in wrapper
    validate_parameter_constraints(
  File "c:\Users\javier\Documents\escuela_ML_2026\Machine_Learning_Intro\.venv\Lib\site-packages\sklearn\utils\_param_validation.py", line 98, in validate_parameter_constraints
    raise InvalidParameterError(
sklearn.utils._param_validation.InvalidParameterError: The 'y_score' parameter of roc_auc_score must be an array-like. Got None instead.

During handling of the above exception, another exception occurred:

Traceback (most recent call last):
  File "c:\Users\javier\Documents\escuela_ML_2026\Machine_Learning_Intro\.venv\Lib\site-packages\pycaret\utils\generic.py", line 589, in _calculate_metric
    calculated_metric = score_func(y_test, target, **kwargs)
                        ^^^^^^^^^^^^^^^^^^^^^^^^^^^^^^^^^^^^
  File "c:\Users\javier\Documents\escuela_ML_2026\Machine_Learning_Intro\.venv\Lib\site-packages\pycaret\internal\metrics.py", line 150, in __call__
    return self.score_func(y_true, y_pred, **kwargs)
           ^^^^^^^^^^^^^^^^^^^^^^^^^^^^^^^^^^^^^^^^^
  File "c:\Users\javier\Documents\escuela_ML_2026\Machine_Learning_Intro\.venv\Lib\site-packages\sklearn\utils\_param_validation.py", line 208, in wrapper
    validate_parameter_constraints(
  File "c:\Users\javier\Documents\escuela_ML_2026\Machine_Learning_Intro\.venv\Lib\site-packages\sklearn\utils\_param_validation.py", line 98, in validate_parameter_constraints
    raise InvalidParameterError(
sklearn.utils._param_validation.InvalidParameterError: The 'y_score' parameter of roc_auc_score must be an array-like. Got None instead.

  warnings.warn(traceback.format_exc())

2026-08-28 20:26:55,055:WARNING:c:\Users\javier\Documents\escuela_ML_2026\Machine_Learning_Intro\.venv\Lib\site-packages\pycaret\utils\generic.py:591: UserWarning: Traceback (most recent call last):
  File "c:\Users\javier\Documents\escuela_ML_2026\Machine_Learning_Intro\.venv\Lib\site-packages\pycaret\utils\generic.py", line 586, in _calculate_metric
    calculated_metric = score_func(y_test, target, sample_weight=weights, **kwargs)
                        ^^^^^^^^^^^^^^^^^^^^^^^^^^^^^^^^^^^^^^^^^^^^^^^^^^^^^^^^^^^
  File "c:\Users\javier\Documents\escuela_ML_2026\Machine_Learning_Intro\.venv\Lib\site-packages\pycaret\internal\metrics.py", line 150, in __call__
    return self.score_func(y_true, y_pred, **kwargs)
           ^^^^^^^^^^^^^^^^^^^^^^^^^^^^^^^^^^^^^^^^^
  File "c:\Users\javier\Documents\escuela_ML_2026\Machine_Learning_Intro\.venv\Lib\site-packages\sklearn\utils\_param_validation.py", line 208, in wrapper
    validate_parameter_constraints(
  File "c:\Users\javier\Documents\escuela_ML_2026\Machine_Learning_Intro\.venv\Lib\site-packages\sklearn\utils\_param_validation.py", line 98, in validate_parameter_constraints
    raise InvalidParameterError(
sklearn.utils._param_validation.InvalidParameterError: The 'y_score' parameter of roc_auc_score must be an array-like. Got None instead.

During handling of the above exception, another exception occurred:

Traceback (most recent call last):
  File "c:\Users\javier\Documents\escuela_ML_2026\Machine_Learning_Intro\.venv\Lib\site-packages\pycaret\utils\generic.py", line 589, in _calculate_metric
    calculated_metric = score_func(y_test, target, **kwargs)
                        ^^^^^^^^^^^^^^^^^^^^^^^^^^^^^^^^^^^^
  File "c:\Users\javier\Documents\escuela_ML_2026\Machine_Learning_Intro\.venv\Lib\site-packages\pycaret\internal\metrics.py", line 150, in __call__
    return self.score_func(y_true, y_pred, **kwargs)
           ^^^^^^^^^^^^^^^^^^^^^^^^^^^^^^^^^^^^^^^^^
  File "c:\Users\javier\Documents\escuela_ML_2026\Machine_Learning_Intro\.venv\Lib\site-packages\sklearn\utils\_param_validation.py", line 208, in wrapper
    validate_parameter_constraints(
  File "c:\Users\javier\Documents\escuela_ML_2026\Machine_Learning_Intro\.venv\Lib\site-packages\sklearn\utils\_param_validation.py", line 98, in validate_parameter_constraints
    raise InvalidParameterError(
sklearn.utils._param_validation.InvalidParameterError: The 'y_score' parameter of roc_auc_score must be an array-like. Got None instead.

  warnings.warn(traceback.format_exc())

2026-08-28 20:26:55,073:WARNING:c:\Users\javier\Documents\escuela_ML_2026\Machine_Learning_Intro\.venv\Lib\site-packages\pycaret\utils\generic.py:591: UserWarning: Traceback (most recent call last):
  File "c:\Users\javier\Documents\escuela_ML_2026\Machine_Learning_Intro\.venv\Lib\site-packages\pycaret\utils\generic.py", line 586, in _calculate_metric
    calculated_metric = score_func(y_test, target, sample_weight=weights, **kwargs)
                        ^^^^^^^^^^^^^^^^^^^^^^^^^^^^^^^^^^^^^^^^^^^^^^^^^^^^^^^^^^^
  File "c:\Users\javier\Documents\escuela_ML_2026\Machine_Learning_Intro\.venv\Lib\site-packages\pycaret\internal\metrics.py", line 150, in __call__
    return self.score_func(y_true, y_pred, **kwargs)
           ^^^^^^^^^^^^^^^^^^^^^^^^^^^^^^^^^^^^^^^^^
  File "c:\Users\javier\Documents\escuela_ML_2026\Machine_Learning_Intro\.venv\Lib\site-packages\sklearn\utils\_param_validation.py", line 208, in wrapper
    validate_parameter_constraints(
  File "c:\Users\javier\Documents\escuela_ML_2026\Machine_Learning_Intro\.venv\Lib\site-packages\sklearn\utils\_param_validation.py", line 98, in validate_parameter_constraints
    raise InvalidParameterError(
sklearn.utils._param_validation.InvalidParameterError: The 'y_score' parameter of roc_auc_score must be an array-like. Got None instead.

During handling of the above exception, another exception occurred:

Traceback (most recent call last):
  File "c:\Users\javier\Documents\escuela_ML_2026\Machine_Learning_Intro\.venv\Lib\site-packages\pycaret\utils\generic.py", line 589, in _calculate_metric
    calculated_metric = score_func(y_test, target, **kwargs)
                        ^^^^^^^^^^^^^^^^^^^^^^^^^^^^^^^^^^^^
  File "c:\Users\javier\Documents\escuela_ML_2026\Machine_Learning_Intro\.venv\Lib\site-packages\pycaret\internal\metrics.py", line 150, in __call__
    return self.score_func(y_true, y_pred, **kwargs)
           ^^^^^^^^^^^^^^^^^^^^^^^^^^^^^^^^^^^^^^^^^
  File "c:\Users\javier\Documents\escuela_ML_2026\Machine_Learning_Intro\.venv\Lib\site-packages\sklearn\utils\_param_validation.py", line 208, in wrapper
    validate_parameter_constraints(
  File "c:\Users\javier\Documents\escuela_ML_2026\Machine_Learning_Intro\.venv\Lib\site-packages\sklearn\utils\_param_validation.py", line 98, in validate_parameter_constraints
    raise InvalidParameterError(
sklearn.utils._param_validation.InvalidParameterError: The 'y_score' parameter of roc_auc_score must be an array-like. Got None instead.

  warnings.warn(traceback.format_exc())

2026-08-28 20:26:55,093:WARNING:c:\Users\javier\Documents\escuela_ML_2026\Machine_Learning_Intro\.venv\Lib\site-packages\pycaret\utils\generic.py:591: UserWarning: Traceback (most recent call last):
  File "c:\Users\javier\Documents\escuela_ML_2026\Machine_Learning_Intro\.venv\Lib\site-packages\pycaret\utils\generic.py", line 586, in _calculate_metric
    calculated_metric = score_func(y_test, target, sample_weight=weights, **kwargs)
                        ^^^^^^^^^^^^^^^^^^^^^^^^^^^^^^^^^^^^^^^^^^^^^^^^^^^^^^^^^^^
  File "c:\Users\javier\Documents\escuela_ML_2026\Machine_Learning_Intro\.venv\Lib\site-packages\pycaret\internal\metrics.py", line 150, in __call__
    return self.score_func(y_true, y_pred, **kwargs)
           ^^^^^^^^^^^^^^^^^^^^^^^^^^^^^^^^^^^^^^^^^
  File "c:\Users\javier\Documents\escuela_ML_2026\Machine_Learning_Intro\.venv\Lib\site-packages\sklearn\utils\_param_validation.py", line 208, in wrapper
    validate_parameter_constraints(
  File "c:\Users\javier\Documents\escuela_ML_2026\Machine_Learning_Intro\.venv\Lib\site-packages\sklearn\utils\_param_validation.py", line 98, in validate_parameter_constraints
    raise InvalidParameterError(
sklearn.utils._param_validation.InvalidParameterError: The 'y_score' parameter of roc_auc_score must be an array-like. Got None instead.

During handling of the above exception, another exception occurred:

Traceback (most recent call last):
  File "c:\Users\javier\Documents\escuela_ML_2026\Machine_Learning_Intro\.venv\Lib\site-packages\pycaret\utils\generic.py", line 589, in _calculate_metric
    calculated_metric = score_func(y_test, target, **kwargs)
                        ^^^^^^^^^^^^^^^^^^^^^^^^^^^^^^^^^^^^
  File "c:\Users\javier\Documents\escuela_ML_2026\Machine_Learning_Intro\.venv\Lib\site-packages\pycaret\internal\metrics.py", line 150, in __call__
    return self.score_func(y_true, y_pred, **kwargs)
           ^^^^^^^^^^^^^^^^^^^^^^^^^^^^^^^^^^^^^^^^^
  File "c:\Users\javier\Documents\escuela_ML_2026\Machine_Learning_Intro\.venv\Lib\site-packages\sklearn\utils\_param_validation.py", line 208, in wrapper
    validate_parameter_constraints(
  File "c:\Users\javier\Documents\escuela_ML_2026\Machine_Learning_Intro\.venv\Lib\site-packages\sklearn\utils\_param_validation.py", line 98, in validate_parameter_constraints
    raise InvalidParameterError(
sklearn.utils._param_validation.InvalidParameterError: The 'y_score' parameter of roc_auc_score must be an array-like. Got None instead.

  warnings.warn(traceback.format_exc())

2026-08-28 20:26:55,110:WARNING:c:\Users\javier\Documents\escuela_ML_2026\Machine_Learning_Intro\.venv\Lib\site-packages\pycaret\utils\generic.py:591: UserWarning: Traceback (most recent call last):
  File "c:\Users\javier\Documents\escuela_ML_2026\Machine_Learning_Intro\.venv\Lib\site-packages\pycaret\utils\generic.py", line 586, in _calculate_metric
    calculated_metric = score_func(y_test, target, sample_weight=weights, **kwargs)
                        ^^^^^^^^^^^^^^^^^^^^^^^^^^^^^^^^^^^^^^^^^^^^^^^^^^^^^^^^^^^
  File "c:\Users\javier\Documents\escuela_ML_2026\Machine_Learning_Intro\.venv\Lib\site-packages\pycaret\internal\metrics.py", line 150, in __call__
    return self.score_func(y_true, y_pred, **kwargs)
           ^^^^^^^^^^^^^^^^^^^^^^^^^^^^^^^^^^^^^^^^^
  File "c:\Users\javier\Documents\escuela_ML_2026\Machine_Learning_Intro\.venv\Lib\site-packages\sklearn\utils\_param_validation.py", line 208, in wrapper
    validate_parameter_constraints(
  File "c:\Users\javier\Documents\escuela_ML_2026\Machine_Learning_Intro\.venv\Lib\site-packages\sklearn\utils\_param_validation.py", line 98, in validate_parameter_constraints
    raise InvalidParameterError(
sklearn.utils._param_validation.InvalidParameterError: The 'y_score' parameter of roc_auc_score must be an array-like. Got None instead.

During handling of the above exception, another exception occurred:

Traceback (most recent call last):
  File "c:\Users\javier\Documents\escuela_ML_2026\Machine_Learning_Intro\.venv\Lib\site-packages\pycaret\utils\generic.py", line 589, in _calculate_metric
    calculated_metric = score_func(y_test, target, **kwargs)
                        ^^^^^^^^^^^^^^^^^^^^^^^^^^^^^^^^^^^^
  File "c:\Users\javier\Documents\escuela_ML_2026\Machine_Learning_Intro\.venv\Lib\site-packages\pycaret\internal\metrics.py", line 150, in __call__
    return self.score_func(y_true, y_pred, **kwargs)
           ^^^^^^^^^^^^^^^^^^^^^^^^^^^^^^^^^^^^^^^^^
  File "c:\Users\javier\Documents\escuela_ML_2026\Machine_Learning_Intro\.venv\Lib\site-packages\sklearn\utils\_param_validation.py", line 208, in wrapper
    validate_parameter_constraints(
  File "c:\Users\javier\Documents\escuela_ML_2026\Machine_Learning_Intro\.venv\Lib\site-packages\sklearn\utils\_param_validation.py", line 98, in validate_parameter_constraints
    raise InvalidParameterError(
sklearn.utils._param_validation.InvalidParameterError: The 'y_score' parameter of roc_auc_score must be an array-like. Got None instead.

  warnings.warn(traceback.format_exc())

2026-08-28 20:26:55,126:WARNING:c:\Users\javier\Documents\escuela_ML_2026\Machine_Learning_Intro\.venv\Lib\site-packages\pycaret\utils\generic.py:591: UserWarning: Traceback (most recent call last):
  File "c:\Users\javier\Documents\escuela_ML_2026\Machine_Learning_Intro\.venv\Lib\site-packages\pycaret\utils\generic.py", line 586, in _calculate_metric
    calculated_metric = score_func(y_test, target, sample_weight=weights, **kwargs)
                        ^^^^^^^^^^^^^^^^^^^^^^^^^^^^^^^^^^^^^^^^^^^^^^^^^^^^^^^^^^^
  File "c:\Users\javier\Documents\escuela_ML_2026\Machine_Learning_Intro\.venv\Lib\site-packages\pycaret\internal\metrics.py", line 150, in __call__
    return self.score_func(y_true, y_pred, **kwargs)
           ^^^^^^^^^^^^^^^^^^^^^^^^^^^^^^^^^^^^^^^^^
  File "c:\Users\javier\Documents\escuela_ML_2026\Machine_Learning_Intro\.venv\Lib\site-packages\sklearn\utils\_param_validation.py", line 208, in wrapper
    validate_parameter_constraints(
  File "c:\Users\javier\Documents\escuela_ML_2026\Machine_Learning_Intro\.venv\Lib\site-packages\sklearn\utils\_param_validation.py", line 98, in validate_parameter_constraints
    raise InvalidParameterError(
sklearn.utils._param_validation.InvalidParameterError: The 'y_score' parameter of roc_auc_score must be an array-like. Got None instead.

During handling of the above exception, another exception occurred:

Traceback (most recent call last):
  File "c:\Users\javier\Documents\escuela_ML_2026\Machine_Learning_Intro\.venv\Lib\site-packages\pycaret\utils\generic.py", line 589, in _calculate_metric
    calculated_metric = score_func(y_test, target, **kwargs)
                        ^^^^^^^^^^^^^^^^^^^^^^^^^^^^^^^^^^^^
  File "c:\Users\javier\Documents\escuela_ML_2026\Machine_Learning_Intro\.venv\Lib\site-packages\pycaret\internal\metrics.py", line 150, in __call__
    return self.score_func(y_true, y_pred, **kwargs)
           ^^^^^^^^^^^^^^^^^^^^^^^^^^^^^^^^^^^^^^^^^
  File "c:\Users\javier\Documents\escuela_ML_2026\Machine_Learning_Intro\.venv\Lib\site-packages\sklearn\utils\_param_validation.py", line 208, in wrapper
    validate_parameter_constraints(
  File "c:\Users\javier\Documents\escuela_ML_2026\Machine_Learning_Intro\.venv\Lib\site-packages\sklearn\utils\_param_validation.py", line 98, in validate_parameter_constraints
    raise InvalidParameterError(
sklearn.utils._param_validation.InvalidParameterError: The 'y_score' parameter of roc_auc_score must be an array-like. Got None instead.

  warnings.warn(traceback.format_exc())

2026-08-28 20:26:55,149:WARNING:c:\Users\javier\Documents\escuela_ML_2026\Machine_Learning_Intro\.venv\Lib\site-packages\pycaret\utils\generic.py:591: UserWarning: Traceback (most recent call last):
  File "c:\Users\javier\Documents\escuela_ML_2026\Machine_Learning_Intro\.venv\Lib\site-packages\pycaret\utils\generic.py", line 586, in _calculate_metric
    calculated_metric = score_func(y_test, target, sample_weight=weights, **kwargs)
                        ^^^^^^^^^^^^^^^^^^^^^^^^^^^^^^^^^^^^^^^^^^^^^^^^^^^^^^^^^^^
  File "c:\Users\javier\Documents\escuela_ML_2026\Machine_Learning_Intro\.venv\Lib\site-packages\pycaret\internal\metrics.py", line 150, in __call__
    return self.score_func(y_true, y_pred, **kwargs)
           ^^^^^^^^^^^^^^^^^^^^^^^^^^^^^^^^^^^^^^^^^
  File "c:\Users\javier\Documents\escuela_ML_2026\Machine_Learning_Intro\.venv\Lib\site-packages\sklearn\utils\_param_validation.py", line 208, in wrapper
    validate_parameter_constraints(
  File "c:\Users\javier\Documents\escuela_ML_2026\Machine_Learning_Intro\.venv\Lib\site-packages\sklearn\utils\_param_validation.py", line 98, in validate_parameter_constraints
    raise InvalidParameterError(
sklearn.utils._param_validation.InvalidParameterError: The 'y_score' parameter of roc_auc_score must be an array-like. Got None instead.

During handling of the above exception, another exception occurred:

Traceback (most recent call last):
  File "c:\Users\javier\Documents\escuela_ML_2026\Machine_Learning_Intro\.venv\Lib\site-packages\pycaret\utils\generic.py", line 589, in _calculate_metric
    calculated_metric = score_func(y_test, target, **kwargs)
                        ^^^^^^^^^^^^^^^^^^^^^^^^^^^^^^^^^^^^
  File "c:\Users\javier\Documents\escuela_ML_2026\Machine_Learning_Intro\.venv\Lib\site-packages\pycaret\internal\metrics.py", line 150, in __call__
    return self.score_func(y_true, y_pred, **kwargs)
           ^^^^^^^^^^^^^^^^^^^^^^^^^^^^^^^^^^^^^^^^^
  File "c:\Users\javier\Documents\escuela_ML_2026\Machine_Learning_Intro\.venv\Lib\site-packages\sklearn\utils\_param_validation.py", line 208, in wrapper
    validate_parameter_constraints(
  File "c:\Users\javier\Documents\escuela_ML_2026\Machine_Learning_Intro\.venv\Lib\site-packages\sklearn\utils\_param_validation.py", line 98, in validate_parameter_constraints
    raise InvalidParameterError(
sklearn.utils._param_validation.InvalidParameterError: The 'y_score' parameter of roc_auc_score must be an array-like. Got None instead.

  warnings.warn(traceback.format_exc())

2026-08-28 20:27:05,277:WARNING:c:\Users\javier\Documents\escuela_ML_2026\Machine_Learning_Intro\.venv\Lib\site-packages\sklearn\metrics\_classification.py:1879: UndefinedMetricWarning: Precision is ill-defined and being set to 0.0 in labels with no predicted samples. Use `zero_division` parameter to control this behavior.
  _warn_prf(average, modifier, f"{metric.capitalize()} is", result.shape[0])

2026-08-28 20:27:05,293:WARNING:c:\Users\javier\Documents\escuela_ML_2026\Machine_Learning_Intro\.venv\Lib\site-packages\sklearn\metrics\_classification.py:1879: UndefinedMetricWarning: Precision is ill-defined and being set to 0.0 in labels with no predicted samples. Use `zero_division` parameter to control this behavior.
  _warn_prf(average, modifier, f"{metric.capitalize()} is", result.shape[0])

2026-08-28 20:27:05,315:WARNING:c:\Users\javier\Documents\escuela_ML_2026\Machine_Learning_Intro\.venv\Lib\site-packages\sklearn\metrics\_classification.py:1879: UndefinedMetricWarning: Precision is ill-defined and being set to 0.0 in labels with no predicted samples. Use `zero_division` parameter to control this behavior.
  _warn_prf(average, modifier, f"{metric.capitalize()} is", result.shape[0])

2026-08-28 20:27:05,332:WARNING:c:\Users\javier\Documents\escuela_ML_2026\Machine_Learning_Intro\.venv\Lib\site-packages\sklearn\metrics\_classification.py:1879: UndefinedMetricWarning: Precision is ill-defined and being set to 0.0 in labels with no predicted samples. Use `zero_division` parameter to control this behavior.
  _warn_prf(average, modifier, f"{metric.capitalize()} is", result.shape[0])

2026-08-28 20:27:05,354:WARNING:c:\Users\javier\Documents\escuela_ML_2026\Machine_Learning_Intro\.venv\Lib\site-packages\sklearn\metrics\_classification.py:1879: UndefinedMetricWarning: Precision is ill-defined and being set to 0.0 in labels with no predicted samples. Use `zero_division` parameter to control this behavior.
  _warn_prf(average, modifier, f"{metric.capitalize()} is", result.shape[0])

2026-08-28 20:27:05,370:WARNING:c:\Users\javier\Documents\escuela_ML_2026\Machine_Learning_Intro\.venv\Lib\site-packages\sklearn\metrics\_classification.py:1879: UndefinedMetricWarning: Precision is ill-defined and being set to 0.0 in labels with no predicted samples. Use `zero_division` parameter to control this behavior.
  _warn_prf(average, modifier, f"{metric.capitalize()} is", result.shape[0])

2026-08-28 20:27:05,386:WARNING:c:\Users\javier\Documents\escuela_ML_2026\Machine_Learning_Intro\.venv\Lib\site-packages\sklearn\metrics\_classification.py:1879: UndefinedMetricWarning: Precision is ill-defined and being set to 0.0 in labels with no predicted samples. Use `zero_division` parameter to control this behavior.
  _warn_prf(average, modifier, f"{metric.capitalize()} is", result.shape[0])

2026-08-28 20:27:05,399:WARNING:c:\Users\javier\Documents\escuela_ML_2026\Machine_Learning_Intro\.venv\Lib\site-packages\sklearn\metrics\_classification.py:1879: UndefinedMetricWarning: Precision is ill-defined and being set to 0.0 in labels with no predicted samples. Use `zero_division` parameter to control this behavior.
  _warn_prf(average, modifier, f"{metric.capitalize()} is", result.shape[0])

2026-08-28 20:27:05,415:WARNING:c:\Users\javier\Documents\escuela_ML_2026\Machine_Learning_Intro\.venv\Lib\site-packages\sklearn\metrics\_classification.py:1879: UndefinedMetricWarning: Precision is ill-defined and being set to 0.0 in labels with no predicted samples. Use `zero_division` parameter to control this behavior.
  _warn_prf(average, modifier, f"{metric.capitalize()} is", result.shape[0])

2026-08-28 20:27:05,432:WARNING:c:\Users\javier\Documents\escuela_ML_2026\Machine_Learning_Intro\.venv\Lib\site-packages\sklearn\metrics\_classification.py:1879: UndefinedMetricWarning: Precision is ill-defined and being set to 0.0 in labels with no predicted samples. Use `zero_division` parameter to control this behavior.
  _warn_prf(average, modifier, f"{metric.capitalize()} is", result.shape[0])

2026-08-28 20:28:31,164:WARNING:c:\Users\javier\Documents\escuela_ML_2026\Machine_Learning_Intro\.venv\Lib\site-packages\sklearn\utils\validation.py:2827: UserWarning: X does not have valid feature names, but GaussianNB was fitted with feature names
  warnings.warn(

2026-08-28 20:31:02,304:WARNING:c:\Users\javier\Documents\escuela_ML_2026\Machine_Learning_Intro\.venv\Lib\site-packages\sklearn\utils\validation.py:2827: UserWarning: X does not have valid feature names, but GaussianNB was fitted with feature names
  warnings.warn(

2026-08-28 20:33:14,970:INFO:Soft dependency imported: xgboost: 3.2.0
2026-08-28 20:33:14,976:WARNING:
'lightgbm' is a soft dependency and not included in the pycaret installation. Install it with: `pip install lightgbm`.
2026-08-28 20:33:14,977:WARNING:
'catboost' is a soft dependency and not included in the pycaret installation. Install it with: `pip install catboost`.
Or install the extras bundle: `pip install pycaret[models]`.
2026-08-28 20:33:16,346:WARNING:c:\Users\javier\Documents\escuela_ML_2026\Machine_Learning_Intro\.venv\Lib\site-packages\pycaret\utils\generic.py:591: UserWarning: Traceback (most recent call last):
  File "c:\Users\javier\Documents\escuela_ML_2026\Machine_Learning_Intro\.venv\Lib\site-packages\pycaret\utils\generic.py", line 586, in _calculate_metric
    calculated_metric = score_func(y_test, target, sample_weight=weights, **kwargs)
                        ^^^^^^^^^^^^^^^^^^^^^^^^^^^^^^^^^^^^^^^^^^^^^^^^^^^^^^^^^^^
  File "c:\Users\javier\Documents\escuela_ML_2026\Machine_Learning_Intro\.venv\Lib\site-packages\pycaret\internal\metrics.py", line 150, in __call__
    return self.score_func(y_true, y_pred, **kwargs)
           ^^^^^^^^^^^^^^^^^^^^^^^^^^^^^^^^^^^^^^^^^
  File "c:\Users\javier\Documents\escuela_ML_2026\Machine_Learning_Intro\.venv\Lib\site-packages\sklearn\utils\_param_validation.py", line 208, in wrapper
    validate_parameter_constraints(
  File "c:\Users\javier\Documents\escuela_ML_2026\Machine_Learning_Intro\.venv\Lib\site-packages\sklearn\utils\_param_validation.py", line 98, in validate_parameter_constraints
    raise InvalidParameterError(
sklearn.utils._param_validation.InvalidParameterError: The 'y_score' parameter of roc_auc_score must be an array-like. Got None instead.

During handling of the above exception, another exception occurred:

Traceback (most recent call last):
  File "c:\Users\javier\Documents\escuela_ML_2026\Machine_Learning_Intro\.venv\Lib\site-packages\pycaret\utils\generic.py", line 589, in _calculate_metric
    calculated_metric = score_func(y_test, target, **kwargs)
                        ^^^^^^^^^^^^^^^^^^^^^^^^^^^^^^^^^^^^
  File "c:\Users\javier\Documents\escuela_ML_2026\Machine_Learning_Intro\.venv\Lib\site-packages\pycaret\internal\metrics.py", line 150, in __call__
    return self.score_func(y_true, y_pred, **kwargs)
           ^^^^^^^^^^^^^^^^^^^^^^^^^^^^^^^^^^^^^^^^^
  File "c:\Users\javier\Documents\escuela_ML_2026\Machine_Learning_Intro\.venv\Lib\site-packages\sklearn\utils\_param_validation.py", line 208, in wrapper
    validate_parameter_constraints(
  File "c:\Users\javier\Documents\escuela_ML_2026\Machine_Learning_Intro\.venv\Lib\site-packages\sklearn\utils\_param_validation.py", line 98, in validate_parameter_constraints
    raise InvalidParameterError(
sklearn.utils._param_validation.InvalidParameterError: The 'y_score' parameter of roc_auc_score must be an array-like. Got None instead.

  warnings.warn(traceback.format_exc())

2026-08-28 20:33:16,379:WARNING:c:\Users\javier\Documents\escuela_ML_2026\Machine_Learning_Intro\.venv\Lib\site-packages\pycaret\utils\generic.py:591: UserWarning: Traceback (most recent call last):
  File "c:\Users\javier\Documents\escuela_ML_2026\Machine_Learning_Intro\.venv\Lib\site-packages\pycaret\utils\generic.py", line 586, in _calculate_metric
    calculated_metric = score_func(y_test, target, sample_weight=weights, **kwargs)
                        ^^^^^^^^^^^^^^^^^^^^^^^^^^^^^^^^^^^^^^^^^^^^^^^^^^^^^^^^^^^
  File "c:\Users\javier\Documents\escuela_ML_2026\Machine_Learning_Intro\.venv\Lib\site-packages\pycaret\internal\metrics.py", line 150, in __call__
    return self.score_func(y_true, y_pred, **kwargs)
           ^^^^^^^^^^^^^^^^^^^^^^^^^^^^^^^^^^^^^^^^^
  File "c:\Users\javier\Documents\escuela_ML_2026\Machine_Learning_Intro\.venv\Lib\site-packages\sklearn\utils\_param_validation.py", line 208, in wrapper
    validate_parameter_constraints(
  File "c:\Users\javier\Documents\escuela_ML_2026\Machine_Learning_Intro\.venv\Lib\site-packages\sklearn\utils\_param_validation.py", line 98, in validate_parameter_constraints
    raise InvalidParameterError(
sklearn.utils._param_validation.InvalidParameterError: The 'y_score' parameter of roc_auc_score must be an array-like. Got None instead.

During handling of the above exception, another exception occurred:

Traceback (most recent call last):
  File "c:\Users\javier\Documents\escuela_ML_2026\Machine_Learning_Intro\.venv\Lib\site-packages\pycaret\utils\generic.py", line 589, in _calculate_metric
    calculated_metric = score_func(y_test, target, **kwargs)
                        ^^^^^^^^^^^^^^^^^^^^^^^^^^^^^^^^^^^^
  File "c:\Users\javier\Documents\escuela_ML_2026\Machine_Learning_Intro\.venv\Lib\site-packages\pycaret\internal\metrics.py", line 150, in __call__
    return self.score_func(y_true, y_pred, **kwargs)
           ^^^^^^^^^^^^^^^^^^^^^^^^^^^^^^^^^^^^^^^^^
  File "c:\Users\javier\Documents\escuela_ML_2026\Machine_Learning_Intro\.venv\Lib\site-packages\sklearn\utils\_param_validation.py", line 208, in wrapper
    validate_parameter_constraints(
  File "c:\Users\javier\Documents\escuela_ML_2026\Machine_Learning_Intro\.venv\Lib\site-packages\sklearn\utils\_param_validation.py", line 98, in validate_parameter_constraints
    raise InvalidParameterError(
sklearn.utils._param_validation.InvalidParameterError: The 'y_score' parameter of roc_auc_score must be an array-like. Got None instead.

  warnings.warn(traceback.format_exc())

2026-08-28 20:33:16,379:WARNING:c:\Users\javier\Documents\escuela_ML_2026\Machine_Learning_Intro\.venv\Lib\site-packages\sklearn\metrics\_classification.py:1879: UndefinedMetricWarning: Precision is ill-defined and being set to 0.0 in labels with no predicted samples. Use `zero_division` parameter to control this behavior.
  _warn_prf(average, modifier, f"{metric.capitalize()} is", result.shape[0])

2026-08-28 20:33:16,415:WARNING:c:\Users\javier\Documents\escuela_ML_2026\Machine_Learning_Intro\.venv\Lib\site-packages\pycaret\utils\generic.py:591: UserWarning: Traceback (most recent call last):
  File "c:\Users\javier\Documents\escuela_ML_2026\Machine_Learning_Intro\.venv\Lib\site-packages\pycaret\utils\generic.py", line 586, in _calculate_metric
    calculated_metric = score_func(y_test, target, sample_weight=weights, **kwargs)
                        ^^^^^^^^^^^^^^^^^^^^^^^^^^^^^^^^^^^^^^^^^^^^^^^^^^^^^^^^^^^
  File "c:\Users\javier\Documents\escuela_ML_2026\Machine_Learning_Intro\.venv\Lib\site-packages\pycaret\internal\metrics.py", line 150, in __call__
    return self.score_func(y_true, y_pred, **kwargs)
           ^^^^^^^^^^^^^^^^^^^^^^^^^^^^^^^^^^^^^^^^^
  File "c:\Users\javier\Documents\escuela_ML_2026\Machine_Learning_Intro\.venv\Lib\site-packages\sklearn\utils\_param_validation.py", line 208, in wrapper
    validate_parameter_constraints(
  File "c:\Users\javier\Documents\escuela_ML_2026\Machine_Learning_Intro\.venv\Lib\site-packages\sklearn\utils\_param_validation.py", line 98, in validate_parameter_constraints
    raise InvalidParameterError(
sklearn.utils._param_validation.InvalidParameterError: The 'y_score' parameter of roc_auc_score must be an array-like. Got None instead.

During handling of the above exception, another exception occurred:

Traceback (most recent call last):
  File "c:\Users\javier\Documents\escuela_ML_2026\Machine_Learning_Intro\.venv\Lib\site-packages\pycaret\utils\generic.py", line 589, in _calculate_metric
    calculated_metric = score_func(y_test, target, **kwargs)
                        ^^^^^^^^^^^^^^^^^^^^^^^^^^^^^^^^^^^^
  File "c:\Users\javier\Documents\escuela_ML_2026\Machine_Learning_Intro\.venv\Lib\site-packages\pycaret\internal\metrics.py", line 150, in __call__
    return self.score_func(y_true, y_pred, **kwargs)
           ^^^^^^^^^^^^^^^^^^^^^^^^^^^^^^^^^^^^^^^^^
  File "c:\Users\javier\Documents\escuela_ML_2026\Machine_Learning_Intro\.venv\Lib\site-packages\sklearn\utils\_param_validation.py", line 208, in wrapper
    validate_parameter_constraints(
  File "c:\Users\javier\Documents\escuela_ML_2026\Machine_Learning_Intro\.venv\Lib\site-packages\sklearn\utils\_param_validation.py", line 98, in validate_parameter_constraints
    raise InvalidParameterError(
sklearn.utils._param_validation.InvalidParameterError: The 'y_score' parameter of roc_auc_score must be an array-like. Got None instead.

  warnings.warn(traceback.format_exc())

2026-08-28 20:33:16,449:WARNING:c:\Users\javier\Documents\escuela_ML_2026\Machine_Learning_Intro\.venv\Lib\site-packages\pycaret\utils\generic.py:591: UserWarning: Traceback (most recent call last):
  File "c:\Users\javier\Documents\escuela_ML_2026\Machine_Learning_Intro\.venv\Lib\site-packages\pycaret\utils\generic.py", line 586, in _calculate_metric
    calculated_metric = score_func(y_test, target, sample_weight=weights, **kwargs)
                        ^^^^^^^^^^^^^^^^^^^^^^^^^^^^^^^^^^^^^^^^^^^^^^^^^^^^^^^^^^^
  File "c:\Users\javier\Documents\escuela_ML_2026\Machine_Learning_Intro\.venv\Lib\site-packages\pycaret\internal\metrics.py", line 150, in __call__
    return self.score_func(y_true, y_pred, **kwargs)
           ^^^^^^^^^^^^^^^^^^^^^^^^^^^^^^^^^^^^^^^^^
  File "c:\Users\javier\Documents\escuela_ML_2026\Machine_Learning_Intro\.venv\Lib\site-packages\sklearn\utils\_param_validation.py", line 208, in wrapper
    validate_parameter_constraints(
  File "c:\Users\javier\Documents\escuela_ML_2026\Machine_Learning_Intro\.venv\Lib\site-packages\sklearn\utils\_param_validation.py", line 98, in validate_parameter_constraints
    raise InvalidParameterError(
sklearn.utils._param_validation.InvalidParameterError: The 'y_score' parameter of roc_auc_score must be an array-like. Got None instead.

During handling of the above exception, another exception occurred:

Traceback (most recent call last):
  File "c:\Users\javier\Documents\escuela_ML_2026\Machine_Learning_Intro\.venv\Lib\site-packages\pycaret\utils\generic.py", line 589, in _calculate_metric
    calculated_metric = score_func(y_test, target, **kwargs)
                        ^^^^^^^^^^^^^^^^^^^^^^^^^^^^^^^^^^^^
  File "c:\Users\javier\Documents\escuela_ML_2026\Machine_Learning_Intro\.venv\Lib\site-packages\pycaret\internal\metrics.py", line 150, in __call__
    return self.score_func(y_true, y_pred, **kwargs)
           ^^^^^^^^^^^^^^^^^^^^^^^^^^^^^^^^^^^^^^^^^
  File "c:\Users\javier\Documents\escuela_ML_2026\Machine_Learning_Intro\.venv\Lib\site-packages\sklearn\utils\_param_validation.py", line 208, in wrapper
    validate_parameter_constraints(
  File "c:\Users\javier\Documents\escuela_ML_2026\Machine_Learning_Intro\.venv\Lib\site-packages\sklearn\utils\_param_validation.py", line 98, in validate_parameter_constraints
    raise InvalidParameterError(
sklearn.utils._param_validation.InvalidParameterError: The 'y_score' parameter of roc_auc_score must be an array-like. Got None instead.

  warnings.warn(traceback.format_exc())

2026-08-28 20:33:16,483:WARNING:c:\Users\javier\Documents\escuela_ML_2026\Machine_Learning_Intro\.venv\Lib\site-packages\pycaret\utils\generic.py:591: UserWarning: Traceback (most recent call last):
  File "c:\Users\javier\Documents\escuela_ML_2026\Machine_Learning_Intro\.venv\Lib\site-packages\pycaret\utils\generic.py", line 586, in _calculate_metric
    calculated_metric = score_func(y_test, target, sample_weight=weights, **kwargs)
                        ^^^^^^^^^^^^^^^^^^^^^^^^^^^^^^^^^^^^^^^^^^^^^^^^^^^^^^^^^^^
  File "c:\Users\javier\Documents\escuela_ML_2026\Machine_Learning_Intro\.venv\Lib\site-packages\pycaret\internal\metrics.py", line 150, in __call__
    return self.score_func(y_true, y_pred, **kwargs)
           ^^^^^^^^^^^^^^^^^^^^^^^^^^^^^^^^^^^^^^^^^
  File "c:\Users\javier\Documents\escuela_ML_2026\Machine_Learning_Intro\.venv\Lib\site-packages\sklearn\utils\_param_validation.py", line 208, in wrapper
    validate_parameter_constraints(
  File "c:\Users\javier\Documents\escuela_ML_2026\Machine_Learning_Intro\.venv\Lib\site-packages\sklearn\utils\_param_validation.py", line 98, in validate_parameter_constraints
    raise InvalidParameterError(
sklearn.utils._param_validation.InvalidParameterError: The 'y_score' parameter of roc_auc_score must be an array-like. Got None instead.

During handling of the above exception, another exception occurred:

Traceback (most recent call last):
  File "c:\Users\javier\Documents\escuela_ML_2026\Machine_Learning_Intro\.venv\Lib\site-packages\pycaret\utils\generic.py", line 589, in _calculate_metric
    calculated_metric = score_func(y_test, target, **kwargs)
                        ^^^^^^^^^^^^^^^^^^^^^^^^^^^^^^^^^^^^
  File "c:\Users\javier\Documents\escuela_ML_2026\Machine_Learning_Intro\.venv\Lib\site-packages\pycaret\internal\metrics.py", line 150, in __call__
    return self.score_func(y_true, y_pred, **kwargs)
           ^^^^^^^^^^^^^^^^^^^^^^^^^^^^^^^^^^^^^^^^^
  File "c:\Users\javier\Documents\escuela_ML_2026\Machine_Learning_Intro\.venv\Lib\site-packages\sklearn\utils\_param_validation.py", line 208, in wrapper
    validate_parameter_constraints(
  File "c:\Users\javier\Documents\escuela_ML_2026\Machine_Learning_Intro\.venv\Lib\site-packages\sklearn\utils\_param_validation.py", line 98, in validate_parameter_constraints
    raise InvalidParameterError(
sklearn.utils._param_validation.InvalidParameterError: The 'y_score' parameter of roc_auc_score must be an array-like. Got None instead.

  warnings.warn(traceback.format_exc())

2026-08-28 20:33:16,524:WARNING:c:\Users\javier\Documents\escuela_ML_2026\Machine_Learning_Intro\.venv\Lib\site-packages\pycaret\utils\generic.py:591: UserWarning: Traceback (most recent call last):
  File "c:\Users\javier\Documents\escuela_ML_2026\Machine_Learning_Intro\.venv\Lib\site-packages\pycaret\utils\generic.py", line 586, in _calculate_metric
    calculated_metric = score_func(y_test, target, sample_weight=weights, **kwargs)
                        ^^^^^^^^^^^^^^^^^^^^^^^^^^^^^^^^^^^^^^^^^^^^^^^^^^^^^^^^^^^
  File "c:\Users\javier\Documents\escuela_ML_2026\Machine_Learning_Intro\.venv\Lib\site-packages\pycaret\internal\metrics.py", line 150, in __call__
    return self.score_func(y_true, y_pred, **kwargs)
           ^^^^^^^^^^^^^^^^^^^^^^^^^^^^^^^^^^^^^^^^^
  File "c:\Users\javier\Documents\escuela_ML_2026\Machine_Learning_Intro\.venv\Lib\site-packages\sklearn\utils\_param_validation.py", line 208, in wrapper
    validate_parameter_constraints(
  File "c:\Users\javier\Documents\escuela_ML_2026\Machine_Learning_Intro\.venv\Lib\site-packages\sklearn\utils\_param_validation.py", line 98, in validate_parameter_constraints
    raise InvalidParameterError(
sklearn.utils._param_validation.InvalidParameterError: The 'y_score' parameter of roc_auc_score must be an array-like. Got None instead.

During handling of the above exception, another exception occurred:

Traceback (most recent call last):
  File "c:\Users\javier\Documents\escuela_ML_2026\Machine_Learning_Intro\.venv\Lib\site-packages\pycaret\utils\generic.py", line 589, in _calculate_metric
    calculated_metric = score_func(y_test, target, **kwargs)
                        ^^^^^^^^^^^^^^^^^^^^^^^^^^^^^^^^^^^^
  File "c:\Users\javier\Documents\escuela_ML_2026\Machine_Learning_Intro\.venv\Lib\site-packages\pycaret\internal\metrics.py", line 150, in __call__
    return self.score_func(y_true, y_pred, **kwargs)
           ^^^^^^^^^^^^^^^^^^^^^^^^^^^^^^^^^^^^^^^^^
  File "c:\Users\javier\Documents\escuela_ML_2026\Machine_Learning_Intro\.venv\Lib\site-packages\sklearn\utils\_param_validation.py", line 208, in wrapper
    validate_parameter_constraints(
  File "c:\Users\javier\Documents\escuela_ML_2026\Machine_Learning_Intro\.venv\Lib\site-packages\sklearn\utils\_param_validation.py", line 98, in validate_parameter_constraints
    raise InvalidParameterError(
sklearn.utils._param_validation.InvalidParameterError: The 'y_score' parameter of roc_auc_score must be an array-like. Got None instead.

  warnings.warn(traceback.format_exc())

2026-08-28 20:33:16,563:WARNING:c:\Users\javier\Documents\escuela_ML_2026\Machine_Learning_Intro\.venv\Lib\site-packages\pycaret\utils\generic.py:591: UserWarning: Traceback (most recent call last):
  File "c:\Users\javier\Documents\escuela_ML_2026\Machine_Learning_Intro\.venv\Lib\site-packages\pycaret\utils\generic.py", line 586, in _calculate_metric
    calculated_metric = score_func(y_test, target, sample_weight=weights, **kwargs)
                        ^^^^^^^^^^^^^^^^^^^^^^^^^^^^^^^^^^^^^^^^^^^^^^^^^^^^^^^^^^^
  File "c:\Users\javier\Documents\escuela_ML_2026\Machine_Learning_Intro\.venv\Lib\site-packages\pycaret\internal\metrics.py", line 150, in __call__
    return self.score_func(y_true, y_pred, **kwargs)
           ^^^^^^^^^^^^^^^^^^^^^^^^^^^^^^^^^^^^^^^^^
  File "c:\Users\javier\Documents\escuela_ML_2026\Machine_Learning_Intro\.venv\Lib\site-packages\sklearn\utils\_param_validation.py", line 208, in wrapper
    validate_parameter_constraints(
  File "c:\Users\javier\Documents\escuela_ML_2026\Machine_Learning_Intro\.venv\Lib\site-packages\sklearn\utils\_param_validation.py", line 98, in validate_parameter_constraints
    raise InvalidParameterError(
sklearn.utils._param_validation.InvalidParameterError: The 'y_score' parameter of roc_auc_score must be an array-like. Got None instead.

During handling of the above exception, another exception occurred:

Traceback (most recent call last):
  File "c:\Users\javier\Documents\escuela_ML_2026\Machine_Learning_Intro\.venv\Lib\site-packages\pycaret\utils\generic.py", line 589, in _calculate_metric
    calculated_metric = score_func(y_test, target, **kwargs)
                        ^^^^^^^^^^^^^^^^^^^^^^^^^^^^^^^^^^^^
  File "c:\Users\javier\Documents\escuela_ML_2026\Machine_Learning_Intro\.venv\Lib\site-packages\pycaret\internal\metrics.py", line 150, in __call__
    return self.score_func(y_true, y_pred, **kwargs)
           ^^^^^^^^^^^^^^^^^^^^^^^^^^^^^^^^^^^^^^^^^
  File "c:\Users\javier\Documents\escuela_ML_2026\Machine_Learning_Intro\.venv\Lib\site-packages\sklearn\utils\_param_validation.py", line 208, in wrapper
    validate_parameter_constraints(
  File "c:\Users\javier\Documents\escuela_ML_2026\Machine_Learning_Intro\.venv\Lib\site-packages\sklearn\utils\_param_validation.py", line 98, in validate_parameter_constraints
    raise InvalidParameterError(
sklearn.utils._param_validation.InvalidParameterError: The 'y_score' parameter of roc_auc_score must be an array-like. Got None instead.

  warnings.warn(traceback.format_exc())

2026-08-28 20:33:16,594:WARNING:c:\Users\javier\Documents\escuela_ML_2026\Machine_Learning_Intro\.venv\Lib\site-packages\pycaret\utils\generic.py:591: UserWarning: Traceback (most recent call last):
  File "c:\Users\javier\Documents\escuela_ML_2026\Machine_Learning_Intro\.venv\Lib\site-packages\pycaret\utils\generic.py", line 586, in _calculate_metric
    calculated_metric = score_func(y_test, target, sample_weight=weights, **kwargs)
                        ^^^^^^^^^^^^^^^^^^^^^^^^^^^^^^^^^^^^^^^^^^^^^^^^^^^^^^^^^^^
  File "c:\Users\javier\Documents\escuela_ML_2026\Machine_Learning_Intro\.venv\Lib\site-packages\pycaret\internal\metrics.py", line 150, in __call__
    return self.score_func(y_true, y_pred, **kwargs)
           ^^^^^^^^^^^^^^^^^^^^^^^^^^^^^^^^^^^^^^^^^
  File "c:\Users\javier\Documents\escuela_ML_2026\Machine_Learning_Intro\.venv\Lib\site-packages\sklearn\utils\_param_validation.py", line 208, in wrapper
    validate_parameter_constraints(
  File "c:\Users\javier\Documents\escuela_ML_2026\Machine_Learning_Intro\.venv\Lib\site-packages\sklearn\utils\_param_validation.py", line 98, in validate_parameter_constraints
    raise InvalidParameterError(
sklearn.utils._param_validation.InvalidParameterError: The 'y_score' parameter of roc_auc_score must be an array-like. Got None instead.

During handling of the above exception, another exception occurred:

Traceback (most recent call last):
  File "c:\Users\javier\Documents\escuela_ML_2026\Machine_Learning_Intro\.venv\Lib\site-packages\pycaret\utils\generic.py", line 589, in _calculate_metric
    calculated_metric = score_func(y_test, target, **kwargs)
                        ^^^^^^^^^^^^^^^^^^^^^^^^^^^^^^^^^^^^
  File "c:\Users\javier\Documents\escuela_ML_2026\Machine_Learning_Intro\.venv\Lib\site-packages\pycaret\internal\metrics.py", line 150, in __call__
    return self.score_func(y_true, y_pred, **kwargs)
           ^^^^^^^^^^^^^^^^^^^^^^^^^^^^^^^^^^^^^^^^^
  File "c:\Users\javier\Documents\escuela_ML_2026\Machine_Learning_Intro\.venv\Lib\site-packages\sklearn\utils\_param_validation.py", line 208, in wrapper
    validate_parameter_constraints(
  File "c:\Users\javier\Documents\escuela_ML_2026\Machine_Learning_Intro\.venv\Lib\site-packages\sklearn\utils\_param_validation.py", line 98, in validate_parameter_constraints
    raise InvalidParameterError(
sklearn.utils._param_validation.InvalidParameterError: The 'y_score' parameter of roc_auc_score must be an array-like. Got None instead.

  warnings.warn(traceback.format_exc())

2026-08-28 20:33:16,594:WARNING:c:\Users\javier\Documents\escuela_ML_2026\Machine_Learning_Intro\.venv\Lib\site-packages\sklearn\metrics\_classification.py:1879: UndefinedMetricWarning: Precision is ill-defined and being set to 0.0 in labels with no predicted samples. Use `zero_division` parameter to control this behavior.
  _warn_prf(average, modifier, f"{metric.capitalize()} is", result.shape[0])

2026-08-28 20:33:16,627:WARNING:c:\Users\javier\Documents\escuela_ML_2026\Machine_Learning_Intro\.venv\Lib\site-packages\pycaret\utils\generic.py:591: UserWarning: Traceback (most recent call last):
  File "c:\Users\javier\Documents\escuela_ML_2026\Machine_Learning_Intro\.venv\Lib\site-packages\pycaret\utils\generic.py", line 586, in _calculate_metric
    calculated_metric = score_func(y_test, target, sample_weight=weights, **kwargs)
                        ^^^^^^^^^^^^^^^^^^^^^^^^^^^^^^^^^^^^^^^^^^^^^^^^^^^^^^^^^^^
  File "c:\Users\javier\Documents\escuela_ML_2026\Machine_Learning_Intro\.venv\Lib\site-packages\pycaret\internal\metrics.py", line 150, in __call__
    return self.score_func(y_true, y_pred, **kwargs)
           ^^^^^^^^^^^^^^^^^^^^^^^^^^^^^^^^^^^^^^^^^
  File "c:\Users\javier\Documents\escuela_ML_2026\Machine_Learning_Intro\.venv\Lib\site-packages\sklearn\utils\_param_validation.py", line 208, in wrapper
    validate_parameter_constraints(
  File "c:\Users\javier\Documents\escuela_ML_2026\Machine_Learning_Intro\.venv\Lib\site-packages\sklearn\utils\_param_validation.py", line 98, in validate_parameter_constraints
    raise InvalidParameterError(
sklearn.utils._param_validation.InvalidParameterError: The 'y_score' parameter of roc_auc_score must be an array-like. Got None instead.

During handling of the above exception, another exception occurred:

Traceback (most recent call last):
  File "c:\Users\javier\Documents\escuela_ML_2026\Machine_Learning_Intro\.venv\Lib\site-packages\pycaret\utils\generic.py", line 589, in _calculate_metric
    calculated_metric = score_func(y_test, target, **kwargs)
                        ^^^^^^^^^^^^^^^^^^^^^^^^^^^^^^^^^^^^
  File "c:\Users\javier\Documents\escuela_ML_2026\Machine_Learning_Intro\.venv\Lib\site-packages\pycaret\internal\metrics.py", line 150, in __call__
    return self.score_func(y_true, y_pred, **kwargs)
           ^^^^^^^^^^^^^^^^^^^^^^^^^^^^^^^^^^^^^^^^^
  File "c:\Users\javier\Documents\escuela_ML_2026\Machine_Learning_Intro\.venv\Lib\site-packages\sklearn\utils\_param_validation.py", line 208, in wrapper
    validate_parameter_constraints(
  File "c:\Users\javier\Documents\escuela_ML_2026\Machine_Learning_Intro\.venv\Lib\site-packages\sklearn\utils\_param_validation.py", line 98, in validate_parameter_constraints
    raise InvalidParameterError(
sklearn.utils._param_validation.InvalidParameterError: The 'y_score' parameter of roc_auc_score must be an array-like. Got None instead.

  warnings.warn(traceback.format_exc())

2026-08-28 20:33:16,662:WARNING:c:\Users\javier\Documents\escuela_ML_2026\Machine_Learning_Intro\.venv\Lib\site-packages\pycaret\utils\generic.py:591: UserWarning: Traceback (most recent call last):
  File "c:\Users\javier\Documents\escuela_ML_2026\Machine_Learning_Intro\.venv\Lib\site-packages\pycaret\utils\generic.py", line 586, in _calculate_metric
    calculated_metric = score_func(y_test, target, sample_weight=weights, **kwargs)
                        ^^^^^^^^^^^^^^^^^^^^^^^^^^^^^^^^^^^^^^^^^^^^^^^^^^^^^^^^^^^
  File "c:\Users\javier\Documents\escuela_ML_2026\Machine_Learning_Intro\.venv\Lib\site-packages\pycaret\internal\metrics.py", line 150, in __call__
    return self.score_func(y_true, y_pred, **kwargs)
           ^^^^^^^^^^^^^^^^^^^^^^^^^^^^^^^^^^^^^^^^^
  File "c:\Users\javier\Documents\escuela_ML_2026\Machine_Learning_Intro\.venv\Lib\site-packages\sklearn\utils\_param_validation.py", line 208, in wrapper
    validate_parameter_constraints(
  File "c:\Users\javier\Documents\escuela_ML_2026\Machine_Learning_Intro\.venv\Lib\site-packages\sklearn\utils\_param_validation.py", line 98, in validate_parameter_constraints
    raise InvalidParameterError(
sklearn.utils._param_validation.InvalidParameterError: The 'y_score' parameter of roc_auc_score must be an array-like. Got None instead.

During handling of the above exception, another exception occurred:

Traceback (most recent call last):
  File "c:\Users\javier\Documents\escuela_ML_2026\Machine_Learning_Intro\.venv\Lib\site-packages\pycaret\utils\generic.py", line 589, in _calculate_metric
    calculated_metric = score_func(y_test, target, **kwargs)
                        ^^^^^^^^^^^^^^^^^^^^^^^^^^^^^^^^^^^^
  File "c:\Users\javier\Documents\escuela_ML_2026\Machine_Learning_Intro\.venv\Lib\site-packages\pycaret\internal\metrics.py", line 150, in __call__
    return self.score_func(y_true, y_pred, **kwargs)
           ^^^^^^^^^^^^^^^^^^^^^^^^^^^^^^^^^^^^^^^^^
  File "c:\Users\javier\Documents\escuela_ML_2026\Machine_Learning_Intro\.venv\Lib\site-packages\sklearn\utils\_param_validation.py", line 208, in wrapper
    validate_parameter_constraints(
  File "c:\Users\javier\Documents\escuela_ML_2026\Machine_Learning_Intro\.venv\Lib\site-packages\sklearn\utils\_param_validation.py", line 98, in validate_parameter_constraints
    raise InvalidParameterError(
sklearn.utils._param_validation.InvalidParameterError: The 'y_score' parameter of roc_auc_score must be an array-like. Got None instead.

  warnings.warn(traceback.format_exc())

2026-08-28 20:33:16,705:WARNING:c:\Users\javier\Documents\escuela_ML_2026\Machine_Learning_Intro\.venv\Lib\site-packages\pycaret\utils\generic.py:591: UserWarning: Traceback (most recent call last):
  File "c:\Users\javier\Documents\escuela_ML_2026\Machine_Learning_Intro\.venv\Lib\site-packages\pycaret\utils\generic.py", line 586, in _calculate_metric
    calculated_metric = score_func(y_test, target, sample_weight=weights, **kwargs)
                        ^^^^^^^^^^^^^^^^^^^^^^^^^^^^^^^^^^^^^^^^^^^^^^^^^^^^^^^^^^^
  File "c:\Users\javier\Documents\escuela_ML_2026\Machine_Learning_Intro\.venv\Lib\site-packages\pycaret\internal\metrics.py", line 150, in __call__
    return self.score_func(y_true, y_pred, **kwargs)
           ^^^^^^^^^^^^^^^^^^^^^^^^^^^^^^^^^^^^^^^^^
  File "c:\Users\javier\Documents\escuela_ML_2026\Machine_Learning_Intro\.venv\Lib\site-packages\sklearn\utils\_param_validation.py", line 208, in wrapper
    validate_parameter_constraints(
  File "c:\Users\javier\Documents\escuela_ML_2026\Machine_Learning_Intro\.venv\Lib\site-packages\sklearn\utils\_param_validation.py", line 98, in validate_parameter_constraints
    raise InvalidParameterError(
sklearn.utils._param_validation.InvalidParameterError: The 'y_score' parameter of roc_auc_score must be an array-like. Got None instead.

During handling of the above exception, another exception occurred:

Traceback (most recent call last):
  File "c:\Users\javier\Documents\escuela_ML_2026\Machine_Learning_Intro\.venv\Lib\site-packages\pycaret\utils\generic.py", line 589, in _calculate_metric
    calculated_metric = score_func(y_test, target, **kwargs)
                        ^^^^^^^^^^^^^^^^^^^^^^^^^^^^^^^^^^^^
  File "c:\Users\javier\Documents\escuela_ML_2026\Machine_Learning_Intro\.venv\Lib\site-packages\pycaret\internal\metrics.py", line 150, in __call__
    return self.score_func(y_true, y_pred, **kwargs)
           ^^^^^^^^^^^^^^^^^^^^^^^^^^^^^^^^^^^^^^^^^
  File "c:\Users\javier\Documents\escuela_ML_2026\Machine_Learning_Intro\.venv\Lib\site-packages\sklearn\utils\_param_validation.py", line 208, in wrapper
    validate_parameter_constraints(
  File "c:\Users\javier\Documents\escuela_ML_2026\Machine_Learning_Intro\.venv\Lib\site-packages\sklearn\utils\_param_validation.py", line 98, in validate_parameter_constraints
    raise InvalidParameterError(
sklearn.utils._param_validation.InvalidParameterError: The 'y_score' parameter of roc_auc_score must be an array-like. Got None instead.

  warnings.warn(traceback.format_exc())

2026-08-28 20:33:16,713:WARNING:c:\Users\javier\Documents\escuela_ML_2026\Machine_Learning_Intro\.venv\Lib\site-packages\pycaret\utils\generic.py:591: UserWarning: Traceback (most recent call last):
  File "c:\Users\javier\Documents\escuela_ML_2026\Machine_Learning_Intro\.venv\Lib\site-packages\pycaret\utils\generic.py", line 586, in _calculate_metric
    calculated_metric = score_func(y_test, target, sample_weight=weights, **kwargs)
                        ^^^^^^^^^^^^^^^^^^^^^^^^^^^^^^^^^^^^^^^^^^^^^^^^^^^^^^^^^^^
  File "c:\Users\javier\Documents\escuela_ML_2026\Machine_Learning_Intro\.venv\Lib\site-packages\pycaret\internal\metrics.py", line 150, in __call__
    return self.score_func(y_true, y_pred, **kwargs)
           ^^^^^^^^^^^^^^^^^^^^^^^^^^^^^^^^^^^^^^^^^
  File "c:\Users\javier\Documents\escuela_ML_2026\Machine_Learning_Intro\.venv\Lib\site-packages\sklearn\utils\_param_validation.py", line 208, in wrapper
    validate_parameter_constraints(
  File "c:\Users\javier\Documents\escuela_ML_2026\Machine_Learning_Intro\.venv\Lib\site-packages\sklearn\utils\_param_validation.py", line 98, in validate_parameter_constraints
    raise InvalidParameterError(
sklearn.utils._param_validation.InvalidParameterError: The 'y_score' parameter of roc_auc_score must be an array-like. Got None instead.

During handling of the above exception, another exception occurred:

Traceback (most recent call last):
  File "c:\Users\javier\Documents\escuela_ML_2026\Machine_Learning_Intro\.venv\Lib\site-packages\pycaret\utils\generic.py", line 589, in _calculate_metric
    calculated_metric = score_func(y_test, target, **kwargs)
                        ^^^^^^^^^^^^^^^^^^^^^^^^^^^^^^^^^^^^
  File "c:\Users\javier\Documents\escuela_ML_2026\Machine_Learning_Intro\.venv\Lib\site-packages\pycaret\internal\metrics.py", line 150, in __call__
    return self.score_func(y_true, y_pred, **kwargs)
           ^^^^^^^^^^^^^^^^^^^^^^^^^^^^^^^^^^^^^^^^^
  File "c:\Users\javier\Documents\escuela_ML_2026\Machine_Learning_Intro\.venv\Lib\site-packages\sklearn\utils\_param_validation.py", line 208, in wrapper
    validate_parameter_constraints(
  File "c:\Users\javier\Documents\escuela_ML_2026\Machine_Learning_Intro\.venv\Lib\site-packages\sklearn\utils\_param_validation.py", line 98, in validate_parameter_constraints
    raise InvalidParameterError(
sklearn.utils._param_validation.InvalidParameterError: The 'y_score' parameter of roc_auc_score must be an array-like. Got None instead.

  warnings.warn(traceback.format_exc())

2026-08-28 20:33:16,739:WARNING:c:\Users\javier\Documents\escuela_ML_2026\Machine_Learning_Intro\.venv\Lib\site-packages\pycaret\utils\generic.py:591: UserWarning: Traceback (most recent call last):
  File "c:\Users\javier\Documents\escuela_ML_2026\Machine_Learning_Intro\.venv\Lib\site-packages\pycaret\utils\generic.py", line 586, in _calculate_metric
    calculated_metric = score_func(y_test, target, sample_weight=weights, **kwargs)
                        ^^^^^^^^^^^^^^^^^^^^^^^^^^^^^^^^^^^^^^^^^^^^^^^^^^^^^^^^^^^
  File "c:\Users\javier\Documents\escuela_ML_2026\Machine_Learning_Intro\.venv\Lib\site-packages\pycaret\internal\metrics.py", line 150, in __call__
    return self.score_func(y_true, y_pred, **kwargs)
           ^^^^^^^^^^^^^^^^^^^^^^^^^^^^^^^^^^^^^^^^^
  File "c:\Users\javier\Documents\escuela_ML_2026\Machine_Learning_Intro\.venv\Lib\site-packages\sklearn\utils\_param_validation.py", line 208, in wrapper
    validate_parameter_constraints(
  File "c:\Users\javier\Documents\escuela_ML_2026\Machine_Learning_Intro\.venv\Lib\site-packages\sklearn\utils\_param_validation.py", line 98, in validate_parameter_constraints
    raise InvalidParameterError(
sklearn.utils._param_validation.InvalidParameterError: The 'y_score' parameter of roc_auc_score must be an array-like. Got None instead.

During handling of the above exception, another exception occurred:

Traceback (most recent call last):
  File "c:\Users\javier\Documents\escuela_ML_2026\Machine_Learning_Intro\.venv\Lib\site-packages\pycaret\utils\generic.py", line 589, in _calculate_metric
    calculated_metric = score_func(y_test, target, **kwargs)
                        ^^^^^^^^^^^^^^^^^^^^^^^^^^^^^^^^^^^^
  File "c:\Users\javier\Documents\escuela_ML_2026\Machine_Learning_Intro\.venv\Lib\site-packages\pycaret\internal\metrics.py", line 150, in __call__
    return self.score_func(y_true, y_pred, **kwargs)
           ^^^^^^^^^^^^^^^^^^^^^^^^^^^^^^^^^^^^^^^^^
  File "c:\Users\javier\Documents\escuela_ML_2026\Machine_Learning_Intro\.venv\Lib\site-packages\sklearn\utils\_param_validation.py", line 208, in wrapper
    validate_parameter_constraints(
  File "c:\Users\javier\Documents\escuela_ML_2026\Machine_Learning_Intro\.venv\Lib\site-packages\sklearn\utils\_param_validation.py", line 98, in validate_parameter_constraints
    raise InvalidParameterError(
sklearn.utils._param_validation.InvalidParameterError: The 'y_score' parameter of roc_auc_score must be an array-like. Got None instead.

  warnings.warn(traceback.format_exc())

2026-08-28 20:33:16,745:WARNING:c:\Users\javier\Documents\escuela_ML_2026\Machine_Learning_Intro\.venv\Lib\site-packages\pycaret\utils\generic.py:591: UserWarning: Traceback (most recent call last):
  File "c:\Users\javier\Documents\escuela_ML_2026\Machine_Learning_Intro\.venv\Lib\site-packages\pycaret\utils\generic.py", line 586, in _calculate_metric
    calculated_metric = score_func(y_test, target, sample_weight=weights, **kwargs)
                        ^^^^^^^^^^^^^^^^^^^^^^^^^^^^^^^^^^^^^^^^^^^^^^^^^^^^^^^^^^^
  File "c:\Users\javier\Documents\escuela_ML_2026\Machine_Learning_Intro\.venv\Lib\site-packages\pycaret\internal\metrics.py", line 150, in __call__
    return self.score_func(y_true, y_pred, **kwargs)
           ^^^^^^^^^^^^^^^^^^^^^^^^^^^^^^^^^^^^^^^^^
  File "c:\Users\javier\Documents\escuela_ML_2026\Machine_Learning_Intro\.venv\Lib\site-packages\sklearn\utils\_param_validation.py", line 208, in wrapper
    validate_parameter_constraints(
  File "c:\Users\javier\Documents\escuela_ML_2026\Machine_Learning_Intro\.venv\Lib\site-packages\sklearn\utils\_param_validation.py", line 98, in validate_parameter_constraints
    raise InvalidParameterError(
sklearn.utils._param_validation.InvalidParameterError: The 'y_score' parameter of roc_auc_score must be an array-like. Got None instead.

During handling of the above exception, another exception occurred:

Traceback (most recent call last):
  File "c:\Users\javier\Documents\escuela_ML_2026\Machine_Learning_Intro\.venv\Lib\site-packages\pycaret\utils\generic.py", line 589, in _calculate_metric
    calculated_metric = score_func(y_test, target, **kwargs)
                        ^^^^^^^^^^^^^^^^^^^^^^^^^^^^^^^^^^^^
  File "c:\Users\javier\Documents\escuela_ML_2026\Machine_Learning_Intro\.venv\Lib\site-packages\pycaret\internal\metrics.py", line 150, in __call__
    return self.score_func(y_true, y_pred, **kwargs)
           ^^^^^^^^^^^^^^^^^^^^^^^^^^^^^^^^^^^^^^^^^
  File "c:\Users\javier\Documents\escuela_ML_2026\Machine_Learning_Intro\.venv\Lib\site-packages\sklearn\utils\_param_validation.py", line 208, in wrapper
    validate_parameter_constraints(
  File "c:\Users\javier\Documents\escuela_ML_2026\Machine_Learning_Intro\.venv\Lib\site-packages\sklearn\utils\_param_validation.py", line 98, in validate_parameter_constraints
    raise InvalidParameterError(
sklearn.utils._param_validation.InvalidParameterError: The 'y_score' parameter of roc_auc_score must be an array-like. Got None instead.

  warnings.warn(traceback.format_exc())

2026-08-28 20:33:16,772:WARNING:c:\Users\javier\Documents\escuela_ML_2026\Machine_Learning_Intro\.venv\Lib\site-packages\pycaret\utils\generic.py:591: UserWarning: Traceback (most recent call last):
  File "c:\Users\javier\Documents\escuela_ML_2026\Machine_Learning_Intro\.venv\Lib\site-packages\pycaret\utils\generic.py", line 586, in _calculate_metric
    calculated_metric = score_func(y_test, target, sample_weight=weights, **kwargs)
                        ^^^^^^^^^^^^^^^^^^^^^^^^^^^^^^^^^^^^^^^^^^^^^^^^^^^^^^^^^^^
  File "c:\Users\javier\Documents\escuela_ML_2026\Machine_Learning_Intro\.venv\Lib\site-packages\pycaret\internal\metrics.py", line 150, in __call__
    return self.score_func(y_true, y_pred, **kwargs)
           ^^^^^^^^^^^^^^^^^^^^^^^^^^^^^^^^^^^^^^^^^
  File "c:\Users\javier\Documents\escuela_ML_2026\Machine_Learning_Intro\.venv\Lib\site-packages\sklearn\utils\_param_validation.py", line 208, in wrapper
    validate_parameter_constraints(
  File "c:\Users\javier\Documents\escuela_ML_2026\Machine_Learning_Intro\.venv\Lib\site-packages\sklearn\utils\_param_validation.py", line 98, in validate_parameter_constraints
    raise InvalidParameterError(
sklearn.utils._param_validation.InvalidParameterError: The 'y_score' parameter of roc_auc_score must be an array-like. Got None instead.

During handling of the above exception, another exception occurred:

Traceback (most recent call last):
  File "c:\Users\javier\Documents\escuela_ML_2026\Machine_Learning_Intro\.venv\Lib\site-packages\pycaret\utils\generic.py", line 589, in _calculate_metric
    calculated_metric = score_func(y_test, target, **kwargs)
                        ^^^^^^^^^^^^^^^^^^^^^^^^^^^^^^^^^^^^
  File "c:\Users\javier\Documents\escuela_ML_2026\Machine_Learning_Intro\.venv\Lib\site-packages\pycaret\internal\metrics.py", line 150, in __call__
    return self.score_func(y_true, y_pred, **kwargs)
           ^^^^^^^^^^^^^^^^^^^^^^^^^^^^^^^^^^^^^^^^^
  File "c:\Users\javier\Documents\escuela_ML_2026\Machine_Learning_Intro\.venv\Lib\site-packages\sklearn\utils\_param_validation.py", line 208, in wrapper
    validate_parameter_constraints(
  File "c:\Users\javier\Documents\escuela_ML_2026\Machine_Learning_Intro\.venv\Lib\site-packages\sklearn\utils\_param_validation.py", line 98, in validate_parameter_constraints
    raise InvalidParameterError(
sklearn.utils._param_validation.InvalidParameterError: The 'y_score' parameter of roc_auc_score must be an array-like. Got None instead.

  warnings.warn(traceback.format_exc())

2026-08-28 20:33:16,779:WARNING:c:\Users\javier\Documents\escuela_ML_2026\Machine_Learning_Intro\.venv\Lib\site-packages\pycaret\utils\generic.py:591: UserWarning: Traceback (most recent call last):
  File "c:\Users\javier\Documents\escuela_ML_2026\Machine_Learning_Intro\.venv\Lib\site-packages\pycaret\utils\generic.py", line 586, in _calculate_metric
    calculated_metric = score_func(y_test, target, sample_weight=weights, **kwargs)
                        ^^^^^^^^^^^^^^^^^^^^^^^^^^^^^^^^^^^^^^^^^^^^^^^^^^^^^^^^^^^
  File "c:\Users\javier\Documents\escuela_ML_2026\Machine_Learning_Intro\.venv\Lib\site-packages\pycaret\internal\metrics.py", line 150, in __call__
    return self.score_func(y_true, y_pred, **kwargs)
           ^^^^^^^^^^^^^^^^^^^^^^^^^^^^^^^^^^^^^^^^^
  File "c:\Users\javier\Documents\escuela_ML_2026\Machine_Learning_Intro\.venv\Lib\site-packages\sklearn\utils\_param_validation.py", line 208, in wrapper
    validate_parameter_constraints(
  File "c:\Users\javier\Documents\escuela_ML_2026\Machine_Learning_Intro\.venv\Lib\site-packages\sklearn\utils\_param_validation.py", line 98, in validate_parameter_constraints
    raise InvalidParameterError(
sklearn.utils._param_validation.InvalidParameterError: The 'y_score' parameter of roc_auc_score must be an array-like. Got None instead.

During handling of the above exception, another exception occurred:

Traceback (most recent call last):
  File "c:\Users\javier\Documents\escuela_ML_2026\Machine_Learning_Intro\.venv\Lib\site-packages\pycaret\utils\generic.py", line 589, in _calculate_metric
    calculated_metric = score_func(y_test, target, **kwargs)
                        ^^^^^^^^^^^^^^^^^^^^^^^^^^^^^^^^^^^^
  File "c:\Users\javier\Documents\escuela_ML_2026\Machine_Learning_Intro\.venv\Lib\site-packages\pycaret\internal\metrics.py", line 150, in __call__
    return self.score_func(y_true, y_pred, **kwargs)
           ^^^^^^^^^^^^^^^^^^^^^^^^^^^^^^^^^^^^^^^^^
  File "c:\Users\javier\Documents\escuela_ML_2026\Machine_Learning_Intro\.venv\Lib\site-packages\sklearn\utils\_param_validation.py", line 208, in wrapper
    validate_parameter_constraints(
  File "c:\Users\javier\Documents\escuela_ML_2026\Machine_Learning_Intro\.venv\Lib\site-packages\sklearn\utils\_param_validation.py", line 98, in validate_parameter_constraints
    raise InvalidParameterError(
sklearn.utils._param_validation.InvalidParameterError: The 'y_score' parameter of roc_auc_score must be an array-like. Got None instead.

  warnings.warn(traceback.format_exc())

2026-08-28 20:33:16,793:WARNING:c:\Users\javier\Documents\escuela_ML_2026\Machine_Learning_Intro\.venv\Lib\site-packages\pycaret\utils\generic.py:591: UserWarning: Traceback (most recent call last):
  File "c:\Users\javier\Documents\escuela_ML_2026\Machine_Learning_Intro\.venv\Lib\site-packages\pycaret\utils\generic.py", line 586, in _calculate_metric
    calculated_metric = score_func(y_test, target, sample_weight=weights, **kwargs)
                        ^^^^^^^^^^^^^^^^^^^^^^^^^^^^^^^^^^^^^^^^^^^^^^^^^^^^^^^^^^^
  File "c:\Users\javier\Documents\escuela_ML_2026\Machine_Learning_Intro\.venv\Lib\site-packages\pycaret\internal\metrics.py", line 150, in __call__
    return self.score_func(y_true, y_pred, **kwargs)
           ^^^^^^^^^^^^^^^^^^^^^^^^^^^^^^^^^^^^^^^^^
  File "c:\Users\javier\Documents\escuela_ML_2026\Machine_Learning_Intro\.venv\Lib\site-packages\sklearn\utils\_param_validation.py", line 208, in wrapper
    validate_parameter_constraints(
  File "c:\Users\javier\Documents\escuela_ML_2026\Machine_Learning_Intro\.venv\Lib\site-packages\sklearn\utils\_param_validation.py", line 98, in validate_parameter_constraints
    raise InvalidParameterError(
sklearn.utils._param_validation.InvalidParameterError: The 'y_score' parameter of roc_auc_score must be an array-like. Got None instead.

During handling of the above exception, another exception occurred:

Traceback (most recent call last):
  File "c:\Users\javier\Documents\escuela_ML_2026\Machine_Learning_Intro\.venv\Lib\site-packages\pycaret\utils\generic.py", line 589, in _calculate_metric
    calculated_metric = score_func(y_test, target, **kwargs)
                        ^^^^^^^^^^^^^^^^^^^^^^^^^^^^^^^^^^^^
  File "c:\Users\javier\Documents\escuela_ML_2026\Machine_Learning_Intro\.venv\Lib\site-packages\pycaret\internal\metrics.py", line 150, in __call__
    return self.score_func(y_true, y_pred, **kwargs)
           ^^^^^^^^^^^^^^^^^^^^^^^^^^^^^^^^^^^^^^^^^
  File "c:\Users\javier\Documents\escuela_ML_2026\Machine_Learning_Intro\.venv\Lib\site-packages\sklearn\utils\_param_validation.py", line 208, in wrapper
    validate_parameter_constraints(
  File "c:\Users\javier\Documents\escuela_ML_2026\Machine_Learning_Intro\.venv\Lib\site-packages\sklearn\utils\_param_validation.py", line 98, in validate_parameter_constraints
    raise InvalidParameterError(
sklearn.utils._param_validation.InvalidParameterError: The 'y_score' parameter of roc_auc_score must be an array-like. Got None instead.

  warnings.warn(traceback.format_exc())

2026-08-28 20:33:16,810:WARNING:c:\Users\javier\Documents\escuela_ML_2026\Machine_Learning_Intro\.venv\Lib\site-packages\pycaret\utils\generic.py:591: UserWarning: Traceback (most recent call last):
  File "c:\Users\javier\Documents\escuela_ML_2026\Machine_Learning_Intro\.venv\Lib\site-packages\pycaret\utils\generic.py", line 586, in _calculate_metric
    calculated_metric = score_func(y_test, target, sample_weight=weights, **kwargs)
                        ^^^^^^^^^^^^^^^^^^^^^^^^^^^^^^^^^^^^^^^^^^^^^^^^^^^^^^^^^^^
  File "c:\Users\javier\Documents\escuela_ML_2026\Machine_Learning_Intro\.venv\Lib\site-packages\pycaret\internal\metrics.py", line 150, in __call__
    return self.score_func(y_true, y_pred, **kwargs)
           ^^^^^^^^^^^^^^^^^^^^^^^^^^^^^^^^^^^^^^^^^
  File "c:\Users\javier\Documents\escuela_ML_2026\Machine_Learning_Intro\.venv\Lib\site-packages\sklearn\utils\_param_validation.py", line 208, in wrapper
    validate_parameter_constraints(
  File "c:\Users\javier\Documents\escuela_ML_2026\Machine_Learning_Intro\.venv\Lib\site-packages\sklearn\utils\_param_validation.py", line 98, in validate_parameter_constraints
    raise InvalidParameterError(
sklearn.utils._param_validation.InvalidParameterError: The 'y_score' parameter of roc_auc_score must be an array-like. Got None instead.

During handling of the above exception, another exception occurred:

Traceback (most recent call last):
  File "c:\Users\javier\Documents\escuela_ML_2026\Machine_Learning_Intro\.venv\Lib\site-packages\pycaret\utils\generic.py", line 589, in _calculate_metric
    calculated_metric = score_func(y_test, target, **kwargs)
                        ^^^^^^^^^^^^^^^^^^^^^^^^^^^^^^^^^^^^
  File "c:\Users\javier\Documents\escuela_ML_2026\Machine_Learning_Intro\.venv\Lib\site-packages\pycaret\internal\metrics.py", line 150, in __call__
    return self.score_func(y_true, y_pred, **kwargs)
           ^^^^^^^^^^^^^^^^^^^^^^^^^^^^^^^^^^^^^^^^^
  File "c:\Users\javier\Documents\escuela_ML_2026\Machine_Learning_Intro\.venv\Lib\site-packages\sklearn\utils\_param_validation.py", line 208, in wrapper
    validate_parameter_constraints(
  File "c:\Users\javier\Documents\escuela_ML_2026\Machine_Learning_Intro\.venv\Lib\site-packages\sklearn\utils\_param_validation.py", line 98, in validate_parameter_constraints
    raise InvalidParameterError(
sklearn.utils._param_validation.InvalidParameterError: The 'y_score' parameter of roc_auc_score must be an array-like. Got None instead.

  warnings.warn(traceback.format_exc())

2026-08-28 20:33:16,839:WARNING:c:\Users\javier\Documents\escuela_ML_2026\Machine_Learning_Intro\.venv\Lib\site-packages\pycaret\utils\generic.py:591: UserWarning: Traceback (most recent call last):
  File "c:\Users\javier\Documents\escuela_ML_2026\Machine_Learning_Intro\.venv\Lib\site-packages\pycaret\utils\generic.py", line 586, in _calculate_metric
    calculated_metric = score_func(y_test, target, sample_weight=weights, **kwargs)
                        ^^^^^^^^^^^^^^^^^^^^^^^^^^^^^^^^^^^^^^^^^^^^^^^^^^^^^^^^^^^
  File "c:\Users\javier\Documents\escuela_ML_2026\Machine_Learning_Intro\.venv\Lib\site-packages\pycaret\internal\metrics.py", line 150, in __call__
    return self.score_func(y_true, y_pred, **kwargs)
           ^^^^^^^^^^^^^^^^^^^^^^^^^^^^^^^^^^^^^^^^^
  File "c:\Users\javier\Documents\escuela_ML_2026\Machine_Learning_Intro\.venv\Lib\site-packages\sklearn\utils\_param_validation.py", line 208, in wrapper
    validate_parameter_constraints(
  File "c:\Users\javier\Documents\escuela_ML_2026\Machine_Learning_Intro\.venv\Lib\site-packages\sklearn\utils\_param_validation.py", line 98, in validate_parameter_constraints
    raise InvalidParameterError(
sklearn.utils._param_validation.InvalidParameterError: The 'y_score' parameter of roc_auc_score must be an array-like. Got None instead.

During handling of the above exception, another exception occurred:

Traceback (most recent call last):
  File "c:\Users\javier\Documents\escuela_ML_2026\Machine_Learning_Intro\.venv\Lib\site-packages\pycaret\utils\generic.py", line 589, in _calculate_metric
    calculated_metric = score_func(y_test, target, **kwargs)
                        ^^^^^^^^^^^^^^^^^^^^^^^^^^^^^^^^^^^^
  File "c:\Users\javier\Documents\escuela_ML_2026\Machine_Learning_Intro\.venv\Lib\site-packages\pycaret\internal\metrics.py", line 150, in __call__
    return self.score_func(y_true, y_pred, **kwargs)
           ^^^^^^^^^^^^^^^^^^^^^^^^^^^^^^^^^^^^^^^^^
  File "c:\Users\javier\Documents\escuela_ML_2026\Machine_Learning_Intro\.venv\Lib\site-packages\sklearn\utils\_param_validation.py", line 208, in wrapper
    validate_parameter_constraints(
  File "c:\Users\javier\Documents\escuela_ML_2026\Machine_Learning_Intro\.venv\Lib\site-packages\sklearn\utils\_param_validation.py", line 98, in validate_parameter_constraints
    raise InvalidParameterError(
sklearn.utils._param_validation.InvalidParameterError: The 'y_score' parameter of roc_auc_score must be an array-like. Got None instead.

  warnings.warn(traceback.format_exc())

2026-08-28 20:33:16,843:WARNING:c:\Users\javier\Documents\escuela_ML_2026\Machine_Learning_Intro\.venv\Lib\site-packages\pycaret\utils\generic.py:591: UserWarning: Traceback (most recent call last):
  File "c:\Users\javier\Documents\escuela_ML_2026\Machine_Learning_Intro\.venv\Lib\site-packages\pycaret\utils\generic.py", line 586, in _calculate_metric
    calculated_metric = score_func(y_test, target, sample_weight=weights, **kwargs)
                        ^^^^^^^^^^^^^^^^^^^^^^^^^^^^^^^^^^^^^^^^^^^^^^^^^^^^^^^^^^^
  File "c:\Users\javier\Documents\escuela_ML_2026\Machine_Learning_Intro\.venv\Lib\site-packages\pycaret\internal\metrics.py", line 150, in __call__
    return self.score_func(y_true, y_pred, **kwargs)
           ^^^^^^^^^^^^^^^^^^^^^^^^^^^^^^^^^^^^^^^^^
  File "c:\Users\javier\Documents\escuela_ML_2026\Machine_Learning_Intro\.venv\Lib\site-packages\sklearn\utils\_param_validation.py", line 208, in wrapper
    validate_parameter_constraints(
  File "c:\Users\javier\Documents\escuela_ML_2026\Machine_Learning_Intro\.venv\Lib\site-packages\sklearn\utils\_param_validation.py", line 98, in validate_parameter_constraints
    raise InvalidParameterError(
sklearn.utils._param_validation.InvalidParameterError: The 'y_score' parameter of roc_auc_score must be an array-like. Got None instead.

During handling of the above exception, another exception occurred:

Traceback (most recent call last):
  File "c:\Users\javier\Documents\escuela_ML_2026\Machine_Learning_Intro\.venv\Lib\site-packages\pycaret\utils\generic.py", line 589, in _calculate_metric
    calculated_metric = score_func(y_test, target, **kwargs)
                        ^^^^^^^^^^^^^^^^^^^^^^^^^^^^^^^^^^^^
  File "c:\Users\javier\Documents\escuela_ML_2026\Machine_Learning_Intro\.venv\Lib\site-packages\pycaret\internal\metrics.py", line 150, in __call__
    return self.score_func(y_true, y_pred, **kwargs)
           ^^^^^^^^^^^^^^^^^^^^^^^^^^^^^^^^^^^^^^^^^
  File "c:\Users\javier\Documents\escuela_ML_2026\Machine_Learning_Intro\.venv\Lib\site-packages\sklearn\utils\_param_validation.py", line 208, in wrapper
    validate_parameter_constraints(
  File "c:\Users\javier\Documents\escuela_ML_2026\Machine_Learning_Intro\.venv\Lib\site-packages\sklearn\utils\_param_validation.py", line 98, in validate_parameter_constraints
    raise InvalidParameterError(
sklearn.utils._param_validation.InvalidParameterError: The 'y_score' parameter of roc_auc_score must be an array-like. Got None instead.

  warnings.warn(traceback.format_exc())

2026-08-28 20:33:27,150:WARNING:c:\Users\javier\Documents\escuela_ML_2026\Machine_Learning_Intro\.venv\Lib\site-packages\sklearn\metrics\_classification.py:1879: UndefinedMetricWarning: Precision is ill-defined and being set to 0.0 in labels with no predicted samples. Use `zero_division` parameter to control this behavior.
  _warn_prf(average, modifier, f"{metric.capitalize()} is", result.shape[0])

2026-08-28 20:33:27,176:WARNING:c:\Users\javier\Documents\escuela_ML_2026\Machine_Learning_Intro\.venv\Lib\site-packages\sklearn\metrics\_classification.py:1879: UndefinedMetricWarning: Precision is ill-defined and being set to 0.0 in labels with no predicted samples. Use `zero_division` parameter to control this behavior.
  _warn_prf(average, modifier, f"{metric.capitalize()} is", result.shape[0])

2026-08-28 20:33:27,193:WARNING:c:\Users\javier\Documents\escuela_ML_2026\Machine_Learning_Intro\.venv\Lib\site-packages\sklearn\metrics\_classification.py:1879: UndefinedMetricWarning: Precision is ill-defined and being set to 0.0 in labels with no predicted samples. Use `zero_division` parameter to control this behavior.
  _warn_prf(average, modifier, f"{metric.capitalize()} is", result.shape[0])

2026-08-28 20:33:27,213:WARNING:c:\Users\javier\Documents\escuela_ML_2026\Machine_Learning_Intro\.venv\Lib\site-packages\sklearn\metrics\_classification.py:1879: UndefinedMetricWarning: Precision is ill-defined and being set to 0.0 in labels with no predicted samples. Use `zero_division` parameter to control this behavior.
  _warn_prf(average, modifier, f"{metric.capitalize()} is", result.shape[0])

2026-08-28 20:33:27,231:WARNING:c:\Users\javier\Documents\escuela_ML_2026\Machine_Learning_Intro\.venv\Lib\site-packages\sklearn\metrics\_classification.py:1879: UndefinedMetricWarning: Precision is ill-defined and being set to 0.0 in labels with no predicted samples. Use `zero_division` parameter to control this behavior.
  _warn_prf(average, modifier, f"{metric.capitalize()} is", result.shape[0])

2026-08-28 20:33:27,252:WARNING:c:\Users\javier\Documents\escuela_ML_2026\Machine_Learning_Intro\.venv\Lib\site-packages\sklearn\metrics\_classification.py:1879: UndefinedMetricWarning: Precision is ill-defined and being set to 0.0 in labels with no predicted samples. Use `zero_division` parameter to control this behavior.
  _warn_prf(average, modifier, f"{metric.capitalize()} is", result.shape[0])

2026-08-28 20:33:27,262:WARNING:c:\Users\javier\Documents\escuela_ML_2026\Machine_Learning_Intro\.venv\Lib\site-packages\sklearn\metrics\_classification.py:1879: UndefinedMetricWarning: Precision is ill-defined and being set to 0.0 in labels with no predicted samples. Use `zero_division` parameter to control this behavior.
  _warn_prf(average, modifier, f"{metric.capitalize()} is", result.shape[0])

2026-08-28 20:33:27,280:WARNING:c:\Users\javier\Documents\escuela_ML_2026\Machine_Learning_Intro\.venv\Lib\site-packages\sklearn\metrics\_classification.py:1879: UndefinedMetricWarning: Precision is ill-defined and being set to 0.0 in labels with no predicted samples. Use `zero_division` parameter to control this behavior.
  _warn_prf(average, modifier, f"{metric.capitalize()} is", result.shape[0])

2026-08-28 20:33:27,301:WARNING:c:\Users\javier\Documents\escuela_ML_2026\Machine_Learning_Intro\.venv\Lib\site-packages\sklearn\metrics\_classification.py:1879: UndefinedMetricWarning: Precision is ill-defined and being set to 0.0 in labels with no predicted samples. Use `zero_division` parameter to control this behavior.
  _warn_prf(average, modifier, f"{metric.capitalize()} is", result.shape[0])

2026-08-28 20:33:27,313:WARNING:c:\Users\javier\Documents\escuela_ML_2026\Machine_Learning_Intro\.venv\Lib\site-packages\sklearn\metrics\_classification.py:1879: UndefinedMetricWarning: Precision is ill-defined and being set to 0.0 in labels with no predicted samples. Use `zero_division` parameter to control this behavior.
  _warn_prf(average, modifier, f"{metric.capitalize()} is", result.shape[0])

2026-08-28 20:33:30,605:WARNING:c:\Users\javier\Documents\escuela_ML_2026\Machine_Learning_Intro\.venv\Lib\site-packages\sklearn\utils\validation.py:2827: UserWarning: X does not have valid feature names, but GaussianNB was fitted with feature names
  warnings.warn(

2026-08-28 20:33:48,231:WARNING:c:\Users\javier\Documents\escuela_ML_2026\Machine_Learning_Intro\.venv\Lib\site-packages\sklearn\utils\validation.py:2827: UserWarning: X does not have valid feature names, but GaussianNB was fitted with feature names
  warnings.warn(

2026-08-28 20:34:54,229:WARNING:c:\Users\javier\Documents\escuela_ML_2026\Machine_Learning_Intro\.venv\Lib\site-packages\sklearn\utils\validation.py:2827: UserWarning: X does not have valid feature names, but GaussianNB was fitted with feature names
  warnings.warn(

2026-08-28 20:34:54,234:WARNING:c:\Users\javier\Documents\escuela_ML_2026\Machine_Learning_Intro\.venv\Lib\site-packages\sklearn\utils\validation.py:2827: UserWarning: X does not have valid feature names, but GaussianNB was fitted with feature names
  warnings.warn(

2026-08-28 20:34:54,240:WARNING:c:\Users\javier\Documents\escuela_ML_2026\Machine_Learning_Intro\.venv\Lib\site-packages\sklearn\utils\validation.py:2827: UserWarning: X does not have valid feature names, but GaussianNB was fitted with feature names
  warnings.warn(

2026-08-28 20:34:54,246:WARNING:c:\Users\javier\Documents\escuela_ML_2026\Machine_Learning_Intro\.venv\Lib\site-packages\sklearn\utils\validation.py:2827: UserWarning: X does not have valid feature names, but GaussianNB was fitted with feature names
  warnings.warn(

2026-08-28 20:34:54,251:WARNING:c:\Users\javier\Documents\escuela_ML_2026\Machine_Learning_Intro\.venv\Lib\site-packages\sklearn\utils\validation.py:2827: UserWarning: X does not have valid feature names, but GaussianNB was fitted with feature names
  warnings.warn(

2026-08-28 20:34:54,254:WARNING:c:\Users\javier\Documents\escuela_ML_2026\Machine_Learning_Intro\.venv\Lib\site-packages\sklearn\utils\validation.py:2827: UserWarning: X does not have valid feature names, but GaussianNB was fitted with feature names
  warnings.warn(

2026-08-28 20:34:54,257:WARNING:c:\Users\javier\Documents\escuela_ML_2026\Machine_Learning_Intro\.venv\Lib\site-packages\sklearn\utils\validation.py:2827: UserWarning: X does not have valid feature names, but GaussianNB was fitted with feature names
  warnings.warn(

2026-08-28 20:34:54,264:WARNING:c:\Users\javier\Documents\escuela_ML_2026\Machine_Learning_Intro\.venv\Lib\site-packages\sklearn\utils\validation.py:2827: UserWarning: X does not have valid feature names, but GaussianNB was fitted with feature names
  warnings.warn(

2026-08-28 20:34:54,268:WARNING:c:\Users\javier\Documents\escuela_ML_2026\Machine_Learning_Intro\.venv\Lib\site-packages\sklearn\utils\validation.py:2827: UserWarning: X does not have valid feature names, but GaussianNB was fitted with feature names
  warnings.warn(

2026-08-28 20:34:54,271:WARNING:c:\Users\javier\Documents\escuela_ML_2026\Machine_Learning_Intro\.venv\Lib\site-packages\sklearn\utils\validation.py:2827: UserWarning: X does not have valid feature names, but GaussianNB was fitted with feature names
  warnings.warn(

2026-08-28 20:34:54,274:WARNING:c:\Users\javier\Documents\escuela_ML_2026\Machine_Learning_Intro\.venv\Lib\site-packages\sklearn\utils\validation.py:2827: UserWarning: X does not have valid feature names, but GaussianNB was fitted with feature names
  warnings.warn(

2026-08-28 20:34:54,280:WARNING:c:\Users\javier\Documents\escuela_ML_2026\Machine_Learning_Intro\.venv\Lib\site-packages\sklearn\utils\validation.py:2827: UserWarning: X does not have valid feature names, but GaussianNB was fitted with feature names
  warnings.warn(

2026-08-28 20:34:54,283:WARNING:c:\Users\javier\Documents\escuela_ML_2026\Machine_Learning_Intro\.venv\Lib\site-packages\sklearn\utils\validation.py:2827: UserWarning: X does not have valid feature names, but GaussianNB was fitted with feature names
  warnings.warn(

2026-08-28 20:34:54,283:WARNING:c:\Users\javier\Documents\escuela_ML_2026\Machine_Learning_Intro\.venv\Lib\site-packages\sklearn\utils\validation.py:2827: UserWarning: X does not have valid feature names, but GaussianNB was fitted with feature names
  warnings.warn(

2026-08-28 20:34:54,289:WARNING:c:\Users\javier\Documents\escuela_ML_2026\Machine_Learning_Intro\.venv\Lib\site-packages\sklearn\utils\validation.py:2827: UserWarning: X does not have valid feature names, but GaussianNB was fitted with feature names
  warnings.warn(

2026-08-28 20:34:54,295:WARNING:c:\Users\javier\Documents\escuela_ML_2026\Machine_Learning_Intro\.venv\Lib\site-packages\sklearn\utils\validation.py:2827: UserWarning: X does not have valid feature names, but GaussianNB was fitted with feature names
  warnings.warn(

2026-08-28 20:34:54,295:WARNING:c:\Users\javier\Documents\escuela_ML_2026\Machine_Learning_Intro\.venv\Lib\site-packages\sklearn\utils\validation.py:2827: UserWarning: X does not have valid feature names, but GaussianNB was fitted with feature names
  warnings.warn(

2026-08-28 20:34:54,301:WARNING:c:\Users\javier\Documents\escuela_ML_2026\Machine_Learning_Intro\.venv\Lib\site-packages\sklearn\utils\validation.py:2827: UserWarning: X does not have valid feature names, but GaussianNB was fitted with feature names
  warnings.warn(

2026-08-28 20:34:54,301:WARNING:c:\Users\javier\Documents\escuela_ML_2026\Machine_Learning_Intro\.venv\Lib\site-packages\sklearn\utils\validation.py:2827: UserWarning: X does not have valid feature names, but GaussianNB was fitted with feature names
  warnings.warn(

2026-08-28 20:34:54,307:WARNING:c:\Users\javier\Documents\escuela_ML_2026\Machine_Learning_Intro\.venv\Lib\site-packages\sklearn\utils\validation.py:2827: UserWarning: X does not have valid feature names, but GaussianNB was fitted with feature names
  warnings.warn(

2026-08-28 20:34:54,313:WARNING:c:\Users\javier\Documents\escuela_ML_2026\Machine_Learning_Intro\.venv\Lib\site-packages\sklearn\utils\validation.py:2827: UserWarning: X does not have valid feature names, but GaussianNB was fitted with feature names
  warnings.warn(

2026-08-28 20:34:54,317:WARNING:c:\Users\javier\Documents\escuela_ML_2026\Machine_Learning_Intro\.venv\Lib\site-packages\sklearn\utils\validation.py:2827: UserWarning: X does not have valid feature names, but GaussianNB was fitted with feature names
  warnings.warn(

2026-08-28 20:34:54,317:WARNING:c:\Users\javier\Documents\escuela_ML_2026\Machine_Learning_Intro\.venv\Lib\site-packages\sklearn\utils\validation.py:2827: UserWarning: X does not have valid feature names, but GaussianNB was fitted with feature names
  warnings.warn(

2026-08-28 20:34:54,323:WARNING:c:\Users\javier\Documents\escuela_ML_2026\Machine_Learning_Intro\.venv\Lib\site-packages\sklearn\utils\validation.py:2827: UserWarning: X does not have valid feature names, but GaussianNB was fitted with feature names
  warnings.warn(

2026-08-28 20:34:54,327:WARNING:c:\Users\javier\Documents\escuela_ML_2026\Machine_Learning_Intro\.venv\Lib\site-packages\sklearn\utils\validation.py:2827: UserWarning: X does not have valid feature names, but GaussianNB was fitted with feature names
  warnings.warn(

2026-08-28 20:34:54,332:WARNING:c:\Users\javier\Documents\escuela_ML_2026\Machine_Learning_Intro\.venv\Lib\site-packages\sklearn\utils\validation.py:2827: UserWarning: X does not have valid feature names, but GaussianNB was fitted with feature names
  warnings.warn(

2026-08-28 20:34:54,333:WARNING:c:\Users\javier\Documents\escuela_ML_2026\Machine_Learning_Intro\.venv\Lib\site-packages\sklearn\utils\validation.py:2827: UserWarning: X does not have valid feature names, but GaussianNB was fitted with feature names
  warnings.warn(

2026-08-28 20:34:54,333:WARNING:c:\Users\javier\Documents\escuela_ML_2026\Machine_Learning_Intro\.venv\Lib\site-packages\sklearn\utils\validation.py:2827: UserWarning: X does not have valid feature names, but GaussianNB was fitted with feature names
  warnings.warn(

2026-08-28 20:34:54,339:WARNING:c:\Users\javier\Documents\escuela_ML_2026\Machine_Learning_Intro\.venv\Lib\site-packages\sklearn\utils\validation.py:2827: UserWarning: X does not have valid feature names, but GaussianNB was fitted with feature names
  warnings.warn(

2026-08-28 20:34:54,345:WARNING:c:\Users\javier\Documents\escuela_ML_2026\Machine_Learning_Intro\.venv\Lib\site-packages\sklearn\utils\validation.py:2827: UserWarning: X does not have valid feature names, but GaussianNB was fitted with feature names
  warnings.warn(

2026-08-28 20:34:54,348:WARNING:c:\Users\javier\Documents\escuela_ML_2026\Machine_Learning_Intro\.venv\Lib\site-packages\sklearn\utils\validation.py:2827: UserWarning: X does not have valid feature names, but GaussianNB was fitted with feature names
  warnings.warn(

2026-08-28 20:34:54,350:WARNING:c:\Users\javier\Documents\escuela_ML_2026\Machine_Learning_Intro\.venv\Lib\site-packages\sklearn\utils\validation.py:2827: UserWarning: X does not have valid feature names, but GaussianNB was fitted with feature names
  warnings.warn(

2026-08-28 20:34:54,356:WARNING:c:\Users\javier\Documents\escuela_ML_2026\Machine_Learning_Intro\.venv\Lib\site-packages\sklearn\utils\validation.py:2827: UserWarning: X does not have valid feature names, but GaussianNB was fitted with feature names
  warnings.warn(

2026-08-28 20:34:54,356:WARNING:c:\Users\javier\Documents\escuela_ML_2026\Machine_Learning_Intro\.venv\Lib\site-packages\sklearn\utils\validation.py:2827: UserWarning: X does not have valid feature names, but GaussianNB was fitted with feature names
  warnings.warn(

2026-08-28 20:34:54,361:WARNING:c:\Users\javier\Documents\escuela_ML_2026\Machine_Learning_Intro\.venv\Lib\site-packages\sklearn\utils\validation.py:2827: UserWarning: X does not have valid feature names, but GaussianNB was fitted with feature names
  warnings.warn(

2026-08-28 20:34:54,361:WARNING:c:\Users\javier\Documents\escuela_ML_2026\Machine_Learning_Intro\.venv\Lib\site-packages\sklearn\utils\validation.py:2827: UserWarning: X does not have valid feature names, but GaussianNB was fitted with feature names
  warnings.warn(

2026-08-28 20:34:54,367:WARNING:c:\Users\javier\Documents\escuela_ML_2026\Machine_Learning_Intro\.venv\Lib\site-packages\sklearn\utils\validation.py:2827: UserWarning: X does not have valid feature names, but GaussianNB was fitted with feature names
  warnings.warn(

2026-08-28 20:34:54,367:WARNING:c:\Users\javier\Documents\escuela_ML_2026\Machine_Learning_Intro\.venv\Lib\site-packages\sklearn\utils\validation.py:2827: UserWarning: X does not have valid feature names, but GaussianNB was fitted with feature names
  warnings.warn(

2026-08-28 20:34:54,373:WARNING:c:\Users\javier\Documents\escuela_ML_2026\Machine_Learning_Intro\.venv\Lib\site-packages\sklearn\utils\validation.py:2827: UserWarning: X does not have valid feature names, but GaussianNB was fitted with feature names
  warnings.warn(

2026-08-28 20:34:54,378:WARNING:c:\Users\javier\Documents\escuela_ML_2026\Machine_Learning_Intro\.venv\Lib\site-packages\sklearn\utils\validation.py:2827: UserWarning: X does not have valid feature names, but GaussianNB was fitted with feature names
  warnings.warn(

2026-08-28 20:34:54,378:WARNING:c:\Users\javier\Documents\escuela_ML_2026\Machine_Learning_Intro\.venv\Lib\site-packages\sklearn\utils\validation.py:2827: UserWarning: X does not have valid feature names, but GaussianNB was fitted with feature names
  warnings.warn(

2026-08-28 20:35:10,155:WARNING:c:\Users\javier\Documents\escuela_ML_2026\Machine_Learning_Intro\.venv\Lib\site-packages\tqdm\auto.py:21: TqdmWarning: IProgress not found. Please update jupyter and ipywidgets. See https://ipywidgets.readthedocs.io/en/stable/user_install.html
  from .autonotebook import tqdm as notebook_tqdm

2026-08-28 20:36:00,185:WARNING:c:\Users\javier\Documents\escuela_ML_2026\Machine_Learning_Intro\.venv\Lib\site-packages\pycaret\utils\generic.py:591: UserWarning: Traceback (most recent call last):
  File "c:\Users\javier\Documents\escuela_ML_2026\Machine_Learning_Intro\.venv\Lib\site-packages\pycaret\utils\generic.py", line 586, in _calculate_metric
    calculated_metric = score_func(y_test, target, sample_weight=weights, **kwargs)
                        ^^^^^^^^^^^^^^^^^^^^^^^^^^^^^^^^^^^^^^^^^^^^^^^^^^^^^^^^^^^
  File "c:\Users\javier\Documents\escuela_ML_2026\Machine_Learning_Intro\.venv\Lib\site-packages\pycaret\internal\metrics.py", line 150, in __call__
    return self.score_func(y_true, y_pred, **kwargs)
           ^^^^^^^^^^^^^^^^^^^^^^^^^^^^^^^^^^^^^^^^^
  File "c:\Users\javier\Documents\escuela_ML_2026\Machine_Learning_Intro\.venv\Lib\site-packages\sklearn\utils\_param_validation.py", line 208, in wrapper
    validate_parameter_constraints(
  File "c:\Users\javier\Documents\escuela_ML_2026\Machine_Learning_Intro\.venv\Lib\site-packages\sklearn\utils\_param_validation.py", line 98, in validate_parameter_constraints
    raise InvalidParameterError(
sklearn.utils._param_validation.InvalidParameterError: The 'y_score' parameter of roc_auc_score must be an array-like. Got None instead.

During handling of the above exception, another exception occurred:

Traceback (most recent call last):
  File "c:\Users\javier\Documents\escuela_ML_2026\Machine_Learning_Intro\.venv\Lib\site-packages\pycaret\utils\generic.py", line 589, in _calculate_metric
    calculated_metric = score_func(y_test, target, **kwargs)
                        ^^^^^^^^^^^^^^^^^^^^^^^^^^^^^^^^^^^^
  File "c:\Users\javier\Documents\escuela_ML_2026\Machine_Learning_Intro\.venv\Lib\site-packages\pycaret\internal\metrics.py", line 150, in __call__
    return self.score_func(y_true, y_pred, **kwargs)
           ^^^^^^^^^^^^^^^^^^^^^^^^^^^^^^^^^^^^^^^^^
  File "c:\Users\javier\Documents\escuela_ML_2026\Machine_Learning_Intro\.venv\Lib\site-packages\sklearn\utils\_param_validation.py", line 208, in wrapper
    validate_parameter_constraints(
  File "c:\Users\javier\Documents\escuela_ML_2026\Machine_Learning_Intro\.venv\Lib\site-packages\sklearn\utils\_param_validation.py", line 98, in validate_parameter_constraints
    raise InvalidParameterError(
sklearn.utils._param_validation.InvalidParameterError: The 'y_score' parameter of roc_auc_score must be an array-like. Got None instead.

  warnings.warn(traceback.format_exc())

2026-08-28 20:36:00,221:WARNING:c:\Users\javier\Documents\escuela_ML_2026\Machine_Learning_Intro\.venv\Lib\site-packages\pycaret\utils\generic.py:591: UserWarning: Traceback (most recent call last):
  File "c:\Users\javier\Documents\escuela_ML_2026\Machine_Learning_Intro\.venv\Lib\site-packages\pycaret\utils\generic.py", line 586, in _calculate_metric
    calculated_metric = score_func(y_test, target, sample_weight=weights, **kwargs)
                        ^^^^^^^^^^^^^^^^^^^^^^^^^^^^^^^^^^^^^^^^^^^^^^^^^^^^^^^^^^^
  File "c:\Users\javier\Documents\escuela_ML_2026\Machine_Learning_Intro\.venv\Lib\site-packages\pycaret\internal\metrics.py", line 150, in __call__
    return self.score_func(y_true, y_pred, **kwargs)
           ^^^^^^^^^^^^^^^^^^^^^^^^^^^^^^^^^^^^^^^^^
  File "c:\Users\javier\Documents\escuela_ML_2026\Machine_Learning_Intro\.venv\Lib\site-packages\sklearn\utils\_param_validation.py", line 208, in wrapper
    validate_parameter_constraints(
  File "c:\Users\javier\Documents\escuela_ML_2026\Machine_Learning_Intro\.venv\Lib\site-packages\sklearn\utils\_param_validation.py", line 98, in validate_parameter_constraints
    raise InvalidParameterError(
sklearn.utils._param_validation.InvalidParameterError: The 'y_score' parameter of roc_auc_score must be an array-like. Got None instead.

During handling of the above exception, another exception occurred:

Traceback (most recent call last):
  File "c:\Users\javier\Documents\escuela_ML_2026\Machine_Learning_Intro\.venv\Lib\site-packages\pycaret\utils\generic.py", line 589, in _calculate_metric
    calculated_metric = score_func(y_test, target, **kwargs)
                        ^^^^^^^^^^^^^^^^^^^^^^^^^^^^^^^^^^^^
  File "c:\Users\javier\Documents\escuela_ML_2026\Machine_Learning_Intro\.venv\Lib\site-packages\pycaret\internal\metrics.py", line 150, in __call__
    return self.score_func(y_true, y_pred, **kwargs)
           ^^^^^^^^^^^^^^^^^^^^^^^^^^^^^^^^^^^^^^^^^
  File "c:\Users\javier\Documents\escuela_ML_2026\Machine_Learning_Intro\.venv\Lib\site-packages\sklearn\utils\_param_validation.py", line 208, in wrapper
    validate_parameter_constraints(
  File "c:\Users\javier\Documents\escuela_ML_2026\Machine_Learning_Intro\.venv\Lib\site-packages\sklearn\utils\_param_validation.py", line 98, in validate_parameter_constraints
    raise InvalidParameterError(
sklearn.utils._param_validation.InvalidParameterError: The 'y_score' parameter of roc_auc_score must be an array-like. Got None instead.

  warnings.warn(traceback.format_exc())

2026-08-28 20:36:00,230:WARNING:c:\Users\javier\Documents\escuela_ML_2026\Machine_Learning_Intro\.venv\Lib\site-packages\sklearn\metrics\_classification.py:1879: UndefinedMetricWarning: Precision is ill-defined and being set to 0.0 in labels with no predicted samples. Use `zero_division` parameter to control this behavior.
  _warn_prf(average, modifier, f"{metric.capitalize()} is", result.shape[0])

2026-08-28 20:36:00,261:WARNING:c:\Users\javier\Documents\escuela_ML_2026\Machine_Learning_Intro\.venv\Lib\site-packages\pycaret\utils\generic.py:591: UserWarning: Traceback (most recent call last):
  File "c:\Users\javier\Documents\escuela_ML_2026\Machine_Learning_Intro\.venv\Lib\site-packages\pycaret\utils\generic.py", line 586, in _calculate_metric
    calculated_metric = score_func(y_test, target, sample_weight=weights, **kwargs)
                        ^^^^^^^^^^^^^^^^^^^^^^^^^^^^^^^^^^^^^^^^^^^^^^^^^^^^^^^^^^^
  File "c:\Users\javier\Documents\escuela_ML_2026\Machine_Learning_Intro\.venv\Lib\site-packages\pycaret\internal\metrics.py", line 150, in __call__
    return self.score_func(y_true, y_pred, **kwargs)
           ^^^^^^^^^^^^^^^^^^^^^^^^^^^^^^^^^^^^^^^^^
  File "c:\Users\javier\Documents\escuela_ML_2026\Machine_Learning_Intro\.venv\Lib\site-packages\sklearn\utils\_param_validation.py", line 208, in wrapper
    validate_parameter_constraints(
  File "c:\Users\javier\Documents\escuela_ML_2026\Machine_Learning_Intro\.venv\Lib\site-packages\sklearn\utils\_param_validation.py", line 98, in validate_parameter_constraints
    raise InvalidParameterError(
sklearn.utils._param_validation.InvalidParameterError: The 'y_score' parameter of roc_auc_score must be an array-like. Got None instead.

During handling of the above exception, another exception occurred:

Traceback (most recent call last):
  File "c:\Users\javier\Documents\escuela_ML_2026\Machine_Learning_Intro\.venv\Lib\site-packages\pycaret\utils\generic.py", line 589, in _calculate_metric
    calculated_metric = score_func(y_test, target, **kwargs)
                        ^^^^^^^^^^^^^^^^^^^^^^^^^^^^^^^^^^^^
  File "c:\Users\javier\Documents\escuela_ML_2026\Machine_Learning_Intro\.venv\Lib\site-packages\pycaret\internal\metrics.py", line 150, in __call__
    return self.score_func(y_true, y_pred, **kwargs)
           ^^^^^^^^^^^^^^^^^^^^^^^^^^^^^^^^^^^^^^^^^
  File "c:\Users\javier\Documents\escuela_ML_2026\Machine_Learning_Intro\.venv\Lib\site-packages\sklearn\utils\_param_validation.py", line 208, in wrapper
    validate_parameter_constraints(
  File "c:\Users\javier\Documents\escuela_ML_2026\Machine_Learning_Intro\.venv\Lib\site-packages\sklearn\utils\_param_validation.py", line 98, in validate_parameter_constraints
    raise InvalidParameterError(
sklearn.utils._param_validation.InvalidParameterError: The 'y_score' parameter of roc_auc_score must be an array-like. Got None instead.

  warnings.warn(traceback.format_exc())

2026-08-28 20:36:00,296:WARNING:c:\Users\javier\Documents\escuela_ML_2026\Machine_Learning_Intro\.venv\Lib\site-packages\pycaret\utils\generic.py:591: UserWarning: Traceback (most recent call last):
  File "c:\Users\javier\Documents\escuela_ML_2026\Machine_Learning_Intro\.venv\Lib\site-packages\pycaret\utils\generic.py", line 586, in _calculate_metric
    calculated_metric = score_func(y_test, target, sample_weight=weights, **kwargs)
                        ^^^^^^^^^^^^^^^^^^^^^^^^^^^^^^^^^^^^^^^^^^^^^^^^^^^^^^^^^^^
  File "c:\Users\javier\Documents\escuela_ML_2026\Machine_Learning_Intro\.venv\Lib\site-packages\pycaret\internal\metrics.py", line 150, in __call__
    return self.score_func(y_true, y_pred, **kwargs)
           ^^^^^^^^^^^^^^^^^^^^^^^^^^^^^^^^^^^^^^^^^
  File "c:\Users\javier\Documents\escuela_ML_2026\Machine_Learning_Intro\.venv\Lib\site-packages\sklearn\utils\_param_validation.py", line 208, in wrapper
    validate_parameter_constraints(
  File "c:\Users\javier\Documents\escuela_ML_2026\Machine_Learning_Intro\.venv\Lib\site-packages\sklearn\utils\_param_validation.py", line 98, in validate_parameter_constraints
    raise InvalidParameterError(
sklearn.utils._param_validation.InvalidParameterError: The 'y_score' parameter of roc_auc_score must be an array-like. Got None instead.

During handling of the above exception, another exception occurred:

Traceback (most recent call last):
  File "c:\Users\javier\Documents\escuela_ML_2026\Machine_Learning_Intro\.venv\Lib\site-packages\pycaret\utils\generic.py", line 589, in _calculate_metric
    calculated_metric = score_func(y_test, target, **kwargs)
                        ^^^^^^^^^^^^^^^^^^^^^^^^^^^^^^^^^^^^
  File "c:\Users\javier\Documents\escuela_ML_2026\Machine_Learning_Intro\.venv\Lib\site-packages\pycaret\internal\metrics.py", line 150, in __call__
    return self.score_func(y_true, y_pred, **kwargs)
           ^^^^^^^^^^^^^^^^^^^^^^^^^^^^^^^^^^^^^^^^^
  File "c:\Users\javier\Documents\escuela_ML_2026\Machine_Learning_Intro\.venv\Lib\site-packages\sklearn\utils\_param_validation.py", line 208, in wrapper
    validate_parameter_constraints(
  File "c:\Users\javier\Documents\escuela_ML_2026\Machine_Learning_Intro\.venv\Lib\site-packages\sklearn\utils\_param_validation.py", line 98, in validate_parameter_constraints
    raise InvalidParameterError(
sklearn.utils._param_validation.InvalidParameterError: The 'y_score' parameter of roc_auc_score must be an array-like. Got None instead.

  warnings.warn(traceback.format_exc())

2026-08-28 20:36:00,331:WARNING:c:\Users\javier\Documents\escuela_ML_2026\Machine_Learning_Intro\.venv\Lib\site-packages\pycaret\utils\generic.py:591: UserWarning: Traceback (most recent call last):
  File "c:\Users\javier\Documents\escuela_ML_2026\Machine_Learning_Intro\.venv\Lib\site-packages\pycaret\utils\generic.py", line 586, in _calculate_metric
    calculated_metric = score_func(y_test, target, sample_weight=weights, **kwargs)
                        ^^^^^^^^^^^^^^^^^^^^^^^^^^^^^^^^^^^^^^^^^^^^^^^^^^^^^^^^^^^
  File "c:\Users\javier\Documents\escuela_ML_2026\Machine_Learning_Intro\.venv\Lib\site-packages\pycaret\internal\metrics.py", line 150, in __call__
    return self.score_func(y_true, y_pred, **kwargs)
           ^^^^^^^^^^^^^^^^^^^^^^^^^^^^^^^^^^^^^^^^^
  File "c:\Users\javier\Documents\escuela_ML_2026\Machine_Learning_Intro\.venv\Lib\site-packages\sklearn\utils\_param_validation.py", line 208, in wrapper
    validate_parameter_constraints(
  File "c:\Users\javier\Documents\escuela_ML_2026\Machine_Learning_Intro\.venv\Lib\site-packages\sklearn\utils\_param_validation.py", line 98, in validate_parameter_constraints
    raise InvalidParameterError(
sklearn.utils._param_validation.InvalidParameterError: The 'y_score' parameter of roc_auc_score must be an array-like. Got None instead.

During handling of the above exception, another exception occurred:

Traceback (most recent call last):
  File "c:\Users\javier\Documents\escuela_ML_2026\Machine_Learning_Intro\.venv\Lib\site-packages\pycaret\utils\generic.py", line 589, in _calculate_metric
    calculated_metric = score_func(y_test, target, **kwargs)
                        ^^^^^^^^^^^^^^^^^^^^^^^^^^^^^^^^^^^^
  File "c:\Users\javier\Documents\escuela_ML_2026\Machine_Learning_Intro\.venv\Lib\site-packages\pycaret\internal\metrics.py", line 150, in __call__
    return self.score_func(y_true, y_pred, **kwargs)
           ^^^^^^^^^^^^^^^^^^^^^^^^^^^^^^^^^^^^^^^^^
  File "c:\Users\javier\Documents\escuela_ML_2026\Machine_Learning_Intro\.venv\Lib\site-packages\sklearn\utils\_param_validation.py", line 208, in wrapper
    validate_parameter_constraints(
  File "c:\Users\javier\Documents\escuela_ML_2026\Machine_Learning_Intro\.venv\Lib\site-packages\sklearn\utils\_param_validation.py", line 98, in validate_parameter_constraints
    raise InvalidParameterError(
sklearn.utils._param_validation.InvalidParameterError: The 'y_score' parameter of roc_auc_score must be an array-like. Got None instead.

  warnings.warn(traceback.format_exc())

2026-08-28 20:36:00,366:WARNING:c:\Users\javier\Documents\escuela_ML_2026\Machine_Learning_Intro\.venv\Lib\site-packages\pycaret\utils\generic.py:591: UserWarning: Traceback (most recent call last):
  File "c:\Users\javier\Documents\escuela_ML_2026\Machine_Learning_Intro\.venv\Lib\site-packages\pycaret\utils\generic.py", line 586, in _calculate_metric
    calculated_metric = score_func(y_test, target, sample_weight=weights, **kwargs)
                        ^^^^^^^^^^^^^^^^^^^^^^^^^^^^^^^^^^^^^^^^^^^^^^^^^^^^^^^^^^^
  File "c:\Users\javier\Documents\escuela_ML_2026\Machine_Learning_Intro\.venv\Lib\site-packages\pycaret\internal\metrics.py", line 150, in __call__
    return self.score_func(y_true, y_pred, **kwargs)
           ^^^^^^^^^^^^^^^^^^^^^^^^^^^^^^^^^^^^^^^^^
  File "c:\Users\javier\Documents\escuela_ML_2026\Machine_Learning_Intro\.venv\Lib\site-packages\sklearn\utils\_param_validation.py", line 208, in wrapper
    validate_parameter_constraints(
  File "c:\Users\javier\Documents\escuela_ML_2026\Machine_Learning_Intro\.venv\Lib\site-packages\sklearn\utils\_param_validation.py", line 98, in validate_parameter_constraints
    raise InvalidParameterError(
sklearn.utils._param_validation.InvalidParameterError: The 'y_score' parameter of roc_auc_score must be an array-like. Got None instead.

During handling of the above exception, another exception occurred:

Traceback (most recent call last):
  File "c:\Users\javier\Documents\escuela_ML_2026\Machine_Learning_Intro\.venv\Lib\site-packages\pycaret\utils\generic.py", line 589, in _calculate_metric
    calculated_metric = score_func(y_test, target, **kwargs)
                        ^^^^^^^^^^^^^^^^^^^^^^^^^^^^^^^^^^^^
  File "c:\Users\javier\Documents\escuela_ML_2026\Machine_Learning_Intro\.venv\Lib\site-packages\pycaret\internal\metrics.py", line 150, in __call__
    return self.score_func(y_true, y_pred, **kwargs)
           ^^^^^^^^^^^^^^^^^^^^^^^^^^^^^^^^^^^^^^^^^
  File "c:\Users\javier\Documents\escuela_ML_2026\Machine_Learning_Intro\.venv\Lib\site-packages\sklearn\utils\_param_validation.py", line 208, in wrapper
    validate_parameter_constraints(
  File "c:\Users\javier\Documents\escuela_ML_2026\Machine_Learning_Intro\.venv\Lib\site-packages\sklearn\utils\_param_validation.py", line 98, in validate_parameter_constraints
    raise InvalidParameterError(
sklearn.utils._param_validation.InvalidParameterError: The 'y_score' parameter of roc_auc_score must be an array-like. Got None instead.

  warnings.warn(traceback.format_exc())

2026-08-28 20:36:00,400:WARNING:c:\Users\javier\Documents\escuela_ML_2026\Machine_Learning_Intro\.venv\Lib\site-packages\pycaret\utils\generic.py:591: UserWarning: Traceback (most recent call last):
  File "c:\Users\javier\Documents\escuela_ML_2026\Machine_Learning_Intro\.venv\Lib\site-packages\pycaret\utils\generic.py", line 586, in _calculate_metric
    calculated_metric = score_func(y_test, target, sample_weight=weights, **kwargs)
                        ^^^^^^^^^^^^^^^^^^^^^^^^^^^^^^^^^^^^^^^^^^^^^^^^^^^^^^^^^^^
  File "c:\Users\javier\Documents\escuela_ML_2026\Machine_Learning_Intro\.venv\Lib\site-packages\pycaret\internal\metrics.py", line 150, in __call__
    return self.score_func(y_true, y_pred, **kwargs)
           ^^^^^^^^^^^^^^^^^^^^^^^^^^^^^^^^^^^^^^^^^
  File "c:\Users\javier\Documents\escuela_ML_2026\Machine_Learning_Intro\.venv\Lib\site-packages\sklearn\utils\_param_validation.py", line 208, in wrapper
    validate_parameter_constraints(
  File "c:\Users\javier\Documents\escuela_ML_2026\Machine_Learning_Intro\.venv\Lib\site-packages\sklearn\utils\_param_validation.py", line 98, in validate_parameter_constraints
    raise InvalidParameterError(
sklearn.utils._param_validation.InvalidParameterError: The 'y_score' parameter of roc_auc_score must be an array-like. Got None instead.

During handling of the above exception, another exception occurred:

Traceback (most recent call last):
  File "c:\Users\javier\Documents\escuela_ML_2026\Machine_Learning_Intro\.venv\Lib\site-packages\pycaret\utils\generic.py", line 589, in _calculate_metric
    calculated_metric = score_func(y_test, target, **kwargs)
                        ^^^^^^^^^^^^^^^^^^^^^^^^^^^^^^^^^^^^
  File "c:\Users\javier\Documents\escuela_ML_2026\Machine_Learning_Intro\.venv\Lib\site-packages\pycaret\internal\metrics.py", line 150, in __call__
    return self.score_func(y_true, y_pred, **kwargs)
           ^^^^^^^^^^^^^^^^^^^^^^^^^^^^^^^^^^^^^^^^^
  File "c:\Users\javier\Documents\escuela_ML_2026\Machine_Learning_Intro\.venv\Lib\site-packages\sklearn\utils\_param_validation.py", line 208, in wrapper
    validate_parameter_constraints(
  File "c:\Users\javier\Documents\escuela_ML_2026\Machine_Learning_Intro\.venv\Lib\site-packages\sklearn\utils\_param_validation.py", line 98, in validate_parameter_constraints
    raise InvalidParameterError(
sklearn.utils._param_validation.InvalidParameterError: The 'y_score' parameter of roc_auc_score must be an array-like. Got None instead.

  warnings.warn(traceback.format_exc())

2026-08-28 20:36:00,437:WARNING:c:\Users\javier\Documents\escuela_ML_2026\Machine_Learning_Intro\.venv\Lib\site-packages\pycaret\utils\generic.py:591: UserWarning: Traceback (most recent call last):
  File "c:\Users\javier\Documents\escuela_ML_2026\Machine_Learning_Intro\.venv\Lib\site-packages\pycaret\utils\generic.py", line 586, in _calculate_metric
    calculated_metric = score_func(y_test, target, sample_weight=weights, **kwargs)
                        ^^^^^^^^^^^^^^^^^^^^^^^^^^^^^^^^^^^^^^^^^^^^^^^^^^^^^^^^^^^
  File "c:\Users\javier\Documents\escuela_ML_2026\Machine_Learning_Intro\.venv\Lib\site-packages\pycaret\internal\metrics.py", line 150, in __call__
    return self.score_func(y_true, y_pred, **kwargs)
           ^^^^^^^^^^^^^^^^^^^^^^^^^^^^^^^^^^^^^^^^^
  File "c:\Users\javier\Documents\escuela_ML_2026\Machine_Learning_Intro\.venv\Lib\site-packages\sklearn\utils\_param_validation.py", line 208, in wrapper
    validate_parameter_constraints(
  File "c:\Users\javier\Documents\escuela_ML_2026\Machine_Learning_Intro\.venv\Lib\site-packages\sklearn\utils\_param_validation.py", line 98, in validate_parameter_constraints
    raise InvalidParameterError(
sklearn.utils._param_validation.InvalidParameterError: The 'y_score' parameter of roc_auc_score must be an array-like. Got None instead.

During handling of the above exception, another exception occurred:

Traceback (most recent call last):
  File "c:\Users\javier\Documents\escuela_ML_2026\Machine_Learning_Intro\.venv\Lib\site-packages\pycaret\utils\generic.py", line 589, in _calculate_metric
    calculated_metric = score_func(y_test, target, **kwargs)
                        ^^^^^^^^^^^^^^^^^^^^^^^^^^^^^^^^^^^^
  File "c:\Users\javier\Documents\escuela_ML_2026\Machine_Learning_Intro\.venv\Lib\site-packages\pycaret\internal\metrics.py", line 150, in __call__
    return self.score_func(y_true, y_pred, **kwargs)
           ^^^^^^^^^^^^^^^^^^^^^^^^^^^^^^^^^^^^^^^^^
  File "c:\Users\javier\Documents\escuela_ML_2026\Machine_Learning_Intro\.venv\Lib\site-packages\sklearn\utils\_param_validation.py", line 208, in wrapper
    validate_parameter_constraints(
  File "c:\Users\javier\Documents\escuela_ML_2026\Machine_Learning_Intro\.venv\Lib\site-packages\sklearn\utils\_param_validation.py", line 98, in validate_parameter_constraints
    raise InvalidParameterError(
sklearn.utils._param_validation.InvalidParameterError: The 'y_score' parameter of roc_auc_score must be an array-like. Got None instead.

  warnings.warn(traceback.format_exc())

2026-08-28 20:36:00,442:WARNING:c:\Users\javier\Documents\escuela_ML_2026\Machine_Learning_Intro\.venv\Lib\site-packages\sklearn\metrics\_classification.py:1879: UndefinedMetricWarning: Precision is ill-defined and being set to 0.0 in labels with no predicted samples. Use `zero_division` parameter to control this behavior.
  _warn_prf(average, modifier, f"{metric.capitalize()} is", result.shape[0])

2026-08-28 20:36:00,470:WARNING:c:\Users\javier\Documents\escuela_ML_2026\Machine_Learning_Intro\.venv\Lib\site-packages\pycaret\utils\generic.py:591: UserWarning: Traceback (most recent call last):
  File "c:\Users\javier\Documents\escuela_ML_2026\Machine_Learning_Intro\.venv\Lib\site-packages\pycaret\utils\generic.py", line 586, in _calculate_metric
    calculated_metric = score_func(y_test, target, sample_weight=weights, **kwargs)
                        ^^^^^^^^^^^^^^^^^^^^^^^^^^^^^^^^^^^^^^^^^^^^^^^^^^^^^^^^^^^
  File "c:\Users\javier\Documents\escuela_ML_2026\Machine_Learning_Intro\.venv\Lib\site-packages\pycaret\internal\metrics.py", line 150, in __call__
    return self.score_func(y_true, y_pred, **kwargs)
           ^^^^^^^^^^^^^^^^^^^^^^^^^^^^^^^^^^^^^^^^^
  File "c:\Users\javier\Documents\escuela_ML_2026\Machine_Learning_Intro\.venv\Lib\site-packages\sklearn\utils\_param_validation.py", line 208, in wrapper
    validate_parameter_constraints(
  File "c:\Users\javier\Documents\escuela_ML_2026\Machine_Learning_Intro\.venv\Lib\site-packages\sklearn\utils\_param_validation.py", line 98, in validate_parameter_constraints
    raise InvalidParameterError(
sklearn.utils._param_validation.InvalidParameterError: The 'y_score' parameter of roc_auc_score must be an array-like. Got None instead.

During handling of the above exception, another exception occurred:

Traceback (most recent call last):
  File "c:\Users\javier\Documents\escuela_ML_2026\Machine_Learning_Intro\.venv\Lib\site-packages\pycaret\utils\generic.py", line 589, in _calculate_metric
    calculated_metric = score_func(y_test, target, **kwargs)
                        ^^^^^^^^^^^^^^^^^^^^^^^^^^^^^^^^^^^^
  File "c:\Users\javier\Documents\escuela_ML_2026\Machine_Learning_Intro\.venv\Lib\site-packages\pycaret\internal\metrics.py", line 150, in __call__
    return self.score_func(y_true, y_pred, **kwargs)
           ^^^^^^^^^^^^^^^^^^^^^^^^^^^^^^^^^^^^^^^^^
  File "c:\Users\javier\Documents\escuela_ML_2026\Machine_Learning_Intro\.venv\Lib\site-packages\sklearn\utils\_param_validation.py", line 208, in wrapper
    validate_parameter_constraints(
  File "c:\Users\javier\Documents\escuela_ML_2026\Machine_Learning_Intro\.venv\Lib\site-packages\sklearn\utils\_param_validation.py", line 98, in validate_parameter_constraints
    raise InvalidParameterError(
sklearn.utils._param_validation.InvalidParameterError: The 'y_score' parameter of roc_auc_score must be an array-like. Got None instead.

  warnings.warn(traceback.format_exc())

2026-08-28 20:36:00,505:WARNING:c:\Users\javier\Documents\escuela_ML_2026\Machine_Learning_Intro\.venv\Lib\site-packages\pycaret\utils\generic.py:591: UserWarning: Traceback (most recent call last):
  File "c:\Users\javier\Documents\escuela_ML_2026\Machine_Learning_Intro\.venv\Lib\site-packages\pycaret\utils\generic.py", line 586, in _calculate_metric
    calculated_metric = score_func(y_test, target, sample_weight=weights, **kwargs)
                        ^^^^^^^^^^^^^^^^^^^^^^^^^^^^^^^^^^^^^^^^^^^^^^^^^^^^^^^^^^^
  File "c:\Users\javier\Documents\escuela_ML_2026\Machine_Learning_Intro\.venv\Lib\site-packages\pycaret\internal\metrics.py", line 150, in __call__
    return self.score_func(y_true, y_pred, **kwargs)
           ^^^^^^^^^^^^^^^^^^^^^^^^^^^^^^^^^^^^^^^^^
  File "c:\Users\javier\Documents\escuela_ML_2026\Machine_Learning_Intro\.venv\Lib\site-packages\sklearn\utils\_param_validation.py", line 208, in wrapper
    validate_parameter_constraints(
  File "c:\Users\javier\Documents\escuela_ML_2026\Machine_Learning_Intro\.venv\Lib\site-packages\sklearn\utils\_param_validation.py", line 98, in validate_parameter_constraints
    raise InvalidParameterError(
sklearn.utils._param_validation.InvalidParameterError: The 'y_score' parameter of roc_auc_score must be an array-like. Got None instead.

During handling of the above exception, another exception occurred:

Traceback (most recent call last):
  File "c:\Users\javier\Documents\escuela_ML_2026\Machine_Learning_Intro\.venv\Lib\site-packages\pycaret\utils\generic.py", line 589, in _calculate_metric
    calculated_metric = score_func(y_test, target, **kwargs)
                        ^^^^^^^^^^^^^^^^^^^^^^^^^^^^^^^^^^^^
  File "c:\Users\javier\Documents\escuela_ML_2026\Machine_Learning_Intro\.venv\Lib\site-packages\pycaret\internal\metrics.py", line 150, in __call__
    return self.score_func(y_true, y_pred, **kwargs)
           ^^^^^^^^^^^^^^^^^^^^^^^^^^^^^^^^^^^^^^^^^
  File "c:\Users\javier\Documents\escuela_ML_2026\Machine_Learning_Intro\.venv\Lib\site-packages\sklearn\utils\_param_validation.py", line 208, in wrapper
    validate_parameter_constraints(
  File "c:\Users\javier\Documents\escuela_ML_2026\Machine_Learning_Intro\.venv\Lib\site-packages\sklearn\utils\_param_validation.py", line 98, in validate_parameter_constraints
    raise InvalidParameterError(
sklearn.utils._param_validation.InvalidParameterError: The 'y_score' parameter of roc_auc_score must be an array-like. Got None instead.

  warnings.warn(traceback.format_exc())

2026-08-28 20:36:00,546:WARNING:c:\Users\javier\Documents\escuela_ML_2026\Machine_Learning_Intro\.venv\Lib\site-packages\pycaret\utils\generic.py:591: UserWarning: Traceback (most recent call last):
  File "c:\Users\javier\Documents\escuela_ML_2026\Machine_Learning_Intro\.venv\Lib\site-packages\pycaret\utils\generic.py", line 586, in _calculate_metric
    calculated_metric = score_func(y_test, target, sample_weight=weights, **kwargs)
                        ^^^^^^^^^^^^^^^^^^^^^^^^^^^^^^^^^^^^^^^^^^^^^^^^^^^^^^^^^^^
  File "c:\Users\javier\Documents\escuela_ML_2026\Machine_Learning_Intro\.venv\Lib\site-packages\pycaret\internal\metrics.py", line 150, in __call__
    return self.score_func(y_true, y_pred, **kwargs)
           ^^^^^^^^^^^^^^^^^^^^^^^^^^^^^^^^^^^^^^^^^
  File "c:\Users\javier\Documents\escuela_ML_2026\Machine_Learning_Intro\.venv\Lib\site-packages\sklearn\utils\_param_validation.py", line 208, in wrapper
    validate_parameter_constraints(
  File "c:\Users\javier\Documents\escuela_ML_2026\Machine_Learning_Intro\.venv\Lib\site-packages\sklearn\utils\_param_validation.py", line 98, in validate_parameter_constraints
    raise InvalidParameterError(
sklearn.utils._param_validation.InvalidParameterError: The 'y_score' parameter of roc_auc_score must be an array-like. Got None instead.

During handling of the above exception, another exception occurred:

Traceback (most recent call last):
  File "c:\Users\javier\Documents\escuela_ML_2026\Machine_Learning_Intro\.venv\Lib\site-packages\pycaret\utils\generic.py", line 589, in _calculate_metric
    calculated_metric = score_func(y_test, target, **kwargs)
                        ^^^^^^^^^^^^^^^^^^^^^^^^^^^^^^^^^^^^
  File "c:\Users\javier\Documents\escuela_ML_2026\Machine_Learning_Intro\.venv\Lib\site-packages\pycaret\internal\metrics.py", line 150, in __call__
    return self.score_func(y_true, y_pred, **kwargs)
           ^^^^^^^^^^^^^^^^^^^^^^^^^^^^^^^^^^^^^^^^^
  File "c:\Users\javier\Documents\escuela_ML_2026\Machine_Learning_Intro\.venv\Lib\site-packages\sklearn\utils\_param_validation.py", line 208, in wrapper
    validate_parameter_constraints(
  File "c:\Users\javier\Documents\escuela_ML_2026\Machine_Learning_Intro\.venv\Lib\site-packages\sklearn\utils\_param_validation.py", line 98, in validate_parameter_constraints
    raise InvalidParameterError(
sklearn.utils._param_validation.InvalidParameterError: The 'y_score' parameter of roc_auc_score must be an array-like. Got None instead.

  warnings.warn(traceback.format_exc())

2026-08-28 20:36:00,566:WARNING:c:\Users\javier\Documents\escuela_ML_2026\Machine_Learning_Intro\.venv\Lib\site-packages\pycaret\utils\generic.py:591: UserWarning: Traceback (most recent call last):
  File "c:\Users\javier\Documents\escuela_ML_2026\Machine_Learning_Intro\.venv\Lib\site-packages\pycaret\utils\generic.py", line 586, in _calculate_metric
    calculated_metric = score_func(y_test, target, sample_weight=weights, **kwargs)
                        ^^^^^^^^^^^^^^^^^^^^^^^^^^^^^^^^^^^^^^^^^^^^^^^^^^^^^^^^^^^
  File "c:\Users\javier\Documents\escuela_ML_2026\Machine_Learning_Intro\.venv\Lib\site-packages\pycaret\internal\metrics.py", line 150, in __call__
    return self.score_func(y_true, y_pred, **kwargs)
           ^^^^^^^^^^^^^^^^^^^^^^^^^^^^^^^^^^^^^^^^^
  File "c:\Users\javier\Documents\escuela_ML_2026\Machine_Learning_Intro\.venv\Lib\site-packages\sklearn\utils\_param_validation.py", line 208, in wrapper
    validate_parameter_constraints(
  File "c:\Users\javier\Documents\escuela_ML_2026\Machine_Learning_Intro\.venv\Lib\site-packages\sklearn\utils\_param_validation.py", line 98, in validate_parameter_constraints
    raise InvalidParameterError(
sklearn.utils._param_validation.InvalidParameterError: The 'y_score' parameter of roc_auc_score must be an array-like. Got None instead.

During handling of the above exception, another exception occurred:

Traceback (most recent call last):
  File "c:\Users\javier\Documents\escuela_ML_2026\Machine_Learning_Intro\.venv\Lib\site-packages\pycaret\utils\generic.py", line 589, in _calculate_metric
    calculated_metric = score_func(y_test, target, **kwargs)
                        ^^^^^^^^^^^^^^^^^^^^^^^^^^^^^^^^^^^^
  File "c:\Users\javier\Documents\escuela_ML_2026\Machine_Learning_Intro\.venv\Lib\site-packages\pycaret\internal\metrics.py", line 150, in __call__
    return self.score_func(y_true, y_pred, **kwargs)
           ^^^^^^^^^^^^^^^^^^^^^^^^^^^^^^^^^^^^^^^^^
  File "c:\Users\javier\Documents\escuela_ML_2026\Machine_Learning_Intro\.venv\Lib\site-packages\sklearn\utils\_param_validation.py", line 208, in wrapper
    validate_parameter_constraints(
  File "c:\Users\javier\Documents\escuela_ML_2026\Machine_Learning_Intro\.venv\Lib\site-packages\sklearn\utils\_param_validation.py", line 98, in validate_parameter_constraints
    raise InvalidParameterError(
sklearn.utils._param_validation.InvalidParameterError: The 'y_score' parameter of roc_auc_score must be an array-like. Got None instead.

  warnings.warn(traceback.format_exc())

2026-08-28 20:36:00,583:WARNING:c:\Users\javier\Documents\escuela_ML_2026\Machine_Learning_Intro\.venv\Lib\site-packages\pycaret\utils\generic.py:591: UserWarning: Traceback (most recent call last):
  File "c:\Users\javier\Documents\escuela_ML_2026\Machine_Learning_Intro\.venv\Lib\site-packages\pycaret\utils\generic.py", line 586, in _calculate_metric
    calculated_metric = score_func(y_test, target, sample_weight=weights, **kwargs)
                        ^^^^^^^^^^^^^^^^^^^^^^^^^^^^^^^^^^^^^^^^^^^^^^^^^^^^^^^^^^^
  File "c:\Users\javier\Documents\escuela_ML_2026\Machine_Learning_Intro\.venv\Lib\site-packages\pycaret\internal\metrics.py", line 150, in __call__
    return self.score_func(y_true, y_pred, **kwargs)
           ^^^^^^^^^^^^^^^^^^^^^^^^^^^^^^^^^^^^^^^^^
  File "c:\Users\javier\Documents\escuela_ML_2026\Machine_Learning_Intro\.venv\Lib\site-packages\sklearn\utils\_param_validation.py", line 208, in wrapper
    validate_parameter_constraints(
  File "c:\Users\javier\Documents\escuela_ML_2026\Machine_Learning_Intro\.venv\Lib\site-packages\sklearn\utils\_param_validation.py", line 98, in validate_parameter_constraints
    raise InvalidParameterError(
sklearn.utils._param_validation.InvalidParameterError: The 'y_score' parameter of roc_auc_score must be an array-like. Got None instead.

During handling of the above exception, another exception occurred:

Traceback (most recent call last):
  File "c:\Users\javier\Documents\escuela_ML_2026\Machine_Learning_Intro\.venv\Lib\site-packages\pycaret\utils\generic.py", line 589, in _calculate_metric
    calculated_metric = score_func(y_test, target, **kwargs)
                        ^^^^^^^^^^^^^^^^^^^^^^^^^^^^^^^^^^^^
  File "c:\Users\javier\Documents\escuela_ML_2026\Machine_Learning_Intro\.venv\Lib\site-packages\pycaret\internal\metrics.py", line 150, in __call__
    return self.score_func(y_true, y_pred, **kwargs)
           ^^^^^^^^^^^^^^^^^^^^^^^^^^^^^^^^^^^^^^^^^
  File "c:\Users\javier\Documents\escuela_ML_2026\Machine_Learning_Intro\.venv\Lib\site-packages\sklearn\utils\_param_validation.py", line 208, in wrapper
    validate_parameter_constraints(
  File "c:\Users\javier\Documents\escuela_ML_2026\Machine_Learning_Intro\.venv\Lib\site-packages\sklearn\utils\_param_validation.py", line 98, in validate_parameter_constraints
    raise InvalidParameterError(
sklearn.utils._param_validation.InvalidParameterError: The 'y_score' parameter of roc_auc_score must be an array-like. Got None instead.

  warnings.warn(traceback.format_exc())

2026-08-28 20:36:00,599:WARNING:c:\Users\javier\Documents\escuela_ML_2026\Machine_Learning_Intro\.venv\Lib\site-packages\pycaret\utils\generic.py:591: UserWarning: Traceback (most recent call last):
  File "c:\Users\javier\Documents\escuela_ML_2026\Machine_Learning_Intro\.venv\Lib\site-packages\pycaret\utils\generic.py", line 586, in _calculate_metric
    calculated_metric = score_func(y_test, target, sample_weight=weights, **kwargs)
                        ^^^^^^^^^^^^^^^^^^^^^^^^^^^^^^^^^^^^^^^^^^^^^^^^^^^^^^^^^^^
  File "c:\Users\javier\Documents\escuela_ML_2026\Machine_Learning_Intro\.venv\Lib\site-packages\pycaret\internal\metrics.py", line 150, in __call__
    return self.score_func(y_true, y_pred, **kwargs)
           ^^^^^^^^^^^^^^^^^^^^^^^^^^^^^^^^^^^^^^^^^
  File "c:\Users\javier\Documents\escuela_ML_2026\Machine_Learning_Intro\.venv\Lib\site-packages\sklearn\utils\_param_validation.py", line 208, in wrapper
    validate_parameter_constraints(
  File "c:\Users\javier\Documents\escuela_ML_2026\Machine_Learning_Intro\.venv\Lib\site-packages\sklearn\utils\_param_validation.py", line 98, in validate_parameter_constraints
    raise InvalidParameterError(
sklearn.utils._param_validation.InvalidParameterError: The 'y_score' parameter of roc_auc_score must be an array-like. Got None instead.

During handling of the above exception, another exception occurred:

Traceback (most recent call last):
  File "c:\Users\javier\Documents\escuela_ML_2026\Machine_Learning_Intro\.venv\Lib\site-packages\pycaret\utils\generic.py", line 589, in _calculate_metric
    calculated_metric = score_func(y_test, target, **kwargs)
                        ^^^^^^^^^^^^^^^^^^^^^^^^^^^^^^^^^^^^
  File "c:\Users\javier\Documents\escuela_ML_2026\Machine_Learning_Intro\.venv\Lib\site-packages\pycaret\internal\metrics.py", line 150, in __call__
    return self.score_func(y_true, y_pred, **kwargs)
           ^^^^^^^^^^^^^^^^^^^^^^^^^^^^^^^^^^^^^^^^^
  File "c:\Users\javier\Documents\escuela_ML_2026\Machine_Learning_Intro\.venv\Lib\site-packages\sklearn\utils\_param_validation.py", line 208, in wrapper
    validate_parameter_constraints(
  File "c:\Users\javier\Documents\escuela_ML_2026\Machine_Learning_Intro\.venv\Lib\site-packages\sklearn\utils\_param_validation.py", line 98, in validate_parameter_constraints
    raise InvalidParameterError(
sklearn.utils._param_validation.InvalidParameterError: The 'y_score' parameter of roc_auc_score must be an array-like. Got None instead.

  warnings.warn(traceback.format_exc())

2026-08-28 20:36:00,615:WARNING:c:\Users\javier\Documents\escuela_ML_2026\Machine_Learning_Intro\.venv\Lib\site-packages\pycaret\utils\generic.py:591: UserWarning: Traceback (most recent call last):
  File "c:\Users\javier\Documents\escuela_ML_2026\Machine_Learning_Intro\.venv\Lib\site-packages\pycaret\utils\generic.py", line 586, in _calculate_metric
    calculated_metric = score_func(y_test, target, sample_weight=weights, **kwargs)
                        ^^^^^^^^^^^^^^^^^^^^^^^^^^^^^^^^^^^^^^^^^^^^^^^^^^^^^^^^^^^
  File "c:\Users\javier\Documents\escuela_ML_2026\Machine_Learning_Intro\.venv\Lib\site-packages\pycaret\internal\metrics.py", line 150, in __call__
    return self.score_func(y_true, y_pred, **kwargs)
           ^^^^^^^^^^^^^^^^^^^^^^^^^^^^^^^^^^^^^^^^^
  File "c:\Users\javier\Documents\escuela_ML_2026\Machine_Learning_Intro\.venv\Lib\site-packages\sklearn\utils\_param_validation.py", line 208, in wrapper
    validate_parameter_constraints(
  File "c:\Users\javier\Documents\escuela_ML_2026\Machine_Learning_Intro\.venv\Lib\site-packages\sklearn\utils\_param_validation.py", line 98, in validate_parameter_constraints
    raise InvalidParameterError(
sklearn.utils._param_validation.InvalidParameterError: The 'y_score' parameter of roc_auc_score must be an array-like. Got None instead.

During handling of the above exception, another exception occurred:

Traceback (most recent call last):
  File "c:\Users\javier\Documents\escuela_ML_2026\Machine_Learning_Intro\.venv\Lib\site-packages\pycaret\utils\generic.py", line 589, in _calculate_metric
    calculated_metric = score_func(y_test, target, **kwargs)
                        ^^^^^^^^^^^^^^^^^^^^^^^^^^^^^^^^^^^^
  File "c:\Users\javier\Documents\escuela_ML_2026\Machine_Learning_Intro\.venv\Lib\site-packages\pycaret\internal\metrics.py", line 150, in __call__
    return self.score_func(y_true, y_pred, **kwargs)
           ^^^^^^^^^^^^^^^^^^^^^^^^^^^^^^^^^^^^^^^^^
  File "c:\Users\javier\Documents\escuela_ML_2026\Machine_Learning_Intro\.venv\Lib\site-packages\sklearn\utils\_param_validation.py", line 208, in wrapper
    validate_parameter_constraints(
  File "c:\Users\javier\Documents\escuela_ML_2026\Machine_Learning_Intro\.venv\Lib\site-packages\sklearn\utils\_param_validation.py", line 98, in validate_parameter_constraints
    raise InvalidParameterError(
sklearn.utils._param_validation.InvalidParameterError: The 'y_score' parameter of roc_auc_score must be an array-like. Got None instead.

  warnings.warn(traceback.format_exc())

2026-08-28 20:36:00,629:WARNING:c:\Users\javier\Documents\escuela_ML_2026\Machine_Learning_Intro\.venv\Lib\site-packages\pycaret\utils\generic.py:591: UserWarning: Traceback (most recent call last):
  File "c:\Users\javier\Documents\escuela_ML_2026\Machine_Learning_Intro\.venv\Lib\site-packages\pycaret\utils\generic.py", line 586, in _calculate_metric
    calculated_metric = score_func(y_test, target, sample_weight=weights, **kwargs)
                        ^^^^^^^^^^^^^^^^^^^^^^^^^^^^^^^^^^^^^^^^^^^^^^^^^^^^^^^^^^^
  File "c:\Users\javier\Documents\escuela_ML_2026\Machine_Learning_Intro\.venv\Lib\site-packages\pycaret\internal\metrics.py", line 150, in __call__
    return self.score_func(y_true, y_pred, **kwargs)
           ^^^^^^^^^^^^^^^^^^^^^^^^^^^^^^^^^^^^^^^^^
  File "c:\Users\javier\Documents\escuela_ML_2026\Machine_Learning_Intro\.venv\Lib\site-packages\sklearn\utils\_param_validation.py", line 208, in wrapper
    validate_parameter_constraints(
  File "c:\Users\javier\Documents\escuela_ML_2026\Machine_Learning_Intro\.venv\Lib\site-packages\sklearn\utils\_param_validation.py", line 98, in validate_parameter_constraints
    raise InvalidParameterError(
sklearn.utils._param_validation.InvalidParameterError: The 'y_score' parameter of roc_auc_score must be an array-like. Got None instead.

During handling of the above exception, another exception occurred:

Traceback (most recent call last):
  File "c:\Users\javier\Documents\escuela_ML_2026\Machine_Learning_Intro\.venv\Lib\site-packages\pycaret\utils\generic.py", line 589, in _calculate_metric
    calculated_metric = score_func(y_test, target, **kwargs)
                        ^^^^^^^^^^^^^^^^^^^^^^^^^^^^^^^^^^^^
  File "c:\Users\javier\Documents\escuela_ML_2026\Machine_Learning_Intro\.venv\Lib\site-packages\pycaret\internal\metrics.py", line 150, in __call__
    return self.score_func(y_true, y_pred, **kwargs)
           ^^^^^^^^^^^^^^^^^^^^^^^^^^^^^^^^^^^^^^^^^
  File "c:\Users\javier\Documents\escuela_ML_2026\Machine_Learning_Intro\.venv\Lib\site-packages\sklearn\utils\_param_validation.py", line 208, in wrapper
    validate_parameter_constraints(
  File "c:\Users\javier\Documents\escuela_ML_2026\Machine_Learning_Intro\.venv\Lib\site-packages\sklearn\utils\_param_validation.py", line 98, in validate_parameter_constraints
    raise InvalidParameterError(
sklearn.utils._param_validation.InvalidParameterError: The 'y_score' parameter of roc_auc_score must be an array-like. Got None instead.

  warnings.warn(traceback.format_exc())

2026-08-28 20:36:00,648:WARNING:c:\Users\javier\Documents\escuela_ML_2026\Machine_Learning_Intro\.venv\Lib\site-packages\pycaret\utils\generic.py:591: UserWarning: Traceback (most recent call last):
  File "c:\Users\javier\Documents\escuela_ML_2026\Machine_Learning_Intro\.venv\Lib\site-packages\pycaret\utils\generic.py", line 586, in _calculate_metric
    calculated_metric = score_func(y_test, target, sample_weight=weights, **kwargs)
                        ^^^^^^^^^^^^^^^^^^^^^^^^^^^^^^^^^^^^^^^^^^^^^^^^^^^^^^^^^^^
  File "c:\Users\javier\Documents\escuela_ML_2026\Machine_Learning_Intro\.venv\Lib\site-packages\pycaret\internal\metrics.py", line 150, in __call__
    return self.score_func(y_true, y_pred, **kwargs)
           ^^^^^^^^^^^^^^^^^^^^^^^^^^^^^^^^^^^^^^^^^
  File "c:\Users\javier\Documents\escuela_ML_2026\Machine_Learning_Intro\.venv\Lib\site-packages\sklearn\utils\_param_validation.py", line 208, in wrapper
    validate_parameter_constraints(
  File "c:\Users\javier\Documents\escuela_ML_2026\Machine_Learning_Intro\.venv\Lib\site-packages\sklearn\utils\_param_validation.py", line 98, in validate_parameter_constraints
    raise InvalidParameterError(
sklearn.utils._param_validation.InvalidParameterError: The 'y_score' parameter of roc_auc_score must be an array-like. Got None instead.

During handling of the above exception, another exception occurred:

Traceback (most recent call last):
  File "c:\Users\javier\Documents\escuela_ML_2026\Machine_Learning_Intro\.venv\Lib\site-packages\pycaret\utils\generic.py", line 589, in _calculate_metric
    calculated_metric = score_func(y_test, target, **kwargs)
                        ^^^^^^^^^^^^^^^^^^^^^^^^^^^^^^^^^^^^
  File "c:\Users\javier\Documents\escuela_ML_2026\Machine_Learning_Intro\.venv\Lib\site-packages\pycaret\internal\metrics.py", line 150, in __call__
    return self.score_func(y_true, y_pred, **kwargs)
           ^^^^^^^^^^^^^^^^^^^^^^^^^^^^^^^^^^^^^^^^^
  File "c:\Users\javier\Documents\escuela_ML_2026\Machine_Learning_Intro\.venv\Lib\site-packages\sklearn\utils\_param_validation.py", line 208, in wrapper
    validate_parameter_constraints(
  File "c:\Users\javier\Documents\escuela_ML_2026\Machine_Learning_Intro\.venv\Lib\site-packages\sklearn\utils\_param_validation.py", line 98, in validate_parameter_constraints
    raise InvalidParameterError(
sklearn.utils._param_validation.InvalidParameterError: The 'y_score' parameter of roc_auc_score must be an array-like. Got None instead.

  warnings.warn(traceback.format_exc())

2026-08-28 20:36:00,671:WARNING:c:\Users\javier\Documents\escuela_ML_2026\Machine_Learning_Intro\.venv\Lib\site-packages\pycaret\utils\generic.py:591: UserWarning: Traceback (most recent call last):
  File "c:\Users\javier\Documents\escuela_ML_2026\Machine_Learning_Intro\.venv\Lib\site-packages\pycaret\utils\generic.py", line 586, in _calculate_metric
    calculated_metric = score_func(y_test, target, sample_weight=weights, **kwargs)
                        ^^^^^^^^^^^^^^^^^^^^^^^^^^^^^^^^^^^^^^^^^^^^^^^^^^^^^^^^^^^
  File "c:\Users\javier\Documents\escuela_ML_2026\Machine_Learning_Intro\.venv\Lib\site-packages\pycaret\internal\metrics.py", line 150, in __call__
    return self.score_func(y_true, y_pred, **kwargs)
           ^^^^^^^^^^^^^^^^^^^^^^^^^^^^^^^^^^^^^^^^^
  File "c:\Users\javier\Documents\escuela_ML_2026\Machine_Learning_Intro\.venv\Lib\site-packages\sklearn\utils\_param_validation.py", line 208, in wrapper
    validate_parameter_constraints(
  File "c:\Users\javier\Documents\escuela_ML_2026\Machine_Learning_Intro\.venv\Lib\site-packages\sklearn\utils\_param_validation.py", line 98, in validate_parameter_constraints
    raise InvalidParameterError(
sklearn.utils._param_validation.InvalidParameterError: The 'y_score' parameter of roc_auc_score must be an array-like. Got None instead.

During handling of the above exception, another exception occurred:

Traceback (most recent call last):
  File "c:\Users\javier\Documents\escuela_ML_2026\Machine_Learning_Intro\.venv\Lib\site-packages\pycaret\utils\generic.py", line 589, in _calculate_metric
    calculated_metric = score_func(y_test, target, **kwargs)
                        ^^^^^^^^^^^^^^^^^^^^^^^^^^^^^^^^^^^^
  File "c:\Users\javier\Documents\escuela_ML_2026\Machine_Learning_Intro\.venv\Lib\site-packages\pycaret\internal\metrics.py", line 150, in __call__
    return self.score_func(y_true, y_pred, **kwargs)
           ^^^^^^^^^^^^^^^^^^^^^^^^^^^^^^^^^^^^^^^^^
  File "c:\Users\javier\Documents\escuela_ML_2026\Machine_Learning_Intro\.venv\Lib\site-packages\sklearn\utils\_param_validation.py", line 208, in wrapper
    validate_parameter_constraints(
  File "c:\Users\javier\Documents\escuela_ML_2026\Machine_Learning_Intro\.venv\Lib\site-packages\sklearn\utils\_param_validation.py", line 98, in validate_parameter_constraints
    raise InvalidParameterError(
sklearn.utils._param_validation.InvalidParameterError: The 'y_score' parameter of roc_auc_score must be an array-like. Got None instead.

  warnings.warn(traceback.format_exc())

2026-08-28 20:36:00,683:WARNING:c:\Users\javier\Documents\escuela_ML_2026\Machine_Learning_Intro\.venv\Lib\site-packages\pycaret\utils\generic.py:591: UserWarning: Traceback (most recent call last):
  File "c:\Users\javier\Documents\escuela_ML_2026\Machine_Learning_Intro\.venv\Lib\site-packages\pycaret\utils\generic.py", line 586, in _calculate_metric
    calculated_metric = score_func(y_test, target, sample_weight=weights, **kwargs)
                        ^^^^^^^^^^^^^^^^^^^^^^^^^^^^^^^^^^^^^^^^^^^^^^^^^^^^^^^^^^^
  File "c:\Users\javier\Documents\escuela_ML_2026\Machine_Learning_Intro\.venv\Lib\site-packages\pycaret\internal\metrics.py", line 150, in __call__
    return self.score_func(y_true, y_pred, **kwargs)
           ^^^^^^^^^^^^^^^^^^^^^^^^^^^^^^^^^^^^^^^^^
  File "c:\Users\javier\Documents\escuela_ML_2026\Machine_Learning_Intro\.venv\Lib\site-packages\sklearn\utils\_param_validation.py", line 208, in wrapper
    validate_parameter_constraints(
  File "c:\Users\javier\Documents\escuela_ML_2026\Machine_Learning_Intro\.venv\Lib\site-packages\sklearn\utils\_param_validation.py", line 98, in validate_parameter_constraints
    raise InvalidParameterError(
sklearn.utils._param_validation.InvalidParameterError: The 'y_score' parameter of roc_auc_score must be an array-like. Got None instead.

During handling of the above exception, another exception occurred:

Traceback (most recent call last):
  File "c:\Users\javier\Documents\escuela_ML_2026\Machine_Learning_Intro\.venv\Lib\site-packages\pycaret\utils\generic.py", line 589, in _calculate_metric
    calculated_metric = score_func(y_test, target, **kwargs)
                        ^^^^^^^^^^^^^^^^^^^^^^^^^^^^^^^^^^^^
  File "c:\Users\javier\Documents\escuela_ML_2026\Machine_Learning_Intro\.venv\Lib\site-packages\pycaret\internal\metrics.py", line 150, in __call__
    return self.score_func(y_true, y_pred, **kwargs)
           ^^^^^^^^^^^^^^^^^^^^^^^^^^^^^^^^^^^^^^^^^
  File "c:\Users\javier\Documents\escuela_ML_2026\Machine_Learning_Intro\.venv\Lib\site-packages\sklearn\utils\_param_validation.py", line 208, in wrapper
    validate_parameter_constraints(
  File "c:\Users\javier\Documents\escuela_ML_2026\Machine_Learning_Intro\.venv\Lib\site-packages\sklearn\utils\_param_validation.py", line 98, in validate_parameter_constraints
    raise InvalidParameterError(
sklearn.utils._param_validation.InvalidParameterError: The 'y_score' parameter of roc_auc_score must be an array-like. Got None instead.

  warnings.warn(traceback.format_exc())

2026-08-28 20:36:00,707:WARNING:c:\Users\javier\Documents\escuela_ML_2026\Machine_Learning_Intro\.venv\Lib\site-packages\pycaret\utils\generic.py:591: UserWarning: Traceback (most recent call last):
  File "c:\Users\javier\Documents\escuela_ML_2026\Machine_Learning_Intro\.venv\Lib\site-packages\pycaret\utils\generic.py", line 586, in _calculate_metric
    calculated_metric = score_func(y_test, target, sample_weight=weights, **kwargs)
                        ^^^^^^^^^^^^^^^^^^^^^^^^^^^^^^^^^^^^^^^^^^^^^^^^^^^^^^^^^^^
  File "c:\Users\javier\Documents\escuela_ML_2026\Machine_Learning_Intro\.venv\Lib\site-packages\pycaret\internal\metrics.py", line 150, in __call__
    return self.score_func(y_true, y_pred, **kwargs)
           ^^^^^^^^^^^^^^^^^^^^^^^^^^^^^^^^^^^^^^^^^
  File "c:\Users\javier\Documents\escuela_ML_2026\Machine_Learning_Intro\.venv\Lib\site-packages\sklearn\utils\_param_validation.py", line 208, in wrapper
    validate_parameter_constraints(
  File "c:\Users\javier\Documents\escuela_ML_2026\Machine_Learning_Intro\.venv\Lib\site-packages\sklearn\utils\_param_validation.py", line 98, in validate_parameter_constraints
    raise InvalidParameterError(
sklearn.utils._param_validation.InvalidParameterError: The 'y_score' parameter of roc_auc_score must be an array-like. Got None instead.

During handling of the above exception, another exception occurred:

Traceback (most recent call last):
  File "c:\Users\javier\Documents\escuela_ML_2026\Machine_Learning_Intro\.venv\Lib\site-packages\pycaret\utils\generic.py", line 589, in _calculate_metric
    calculated_metric = score_func(y_test, target, **kwargs)
                        ^^^^^^^^^^^^^^^^^^^^^^^^^^^^^^^^^^^^
  File "c:\Users\javier\Documents\escuela_ML_2026\Machine_Learning_Intro\.venv\Lib\site-packages\pycaret\internal\metrics.py", line 150, in __call__
    return self.score_func(y_true, y_pred, **kwargs)
           ^^^^^^^^^^^^^^^^^^^^^^^^^^^^^^^^^^^^^^^^^
  File "c:\Users\javier\Documents\escuela_ML_2026\Machine_Learning_Intro\.venv\Lib\site-packages\sklearn\utils\_param_validation.py", line 208, in wrapper
    validate_parameter_constraints(
  File "c:\Users\javier\Documents\escuela_ML_2026\Machine_Learning_Intro\.venv\Lib\site-packages\sklearn\utils\_param_validation.py", line 98, in validate_parameter_constraints
    raise InvalidParameterError(
sklearn.utils._param_validation.InvalidParameterError: The 'y_score' parameter of roc_auc_score must be an array-like. Got None instead.

  warnings.warn(traceback.format_exc())

2026-08-28 20:36:10,634:WARNING:c:\Users\javier\Documents\escuela_ML_2026\Machine_Learning_Intro\.venv\Lib\site-packages\sklearn\metrics\_classification.py:1879: UndefinedMetricWarning: Precision is ill-defined and being set to 0.0 in labels with no predicted samples. Use `zero_division` parameter to control this behavior.
  _warn_prf(average, modifier, f"{metric.capitalize()} is", result.shape[0])

2026-08-28 20:36:10,657:WARNING:c:\Users\javier\Documents\escuela_ML_2026\Machine_Learning_Intro\.venv\Lib\site-packages\sklearn\metrics\_classification.py:1879: UndefinedMetricWarning: Precision is ill-defined and being set to 0.0 in labels with no predicted samples. Use `zero_division` parameter to control this behavior.
  _warn_prf(average, modifier, f"{metric.capitalize()} is", result.shape[0])

2026-08-28 20:36:10,674:WARNING:c:\Users\javier\Documents\escuela_ML_2026\Machine_Learning_Intro\.venv\Lib\site-packages\sklearn\metrics\_classification.py:1879: UndefinedMetricWarning: Precision is ill-defined and being set to 0.0 in labels with no predicted samples. Use `zero_division` parameter to control this behavior.
  _warn_prf(average, modifier, f"{metric.capitalize()} is", result.shape[0])

2026-08-28 20:36:10,695:WARNING:c:\Users\javier\Documents\escuela_ML_2026\Machine_Learning_Intro\.venv\Lib\site-packages\sklearn\metrics\_classification.py:1879: UndefinedMetricWarning: Precision is ill-defined and being set to 0.0 in labels with no predicted samples. Use `zero_division` parameter to control this behavior.
  _warn_prf(average, modifier, f"{metric.capitalize()} is", result.shape[0])

2026-08-28 20:36:10,714:WARNING:c:\Users\javier\Documents\escuela_ML_2026\Machine_Learning_Intro\.venv\Lib\site-packages\sklearn\metrics\_classification.py:1879: UndefinedMetricWarning: Precision is ill-defined and being set to 0.0 in labels with no predicted samples. Use `zero_division` parameter to control this behavior.
  _warn_prf(average, modifier, f"{metric.capitalize()} is", result.shape[0])

2026-08-28 20:36:10,731:WARNING:c:\Users\javier\Documents\escuela_ML_2026\Machine_Learning_Intro\.venv\Lib\site-packages\sklearn\metrics\_classification.py:1879: UndefinedMetricWarning: Precision is ill-defined and being set to 0.0 in labels with no predicted samples. Use `zero_division` parameter to control this behavior.
  _warn_prf(average, modifier, f"{metric.capitalize()} is", result.shape[0])

2026-08-28 20:36:10,746:WARNING:c:\Users\javier\Documents\escuela_ML_2026\Machine_Learning_Intro\.venv\Lib\site-packages\sklearn\metrics\_classification.py:1879: UndefinedMetricWarning: Precision is ill-defined and being set to 0.0 in labels with no predicted samples. Use `zero_division` parameter to control this behavior.
  _warn_prf(average, modifier, f"{metric.capitalize()} is", result.shape[0])

2026-08-28 20:36:10,763:WARNING:c:\Users\javier\Documents\escuela_ML_2026\Machine_Learning_Intro\.venv\Lib\site-packages\sklearn\metrics\_classification.py:1879: UndefinedMetricWarning: Precision is ill-defined and being set to 0.0 in labels with no predicted samples. Use `zero_division` parameter to control this behavior.
  _warn_prf(average, modifier, f"{metric.capitalize()} is", result.shape[0])

2026-08-28 20:36:10,779:WARNING:c:\Users\javier\Documents\escuela_ML_2026\Machine_Learning_Intro\.venv\Lib\site-packages\sklearn\metrics\_classification.py:1879: UndefinedMetricWarning: Precision is ill-defined and being set to 0.0 in labels with no predicted samples. Use `zero_division` parameter to control this behavior.
  _warn_prf(average, modifier, f"{metric.capitalize()} is", result.shape[0])

2026-08-28 20:36:10,796:WARNING:c:\Users\javier\Documents\escuela_ML_2026\Machine_Learning_Intro\.venv\Lib\site-packages\sklearn\metrics\_classification.py:1879: UndefinedMetricWarning: Precision is ill-defined and being set to 0.0 in labels with no predicted samples. Use `zero_division` parameter to control this behavior.
  _warn_prf(average, modifier, f"{metric.capitalize()} is", result.shape[0])

2026-08-28 20:36:47,093:WARNING:c:\Users\javier\Documents\escuela_ML_2026\Machine_Learning_Intro\.venv\Lib\site-packages\pycaret\utils\generic.py:591: UserWarning: Traceback (most recent call last):
  File "c:\Users\javier\Documents\escuela_ML_2026\Machine_Learning_Intro\.venv\Lib\site-packages\pycaret\utils\generic.py", line 586, in _calculate_metric
    calculated_metric = score_func(y_test, target, sample_weight=weights, **kwargs)
                        ^^^^^^^^^^^^^^^^^^^^^^^^^^^^^^^^^^^^^^^^^^^^^^^^^^^^^^^^^^^
  File "c:\Users\javier\Documents\escuela_ML_2026\Machine_Learning_Intro\.venv\Lib\site-packages\pycaret\internal\metrics.py", line 150, in __call__
    return self.score_func(y_true, y_pred, **kwargs)
           ^^^^^^^^^^^^^^^^^^^^^^^^^^^^^^^^^^^^^^^^^
  File "c:\Users\javier\Documents\escuela_ML_2026\Machine_Learning_Intro\.venv\Lib\site-packages\sklearn\utils\_param_validation.py", line 208, in wrapper
    validate_parameter_constraints(
  File "c:\Users\javier\Documents\escuela_ML_2026\Machine_Learning_Intro\.venv\Lib\site-packages\sklearn\utils\_param_validation.py", line 98, in validate_parameter_constraints
    raise InvalidParameterError(
sklearn.utils._param_validation.InvalidParameterError: The 'y_score' parameter of roc_auc_score must be an array-like. Got None instead.

During handling of the above exception, another exception occurred:

Traceback (most recent call last):
  File "c:\Users\javier\Documents\escuela_ML_2026\Machine_Learning_Intro\.venv\Lib\site-packages\pycaret\utils\generic.py", line 589, in _calculate_metric
    calculated_metric = score_func(y_test, target, **kwargs)
                        ^^^^^^^^^^^^^^^^^^^^^^^^^^^^^^^^^^^^
  File "c:\Users\javier\Documents\escuela_ML_2026\Machine_Learning_Intro\.venv\Lib\site-packages\pycaret\internal\metrics.py", line 150, in __call__
    return self.score_func(y_true, y_pred, **kwargs)
           ^^^^^^^^^^^^^^^^^^^^^^^^^^^^^^^^^^^^^^^^^
  File "c:\Users\javier\Documents\escuela_ML_2026\Machine_Learning_Intro\.venv\Lib\site-packages\sklearn\utils\_param_validation.py", line 208, in wrapper
    validate_parameter_constraints(
  File "c:\Users\javier\Documents\escuela_ML_2026\Machine_Learning_Intro\.venv\Lib\site-packages\sklearn\utils\_param_validation.py", line 98, in validate_parameter_constraints
    raise InvalidParameterError(
sklearn.utils._param_validation.InvalidParameterError: The 'y_score' parameter of roc_auc_score must be an array-like. Got None instead.

  warnings.warn(traceback.format_exc())

2026-08-28 20:36:47,133:WARNING:c:\Users\javier\Documents\escuela_ML_2026\Machine_Learning_Intro\.venv\Lib\site-packages\pycaret\utils\generic.py:591: UserWarning: Traceback (most recent call last):
  File "c:\Users\javier\Documents\escuela_ML_2026\Machine_Learning_Intro\.venv\Lib\site-packages\pycaret\utils\generic.py", line 586, in _calculate_metric
    calculated_metric = score_func(y_test, target, sample_weight=weights, **kwargs)
                        ^^^^^^^^^^^^^^^^^^^^^^^^^^^^^^^^^^^^^^^^^^^^^^^^^^^^^^^^^^^
  File "c:\Users\javier\Documents\escuela_ML_2026\Machine_Learning_Intro\.venv\Lib\site-packages\pycaret\internal\metrics.py", line 150, in __call__
    return self.score_func(y_true, y_pred, **kwargs)
           ^^^^^^^^^^^^^^^^^^^^^^^^^^^^^^^^^^^^^^^^^
  File "c:\Users\javier\Documents\escuela_ML_2026\Machine_Learning_Intro\.venv\Lib\site-packages\sklearn\utils\_param_validation.py", line 208, in wrapper
    validate_parameter_constraints(
  File "c:\Users\javier\Documents\escuela_ML_2026\Machine_Learning_Intro\.venv\Lib\site-packages\sklearn\utils\_param_validation.py", line 98, in validate_parameter_constraints
    raise InvalidParameterError(
sklearn.utils._param_validation.InvalidParameterError: The 'y_score' parameter of roc_auc_score must be an array-like. Got None instead.

During handling of the above exception, another exception occurred:

Traceback (most recent call last):
  File "c:\Users\javier\Documents\escuela_ML_2026\Machine_Learning_Intro\.venv\Lib\site-packages\pycaret\utils\generic.py", line 589, in _calculate_metric
    calculated_metric = score_func(y_test, target, **kwargs)
                        ^^^^^^^^^^^^^^^^^^^^^^^^^^^^^^^^^^^^
  File "c:\Users\javier\Documents\escuela_ML_2026\Machine_Learning_Intro\.venv\Lib\site-packages\pycaret\internal\metrics.py", line 150, in __call__
    return self.score_func(y_true, y_pred, **kwargs)
           ^^^^^^^^^^^^^^^^^^^^^^^^^^^^^^^^^^^^^^^^^
  File "c:\Users\javier\Documents\escuela_ML_2026\Machine_Learning_Intro\.venv\Lib\site-packages\sklearn\utils\_param_validation.py", line 208, in wrapper
    validate_parameter_constraints(
  File "c:\Users\javier\Documents\escuela_ML_2026\Machine_Learning_Intro\.venv\Lib\site-packages\sklearn\utils\_param_validation.py", line 98, in validate_parameter_constraints
    raise InvalidParameterError(
sklearn.utils._param_validation.InvalidParameterError: The 'y_score' parameter of roc_auc_score must be an array-like. Got None instead.

  warnings.warn(traceback.format_exc())

2026-08-28 20:36:47,139:WARNING:c:\Users\javier\Documents\escuela_ML_2026\Machine_Learning_Intro\.venv\Lib\site-packages\sklearn\metrics\_classification.py:1879: UndefinedMetricWarning: Precision is ill-defined and being set to 0.0 in labels with no predicted samples. Use `zero_division` parameter to control this behavior.
  _warn_prf(average, modifier, f"{metric.capitalize()} is", result.shape[0])

2026-08-28 20:36:47,169:WARNING:c:\Users\javier\Documents\escuela_ML_2026\Machine_Learning_Intro\.venv\Lib\site-packages\pycaret\utils\generic.py:591: UserWarning: Traceback (most recent call last):
  File "c:\Users\javier\Documents\escuela_ML_2026\Machine_Learning_Intro\.venv\Lib\site-packages\pycaret\utils\generic.py", line 586, in _calculate_metric
    calculated_metric = score_func(y_test, target, sample_weight=weights, **kwargs)
                        ^^^^^^^^^^^^^^^^^^^^^^^^^^^^^^^^^^^^^^^^^^^^^^^^^^^^^^^^^^^
  File "c:\Users\javier\Documents\escuela_ML_2026\Machine_Learning_Intro\.venv\Lib\site-packages\pycaret\internal\metrics.py", line 150, in __call__
    return self.score_func(y_true, y_pred, **kwargs)
           ^^^^^^^^^^^^^^^^^^^^^^^^^^^^^^^^^^^^^^^^^
  File "c:\Users\javier\Documents\escuela_ML_2026\Machine_Learning_Intro\.venv\Lib\site-packages\sklearn\utils\_param_validation.py", line 208, in wrapper
    validate_parameter_constraints(
  File "c:\Users\javier\Documents\escuela_ML_2026\Machine_Learning_Intro\.venv\Lib\site-packages\sklearn\utils\_param_validation.py", line 98, in validate_parameter_constraints
    raise InvalidParameterError(
sklearn.utils._param_validation.InvalidParameterError: The 'y_score' parameter of roc_auc_score must be an array-like. Got None instead.

During handling of the above exception, another exception occurred:

Traceback (most recent call last):
  File "c:\Users\javier\Documents\escuela_ML_2026\Machine_Learning_Intro\.venv\Lib\site-packages\pycaret\utils\generic.py", line 589, in _calculate_metric
    calculated_metric = score_func(y_test, target, **kwargs)
                        ^^^^^^^^^^^^^^^^^^^^^^^^^^^^^^^^^^^^
  File "c:\Users\javier\Documents\escuela_ML_2026\Machine_Learning_Intro\.venv\Lib\site-packages\pycaret\internal\metrics.py", line 150, in __call__
    return self.score_func(y_true, y_pred, **kwargs)
           ^^^^^^^^^^^^^^^^^^^^^^^^^^^^^^^^^^^^^^^^^
  File "c:\Users\javier\Documents\escuela_ML_2026\Machine_Learning_Intro\.venv\Lib\site-packages\sklearn\utils\_param_validation.py", line 208, in wrapper
    validate_parameter_constraints(
  File "c:\Users\javier\Documents\escuela_ML_2026\Machine_Learning_Intro\.venv\Lib\site-packages\sklearn\utils\_param_validation.py", line 98, in validate_parameter_constraints
    raise InvalidParameterError(
sklearn.utils._param_validation.InvalidParameterError: The 'y_score' parameter of roc_auc_score must be an array-like. Got None instead.

  warnings.warn(traceback.format_exc())

2026-08-28 20:36:47,201:WARNING:c:\Users\javier\Documents\escuela_ML_2026\Machine_Learning_Intro\.venv\Lib\site-packages\pycaret\utils\generic.py:591: UserWarning: Traceback (most recent call last):
  File "c:\Users\javier\Documents\escuela_ML_2026\Machine_Learning_Intro\.venv\Lib\site-packages\pycaret\utils\generic.py", line 586, in _calculate_metric
    calculated_metric = score_func(y_test, target, sample_weight=weights, **kwargs)
                        ^^^^^^^^^^^^^^^^^^^^^^^^^^^^^^^^^^^^^^^^^^^^^^^^^^^^^^^^^^^
  File "c:\Users\javier\Documents\escuela_ML_2026\Machine_Learning_Intro\.venv\Lib\site-packages\pycaret\internal\metrics.py", line 150, in __call__
    return self.score_func(y_true, y_pred, **kwargs)
           ^^^^^^^^^^^^^^^^^^^^^^^^^^^^^^^^^^^^^^^^^
  File "c:\Users\javier\Documents\escuela_ML_2026\Machine_Learning_Intro\.venv\Lib\site-packages\sklearn\utils\_param_validation.py", line 208, in wrapper
    validate_parameter_constraints(
  File "c:\Users\javier\Documents\escuela_ML_2026\Machine_Learning_Intro\.venv\Lib\site-packages\sklearn\utils\_param_validation.py", line 98, in validate_parameter_constraints
    raise InvalidParameterError(
sklearn.utils._param_validation.InvalidParameterError: The 'y_score' parameter of roc_auc_score must be an array-like. Got None instead.

During handling of the above exception, another exception occurred:

Traceback (most recent call last):
  File "c:\Users\javier\Documents\escuela_ML_2026\Machine_Learning_Intro\.venv\Lib\site-packages\pycaret\utils\generic.py", line 589, in _calculate_metric
    calculated_metric = score_func(y_test, target, **kwargs)
                        ^^^^^^^^^^^^^^^^^^^^^^^^^^^^^^^^^^^^
  File "c:\Users\javier\Documents\escuela_ML_2026\Machine_Learning_Intro\.venv\Lib\site-packages\pycaret\internal\metrics.py", line 150, in __call__
    return self.score_func(y_true, y_pred, **kwargs)
           ^^^^^^^^^^^^^^^^^^^^^^^^^^^^^^^^^^^^^^^^^
  File "c:\Users\javier\Documents\escuela_ML_2026\Machine_Learning_Intro\.venv\Lib\site-packages\sklearn\utils\_param_validation.py", line 208, in wrapper
    validate_parameter_constraints(
  File "c:\Users\javier\Documents\escuela_ML_2026\Machine_Learning_Intro\.venv\Lib\site-packages\sklearn\utils\_param_validation.py", line 98, in validate_parameter_constraints
    raise InvalidParameterError(
sklearn.utils._param_validation.InvalidParameterError: The 'y_score' parameter of roc_auc_score must be an array-like. Got None instead.

  warnings.warn(traceback.format_exc())

2026-08-28 20:36:47,234:WARNING:c:\Users\javier\Documents\escuela_ML_2026\Machine_Learning_Intro\.venv\Lib\site-packages\pycaret\utils\generic.py:591: UserWarning: Traceback (most recent call last):
  File "c:\Users\javier\Documents\escuela_ML_2026\Machine_Learning_Intro\.venv\Lib\site-packages\pycaret\utils\generic.py", line 586, in _calculate_metric
    calculated_metric = score_func(y_test, target, sample_weight=weights, **kwargs)
                        ^^^^^^^^^^^^^^^^^^^^^^^^^^^^^^^^^^^^^^^^^^^^^^^^^^^^^^^^^^^
  File "c:\Users\javier\Documents\escuela_ML_2026\Machine_Learning_Intro\.venv\Lib\site-packages\pycaret\internal\metrics.py", line 150, in __call__
    return self.score_func(y_true, y_pred, **kwargs)
           ^^^^^^^^^^^^^^^^^^^^^^^^^^^^^^^^^^^^^^^^^
  File "c:\Users\javier\Documents\escuela_ML_2026\Machine_Learning_Intro\.venv\Lib\site-packages\sklearn\utils\_param_validation.py", line 208, in wrapper
    validate_parameter_constraints(
  File "c:\Users\javier\Documents\escuela_ML_2026\Machine_Learning_Intro\.venv\Lib\site-packages\sklearn\utils\_param_validation.py", line 98, in validate_parameter_constraints
    raise InvalidParameterError(
sklearn.utils._param_validation.InvalidParameterError: The 'y_score' parameter of roc_auc_score must be an array-like. Got None instead.

During handling of the above exception, another exception occurred:

Traceback (most recent call last):
  File "c:\Users\javier\Documents\escuela_ML_2026\Machine_Learning_Intro\.venv\Lib\site-packages\pycaret\utils\generic.py", line 589, in _calculate_metric
    calculated_metric = score_func(y_test, target, **kwargs)
                        ^^^^^^^^^^^^^^^^^^^^^^^^^^^^^^^^^^^^
  File "c:\Users\javier\Documents\escuela_ML_2026\Machine_Learning_Intro\.venv\Lib\site-packages\pycaret\internal\metrics.py", line 150, in __call__
    return self.score_func(y_true, y_pred, **kwargs)
           ^^^^^^^^^^^^^^^^^^^^^^^^^^^^^^^^^^^^^^^^^
  File "c:\Users\javier\Documents\escuela_ML_2026\Machine_Learning_Intro\.venv\Lib\site-packages\sklearn\utils\_param_validation.py", line 208, in wrapper
    validate_parameter_constraints(
  File "c:\Users\javier\Documents\escuela_ML_2026\Machine_Learning_Intro\.venv\Lib\site-packages\sklearn\utils\_param_validation.py", line 98, in validate_parameter_constraints
    raise InvalidParameterError(
sklearn.utils._param_validation.InvalidParameterError: The 'y_score' parameter of roc_auc_score must be an array-like. Got None instead.

  warnings.warn(traceback.format_exc())

2026-08-28 20:36:47,269:WARNING:c:\Users\javier\Documents\escuela_ML_2026\Machine_Learning_Intro\.venv\Lib\site-packages\pycaret\utils\generic.py:591: UserWarning: Traceback (most recent call last):
  File "c:\Users\javier\Documents\escuela_ML_2026\Machine_Learning_Intro\.venv\Lib\site-packages\pycaret\utils\generic.py", line 586, in _calculate_metric
    calculated_metric = score_func(y_test, target, sample_weight=weights, **kwargs)
                        ^^^^^^^^^^^^^^^^^^^^^^^^^^^^^^^^^^^^^^^^^^^^^^^^^^^^^^^^^^^
  File "c:\Users\javier\Documents\escuela_ML_2026\Machine_Learning_Intro\.venv\Lib\site-packages\pycaret\internal\metrics.py", line 150, in __call__
    return self.score_func(y_true, y_pred, **kwargs)
           ^^^^^^^^^^^^^^^^^^^^^^^^^^^^^^^^^^^^^^^^^
  File "c:\Users\javier\Documents\escuela_ML_2026\Machine_Learning_Intro\.venv\Lib\site-packages\sklearn\utils\_param_validation.py", line 208, in wrapper
    validate_parameter_constraints(
  File "c:\Users\javier\Documents\escuela_ML_2026\Machine_Learning_Intro\.venv\Lib\site-packages\sklearn\utils\_param_validation.py", line 98, in validate_parameter_constraints
    raise InvalidParameterError(
sklearn.utils._param_validation.InvalidParameterError: The 'y_score' parameter of roc_auc_score must be an array-like. Got None instead.

During handling of the above exception, another exception occurred:

Traceback (most recent call last):
  File "c:\Users\javier\Documents\escuela_ML_2026\Machine_Learning_Intro\.venv\Lib\site-packages\pycaret\utils\generic.py", line 589, in _calculate_metric
    calculated_metric = score_func(y_test, target, **kwargs)
                        ^^^^^^^^^^^^^^^^^^^^^^^^^^^^^^^^^^^^
  File "c:\Users\javier\Documents\escuela_ML_2026\Machine_Learning_Intro\.venv\Lib\site-packages\pycaret\internal\metrics.py", line 150, in __call__
    return self.score_func(y_true, y_pred, **kwargs)
           ^^^^^^^^^^^^^^^^^^^^^^^^^^^^^^^^^^^^^^^^^
  File "c:\Users\javier\Documents\escuela_ML_2026\Machine_Learning_Intro\.venv\Lib\site-packages\sklearn\utils\_param_validation.py", line 208, in wrapper
    validate_parameter_constraints(
  File "c:\Users\javier\Documents\escuela_ML_2026\Machine_Learning_Intro\.venv\Lib\site-packages\sklearn\utils\_param_validation.py", line 98, in validate_parameter_constraints
    raise InvalidParameterError(
sklearn.utils._param_validation.InvalidParameterError: The 'y_score' parameter of roc_auc_score must be an array-like. Got None instead.

  warnings.warn(traceback.format_exc())

2026-08-28 20:36:47,303:WARNING:c:\Users\javier\Documents\escuela_ML_2026\Machine_Learning_Intro\.venv\Lib\site-packages\pycaret\utils\generic.py:591: UserWarning: Traceback (most recent call last):
  File "c:\Users\javier\Documents\escuela_ML_2026\Machine_Learning_Intro\.venv\Lib\site-packages\pycaret\utils\generic.py", line 586, in _calculate_metric
    calculated_metric = score_func(y_test, target, sample_weight=weights, **kwargs)
                        ^^^^^^^^^^^^^^^^^^^^^^^^^^^^^^^^^^^^^^^^^^^^^^^^^^^^^^^^^^^
  File "c:\Users\javier\Documents\escuela_ML_2026\Machine_Learning_Intro\.venv\Lib\site-packages\pycaret\internal\metrics.py", line 150, in __call__
    return self.score_func(y_true, y_pred, **kwargs)
           ^^^^^^^^^^^^^^^^^^^^^^^^^^^^^^^^^^^^^^^^^
  File "c:\Users\javier\Documents\escuela_ML_2026\Machine_Learning_Intro\.venv\Lib\site-packages\sklearn\utils\_param_validation.py", line 208, in wrapper
    validate_parameter_constraints(
  File "c:\Users\javier\Documents\escuela_ML_2026\Machine_Learning_Intro\.venv\Lib\site-packages\sklearn\utils\_param_validation.py", line 98, in validate_parameter_constraints
    raise InvalidParameterError(
sklearn.utils._param_validation.InvalidParameterError: The 'y_score' parameter of roc_auc_score must be an array-like. Got None instead.

During handling of the above exception, another exception occurred:

Traceback (most recent call last):
  File "c:\Users\javier\Documents\escuela_ML_2026\Machine_Learning_Intro\.venv\Lib\site-packages\pycaret\utils\generic.py", line 589, in _calculate_metric
    calculated_metric = score_func(y_test, target, **kwargs)
                        ^^^^^^^^^^^^^^^^^^^^^^^^^^^^^^^^^^^^
  File "c:\Users\javier\Documents\escuela_ML_2026\Machine_Learning_Intro\.venv\Lib\site-packages\pycaret\internal\metrics.py", line 150, in __call__
    return self.score_func(y_true, y_pred, **kwargs)
           ^^^^^^^^^^^^^^^^^^^^^^^^^^^^^^^^^^^^^^^^^
  File "c:\Users\javier\Documents\escuela_ML_2026\Machine_Learning_Intro\.venv\Lib\site-packages\sklearn\utils\_param_validation.py", line 208, in wrapper
    validate_parameter_constraints(
  File "c:\Users\javier\Documents\escuela_ML_2026\Machine_Learning_Intro\.venv\Lib\site-packages\sklearn\utils\_param_validation.py", line 98, in validate_parameter_constraints
    raise InvalidParameterError(
sklearn.utils._param_validation.InvalidParameterError: The 'y_score' parameter of roc_auc_score must be an array-like. Got None instead.

  warnings.warn(traceback.format_exc())

2026-08-28 20:36:47,351:WARNING:c:\Users\javier\Documents\escuela_ML_2026\Machine_Learning_Intro\.venv\Lib\site-packages\pycaret\utils\generic.py:591: UserWarning: Traceback (most recent call last):
  File "c:\Users\javier\Documents\escuela_ML_2026\Machine_Learning_Intro\.venv\Lib\site-packages\pycaret\utils\generic.py", line 586, in _calculate_metric
    calculated_metric = score_func(y_test, target, sample_weight=weights, **kwargs)
                        ^^^^^^^^^^^^^^^^^^^^^^^^^^^^^^^^^^^^^^^^^^^^^^^^^^^^^^^^^^^
  File "c:\Users\javier\Documents\escuela_ML_2026\Machine_Learning_Intro\.venv\Lib\site-packages\pycaret\internal\metrics.py", line 150, in __call__
    return self.score_func(y_true, y_pred, **kwargs)
           ^^^^^^^^^^^^^^^^^^^^^^^^^^^^^^^^^^^^^^^^^
  File "c:\Users\javier\Documents\escuela_ML_2026\Machine_Learning_Intro\.venv\Lib\site-packages\sklearn\utils\_param_validation.py", line 208, in wrapper
    validate_parameter_constraints(
  File "c:\Users\javier\Documents\escuela_ML_2026\Machine_Learning_Intro\.venv\Lib\site-packages\sklearn\utils\_param_validation.py", line 98, in validate_parameter_constraints
    raise InvalidParameterError(
sklearn.utils._param_validation.InvalidParameterError: The 'y_score' parameter of roc_auc_score must be an array-like. Got None instead.

During handling of the above exception, another exception occurred:

Traceback (most recent call last):
  File "c:\Users\javier\Documents\escuela_ML_2026\Machine_Learning_Intro\.venv\Lib\site-packages\pycaret\utils\generic.py", line 589, in _calculate_metric
    calculated_metric = score_func(y_test, target, **kwargs)
                        ^^^^^^^^^^^^^^^^^^^^^^^^^^^^^^^^^^^^
  File "c:\Users\javier\Documents\escuela_ML_2026\Machine_Learning_Intro\.venv\Lib\site-packages\pycaret\internal\metrics.py", line 150, in __call__
    return self.score_func(y_true, y_pred, **kwargs)
           ^^^^^^^^^^^^^^^^^^^^^^^^^^^^^^^^^^^^^^^^^
  File "c:\Users\javier\Documents\escuela_ML_2026\Machine_Learning_Intro\.venv\Lib\site-packages\sklearn\utils\_param_validation.py", line 208, in wrapper
    validate_parameter_constraints(
  File "c:\Users\javier\Documents\escuela_ML_2026\Machine_Learning_Intro\.venv\Lib\site-packages\sklearn\utils\_param_validation.py", line 98, in validate_parameter_constraints
    raise InvalidParameterError(
sklearn.utils._param_validation.InvalidParameterError: The 'y_score' parameter of roc_auc_score must be an array-like. Got None instead.

  warnings.warn(traceback.format_exc())

2026-08-28 20:36:47,354:WARNING:c:\Users\javier\Documents\escuela_ML_2026\Machine_Learning_Intro\.venv\Lib\site-packages\sklearn\metrics\_classification.py:1879: UndefinedMetricWarning: Precision is ill-defined and being set to 0.0 in labels with no predicted samples. Use `zero_division` parameter to control this behavior.
  _warn_prf(average, modifier, f"{metric.capitalize()} is", result.shape[0])

2026-08-28 20:36:47,388:WARNING:c:\Users\javier\Documents\escuela_ML_2026\Machine_Learning_Intro\.venv\Lib\site-packages\pycaret\utils\generic.py:591: UserWarning: Traceback (most recent call last):
  File "c:\Users\javier\Documents\escuela_ML_2026\Machine_Learning_Intro\.venv\Lib\site-packages\pycaret\utils\generic.py", line 586, in _calculate_metric
    calculated_metric = score_func(y_test, target, sample_weight=weights, **kwargs)
                        ^^^^^^^^^^^^^^^^^^^^^^^^^^^^^^^^^^^^^^^^^^^^^^^^^^^^^^^^^^^
  File "c:\Users\javier\Documents\escuela_ML_2026\Machine_Learning_Intro\.venv\Lib\site-packages\pycaret\internal\metrics.py", line 150, in __call__
    return self.score_func(y_true, y_pred, **kwargs)
           ^^^^^^^^^^^^^^^^^^^^^^^^^^^^^^^^^^^^^^^^^
  File "c:\Users\javier\Documents\escuela_ML_2026\Machine_Learning_Intro\.venv\Lib\site-packages\sklearn\utils\_param_validation.py", line 208, in wrapper
    validate_parameter_constraints(
  File "c:\Users\javier\Documents\escuela_ML_2026\Machine_Learning_Intro\.venv\Lib\site-packages\sklearn\utils\_param_validation.py", line 98, in validate_parameter_constraints
    raise InvalidParameterError(
sklearn.utils._param_validation.InvalidParameterError: The 'y_score' parameter of roc_auc_score must be an array-like. Got None instead.

During handling of the above exception, another exception occurred:

Traceback (most recent call last):
  File "c:\Users\javier\Documents\escuela_ML_2026\Machine_Learning_Intro\.venv\Lib\site-packages\pycaret\utils\generic.py", line 589, in _calculate_metric
    calculated_metric = score_func(y_test, target, **kwargs)
                        ^^^^^^^^^^^^^^^^^^^^^^^^^^^^^^^^^^^^
  File "c:\Users\javier\Documents\escuela_ML_2026\Machine_Learning_Intro\.venv\Lib\site-packages\pycaret\internal\metrics.py", line 150, in __call__
    return self.score_func(y_true, y_pred, **kwargs)
           ^^^^^^^^^^^^^^^^^^^^^^^^^^^^^^^^^^^^^^^^^
  File "c:\Users\javier\Documents\escuela_ML_2026\Machine_Learning_Intro\.venv\Lib\site-packages\sklearn\utils\_param_validation.py", line 208, in wrapper
    validate_parameter_constraints(
  File "c:\Users\javier\Documents\escuela_ML_2026\Machine_Learning_Intro\.venv\Lib\site-packages\sklearn\utils\_param_validation.py", line 98, in validate_parameter_constraints
    raise InvalidParameterError(
sklearn.utils._param_validation.InvalidParameterError: The 'y_score' parameter of roc_auc_score must be an array-like. Got None instead.

  warnings.warn(traceback.format_exc())

2026-08-28 20:36:47,421:WARNING:c:\Users\javier\Documents\escuela_ML_2026\Machine_Learning_Intro\.venv\Lib\site-packages\pycaret\utils\generic.py:591: UserWarning: Traceback (most recent call last):
  File "c:\Users\javier\Documents\escuela_ML_2026\Machine_Learning_Intro\.venv\Lib\site-packages\pycaret\utils\generic.py", line 586, in _calculate_metric
    calculated_metric = score_func(y_test, target, sample_weight=weights, **kwargs)
                        ^^^^^^^^^^^^^^^^^^^^^^^^^^^^^^^^^^^^^^^^^^^^^^^^^^^^^^^^^^^
  File "c:\Users\javier\Documents\escuela_ML_2026\Machine_Learning_Intro\.venv\Lib\site-packages\pycaret\internal\metrics.py", line 150, in __call__
    return self.score_func(y_true, y_pred, **kwargs)
           ^^^^^^^^^^^^^^^^^^^^^^^^^^^^^^^^^^^^^^^^^
  File "c:\Users\javier\Documents\escuela_ML_2026\Machine_Learning_Intro\.venv\Lib\site-packages\sklearn\utils\_param_validation.py", line 208, in wrapper
    validate_parameter_constraints(
  File "c:\Users\javier\Documents\escuela_ML_2026\Machine_Learning_Intro\.venv\Lib\site-packages\sklearn\utils\_param_validation.py", line 98, in validate_parameter_constraints
    raise InvalidParameterError(
sklearn.utils._param_validation.InvalidParameterError: The 'y_score' parameter of roc_auc_score must be an array-like. Got None instead.

During handling of the above exception, another exception occurred:

Traceback (most recent call last):
  File "c:\Users\javier\Documents\escuela_ML_2026\Machine_Learning_Intro\.venv\Lib\site-packages\pycaret\utils\generic.py", line 589, in _calculate_metric
    calculated_metric = score_func(y_test, target, **kwargs)
                        ^^^^^^^^^^^^^^^^^^^^^^^^^^^^^^^^^^^^
  File "c:\Users\javier\Documents\escuela_ML_2026\Machine_Learning_Intro\.venv\Lib\site-packages\pycaret\internal\metrics.py", line 150, in __call__
    return self.score_func(y_true, y_pred, **kwargs)
           ^^^^^^^^^^^^^^^^^^^^^^^^^^^^^^^^^^^^^^^^^
  File "c:\Users\javier\Documents\escuela_ML_2026\Machine_Learning_Intro\.venv\Lib\site-packages\sklearn\utils\_param_validation.py", line 208, in wrapper
    validate_parameter_constraints(
  File "c:\Users\javier\Documents\escuela_ML_2026\Machine_Learning_Intro\.venv\Lib\site-packages\sklearn\utils\_param_validation.py", line 98, in validate_parameter_constraints
    raise InvalidParameterError(
sklearn.utils._param_validation.InvalidParameterError: The 'y_score' parameter of roc_auc_score must be an array-like. Got None instead.

  warnings.warn(traceback.format_exc())

2026-08-28 20:36:47,470:WARNING:c:\Users\javier\Documents\escuela_ML_2026\Machine_Learning_Intro\.venv\Lib\site-packages\pycaret\utils\generic.py:591: UserWarning: Traceback (most recent call last):
  File "c:\Users\javier\Documents\escuela_ML_2026\Machine_Learning_Intro\.venv\Lib\site-packages\pycaret\utils\generic.py", line 586, in _calculate_metric
    calculated_metric = score_func(y_test, target, sample_weight=weights, **kwargs)
                        ^^^^^^^^^^^^^^^^^^^^^^^^^^^^^^^^^^^^^^^^^^^^^^^^^^^^^^^^^^^
  File "c:\Users\javier\Documents\escuela_ML_2026\Machine_Learning_Intro\.venv\Lib\site-packages\pycaret\internal\metrics.py", line 150, in __call__
    return self.score_func(y_true, y_pred, **kwargs)
           ^^^^^^^^^^^^^^^^^^^^^^^^^^^^^^^^^^^^^^^^^
  File "c:\Users\javier\Documents\escuela_ML_2026\Machine_Learning_Intro\.venv\Lib\site-packages\sklearn\utils\_param_validation.py", line 208, in wrapper
    validate_parameter_constraints(
  File "c:\Users\javier\Documents\escuela_ML_2026\Machine_Learning_Intro\.venv\Lib\site-packages\sklearn\utils\_param_validation.py", line 98, in validate_parameter_constraints
    raise InvalidParameterError(
sklearn.utils._param_validation.InvalidParameterError: The 'y_score' parameter of roc_auc_score must be an array-like. Got None instead.

During handling of the above exception, another exception occurred:

Traceback (most recent call last):
  File "c:\Users\javier\Documents\escuela_ML_2026\Machine_Learning_Intro\.venv\Lib\site-packages\pycaret\utils\generic.py", line 589, in _calculate_metric
    calculated_metric = score_func(y_test, target, **kwargs)
                        ^^^^^^^^^^^^^^^^^^^^^^^^^^^^^^^^^^^^
  File "c:\Users\javier\Documents\escuela_ML_2026\Machine_Learning_Intro\.venv\Lib\site-packages\pycaret\internal\metrics.py", line 150, in __call__
    return self.score_func(y_true, y_pred, **kwargs)
           ^^^^^^^^^^^^^^^^^^^^^^^^^^^^^^^^^^^^^^^^^
  File "c:\Users\javier\Documents\escuela_ML_2026\Machine_Learning_Intro\.venv\Lib\site-packages\sklearn\utils\_param_validation.py", line 208, in wrapper
    validate_parameter_constraints(
  File "c:\Users\javier\Documents\escuela_ML_2026\Machine_Learning_Intro\.venv\Lib\site-packages\sklearn\utils\_param_validation.py", line 98, in validate_parameter_constraints
    raise InvalidParameterError(
sklearn.utils._param_validation.InvalidParameterError: The 'y_score' parameter of roc_auc_score must be an array-like. Got None instead.

  warnings.warn(traceback.format_exc())

2026-08-28 20:36:47,486:WARNING:c:\Users\javier\Documents\escuela_ML_2026\Machine_Learning_Intro\.venv\Lib\site-packages\pycaret\utils\generic.py:591: UserWarning: Traceback (most recent call last):
  File "c:\Users\javier\Documents\escuela_ML_2026\Machine_Learning_Intro\.venv\Lib\site-packages\pycaret\utils\generic.py", line 586, in _calculate_metric
    calculated_metric = score_func(y_test, target, sample_weight=weights, **kwargs)
                        ^^^^^^^^^^^^^^^^^^^^^^^^^^^^^^^^^^^^^^^^^^^^^^^^^^^^^^^^^^^
  File "c:\Users\javier\Documents\escuela_ML_2026\Machine_Learning_Intro\.venv\Lib\site-packages\pycaret\internal\metrics.py", line 150, in __call__
    return self.score_func(y_true, y_pred, **kwargs)
           ^^^^^^^^^^^^^^^^^^^^^^^^^^^^^^^^^^^^^^^^^
  File "c:\Users\javier\Documents\escuela_ML_2026\Machine_Learning_Intro\.venv\Lib\site-packages\sklearn\utils\_param_validation.py", line 208, in wrapper
    validate_parameter_constraints(
  File "c:\Users\javier\Documents\escuela_ML_2026\Machine_Learning_Intro\.venv\Lib\site-packages\sklearn\utils\_param_validation.py", line 98, in validate_parameter_constraints
    raise InvalidParameterError(
sklearn.utils._param_validation.InvalidParameterError: The 'y_score' parameter of roc_auc_score must be an array-like. Got None instead.

During handling of the above exception, another exception occurred:

Traceback (most recent call last):
  File "c:\Users\javier\Documents\escuela_ML_2026\Machine_Learning_Intro\.venv\Lib\site-packages\pycaret\utils\generic.py", line 589, in _calculate_metric
    calculated_metric = score_func(y_test, target, **kwargs)
                        ^^^^^^^^^^^^^^^^^^^^^^^^^^^^^^^^^^^^
  File "c:\Users\javier\Documents\escuela_ML_2026\Machine_Learning_Intro\.venv\Lib\site-packages\pycaret\internal\metrics.py", line 150, in __call__
    return self.score_func(y_true, y_pred, **kwargs)
           ^^^^^^^^^^^^^^^^^^^^^^^^^^^^^^^^^^^^^^^^^
  File "c:\Users\javier\Documents\escuela_ML_2026\Machine_Learning_Intro\.venv\Lib\site-packages\sklearn\utils\_param_validation.py", line 208, in wrapper
    validate_parameter_constraints(
  File "c:\Users\javier\Documents\escuela_ML_2026\Machine_Learning_Intro\.venv\Lib\site-packages\sklearn\utils\_param_validation.py", line 98, in validate_parameter_constraints
    raise InvalidParameterError(
sklearn.utils._param_validation.InvalidParameterError: The 'y_score' parameter of roc_auc_score must be an array-like. Got None instead.

  warnings.warn(traceback.format_exc())

2026-08-28 20:36:47,502:WARNING:c:\Users\javier\Documents\escuela_ML_2026\Machine_Learning_Intro\.venv\Lib\site-packages\pycaret\utils\generic.py:591: UserWarning: Traceback (most recent call last):
  File "c:\Users\javier\Documents\escuela_ML_2026\Machine_Learning_Intro\.venv\Lib\site-packages\pycaret\utils\generic.py", line 586, in _calculate_metric
    calculated_metric = score_func(y_test, target, sample_weight=weights, **kwargs)
                        ^^^^^^^^^^^^^^^^^^^^^^^^^^^^^^^^^^^^^^^^^^^^^^^^^^^^^^^^^^^
  File "c:\Users\javier\Documents\escuela_ML_2026\Machine_Learning_Intro\.venv\Lib\site-packages\pycaret\internal\metrics.py", line 150, in __call__
    return self.score_func(y_true, y_pred, **kwargs)
           ^^^^^^^^^^^^^^^^^^^^^^^^^^^^^^^^^^^^^^^^^
  File "c:\Users\javier\Documents\escuela_ML_2026\Machine_Learning_Intro\.venv\Lib\site-packages\sklearn\utils\_param_validation.py", line 208, in wrapper
    validate_parameter_constraints(
  File "c:\Users\javier\Documents\escuela_ML_2026\Machine_Learning_Intro\.venv\Lib\site-packages\sklearn\utils\_param_validation.py", line 98, in validate_parameter_constraints
    raise InvalidParameterError(
sklearn.utils._param_validation.InvalidParameterError: The 'y_score' parameter of roc_auc_score must be an array-like. Got None instead.

During handling of the above exception, another exception occurred:

Traceback (most recent call last):
  File "c:\Users\javier\Documents\escuela_ML_2026\Machine_Learning_Intro\.venv\Lib\site-packages\pycaret\utils\generic.py", line 589, in _calculate_metric
    calculated_metric = score_func(y_test, target, **kwargs)
                        ^^^^^^^^^^^^^^^^^^^^^^^^^^^^^^^^^^^^
  File "c:\Users\javier\Documents\escuela_ML_2026\Machine_Learning_Intro\.venv\Lib\site-packages\pycaret\internal\metrics.py", line 150, in __call__
    return self.score_func(y_true, y_pred, **kwargs)
           ^^^^^^^^^^^^^^^^^^^^^^^^^^^^^^^^^^^^^^^^^
  File "c:\Users\javier\Documents\escuela_ML_2026\Machine_Learning_Intro\.venv\Lib\site-packages\sklearn\utils\_param_validation.py", line 208, in wrapper
    validate_parameter_constraints(
  File "c:\Users\javier\Documents\escuela_ML_2026\Machine_Learning_Intro\.venv\Lib\site-packages\sklearn\utils\_param_validation.py", line 98, in validate_parameter_constraints
    raise InvalidParameterError(
sklearn.utils._param_validation.InvalidParameterError: The 'y_score' parameter of roc_auc_score must be an array-like. Got None instead.

  warnings.warn(traceback.format_exc())

2026-08-28 20:36:47,522:WARNING:c:\Users\javier\Documents\escuela_ML_2026\Machine_Learning_Intro\.venv\Lib\site-packages\pycaret\utils\generic.py:591: UserWarning: Traceback (most recent call last):
  File "c:\Users\javier\Documents\escuela_ML_2026\Machine_Learning_Intro\.venv\Lib\site-packages\pycaret\utils\generic.py", line 586, in _calculate_metric
    calculated_metric = score_func(y_test, target, sample_weight=weights, **kwargs)
                        ^^^^^^^^^^^^^^^^^^^^^^^^^^^^^^^^^^^^^^^^^^^^^^^^^^^^^^^^^^^
  File "c:\Users\javier\Documents\escuela_ML_2026\Machine_Learning_Intro\.venv\Lib\site-packages\pycaret\internal\metrics.py", line 150, in __call__
    return self.score_func(y_true, y_pred, **kwargs)
           ^^^^^^^^^^^^^^^^^^^^^^^^^^^^^^^^^^^^^^^^^
  File "c:\Users\javier\Documents\escuela_ML_2026\Machine_Learning_Intro\.venv\Lib\site-packages\sklearn\utils\_param_validation.py", line 208, in wrapper
    validate_parameter_constraints(
  File "c:\Users\javier\Documents\escuela_ML_2026\Machine_Learning_Intro\.venv\Lib\site-packages\sklearn\utils\_param_validation.py", line 98, in validate_parameter_constraints
    raise InvalidParameterError(
sklearn.utils._param_validation.InvalidParameterError: The 'y_score' parameter of roc_auc_score must be an array-like. Got None instead.

During handling of the above exception, another exception occurred:

Traceback (most recent call last):
  File "c:\Users\javier\Documents\escuela_ML_2026\Machine_Learning_Intro\.venv\Lib\site-packages\pycaret\utils\generic.py", line 589, in _calculate_metric
    calculated_metric = score_func(y_test, target, **kwargs)
                        ^^^^^^^^^^^^^^^^^^^^^^^^^^^^^^^^^^^^
  File "c:\Users\javier\Documents\escuela_ML_2026\Machine_Learning_Intro\.venv\Lib\site-packages\pycaret\internal\metrics.py", line 150, in __call__
    return self.score_func(y_true, y_pred, **kwargs)
           ^^^^^^^^^^^^^^^^^^^^^^^^^^^^^^^^^^^^^^^^^
  File "c:\Users\javier\Documents\escuela_ML_2026\Machine_Learning_Intro\.venv\Lib\site-packages\sklearn\utils\_param_validation.py", line 208, in wrapper
    validate_parameter_constraints(
  File "c:\Users\javier\Documents\escuela_ML_2026\Machine_Learning_Intro\.venv\Lib\site-packages\sklearn\utils\_param_validation.py", line 98, in validate_parameter_constraints
    raise InvalidParameterError(
sklearn.utils._param_validation.InvalidParameterError: The 'y_score' parameter of roc_auc_score must be an array-like. Got None instead.

  warnings.warn(traceback.format_exc())

2026-08-28 20:36:47,539:WARNING:c:\Users\javier\Documents\escuela_ML_2026\Machine_Learning_Intro\.venv\Lib\site-packages\pycaret\utils\generic.py:591: UserWarning: Traceback (most recent call last):
  File "c:\Users\javier\Documents\escuela_ML_2026\Machine_Learning_Intro\.venv\Lib\site-packages\pycaret\utils\generic.py", line 586, in _calculate_metric
    calculated_metric = score_func(y_test, target, sample_weight=weights, **kwargs)
                        ^^^^^^^^^^^^^^^^^^^^^^^^^^^^^^^^^^^^^^^^^^^^^^^^^^^^^^^^^^^
  File "c:\Users\javier\Documents\escuela_ML_2026\Machine_Learning_Intro\.venv\Lib\site-packages\pycaret\internal\metrics.py", line 150, in __call__
    return self.score_func(y_true, y_pred, **kwargs)
           ^^^^^^^^^^^^^^^^^^^^^^^^^^^^^^^^^^^^^^^^^
  File "c:\Users\javier\Documents\escuela_ML_2026\Machine_Learning_Intro\.venv\Lib\site-packages\sklearn\utils\_param_validation.py", line 208, in wrapper
    validate_parameter_constraints(
  File "c:\Users\javier\Documents\escuela_ML_2026\Machine_Learning_Intro\.venv\Lib\site-packages\sklearn\utils\_param_validation.py", line 98, in validate_parameter_constraints
    raise InvalidParameterError(
sklearn.utils._param_validation.InvalidParameterError: The 'y_score' parameter of roc_auc_score must be an array-like. Got None instead.

During handling of the above exception, another exception occurred:

Traceback (most recent call last):
  File "c:\Users\javier\Documents\escuela_ML_2026\Machine_Learning_Intro\.venv\Lib\site-packages\pycaret\utils\generic.py", line 589, in _calculate_metric
    calculated_metric = score_func(y_test, target, **kwargs)
                        ^^^^^^^^^^^^^^^^^^^^^^^^^^^^^^^^^^^^
  File "c:\Users\javier\Documents\escuela_ML_2026\Machine_Learning_Intro\.venv\Lib\site-packages\pycaret\internal\metrics.py", line 150, in __call__
    return self.score_func(y_true, y_pred, **kwargs)
           ^^^^^^^^^^^^^^^^^^^^^^^^^^^^^^^^^^^^^^^^^
  File "c:\Users\javier\Documents\escuela_ML_2026\Machine_Learning_Intro\.venv\Lib\site-packages\sklearn\utils\_param_validation.py", line 208, in wrapper
    validate_parameter_constraints(
  File "c:\Users\javier\Documents\escuela_ML_2026\Machine_Learning_Intro\.venv\Lib\site-packages\sklearn\utils\_param_validation.py", line 98, in validate_parameter_constraints
    raise InvalidParameterError(
sklearn.utils._param_validation.InvalidParameterError: The 'y_score' parameter of roc_auc_score must be an array-like. Got None instead.

  warnings.warn(traceback.format_exc())

2026-08-28 20:36:47,555:WARNING:c:\Users\javier\Documents\escuela_ML_2026\Machine_Learning_Intro\.venv\Lib\site-packages\pycaret\utils\generic.py:591: UserWarning: Traceback (most recent call last):
  File "c:\Users\javier\Documents\escuela_ML_2026\Machine_Learning_Intro\.venv\Lib\site-packages\pycaret\utils\generic.py", line 586, in _calculate_metric
    calculated_metric = score_func(y_test, target, sample_weight=weights, **kwargs)
                        ^^^^^^^^^^^^^^^^^^^^^^^^^^^^^^^^^^^^^^^^^^^^^^^^^^^^^^^^^^^
  File "c:\Users\javier\Documents\escuela_ML_2026\Machine_Learning_Intro\.venv\Lib\site-packages\pycaret\internal\metrics.py", line 150, in __call__
    return self.score_func(y_true, y_pred, **kwargs)
           ^^^^^^^^^^^^^^^^^^^^^^^^^^^^^^^^^^^^^^^^^
  File "c:\Users\javier\Documents\escuela_ML_2026\Machine_Learning_Intro\.venv\Lib\site-packages\sklearn\utils\_param_validation.py", line 208, in wrapper
    validate_parameter_constraints(
  File "c:\Users\javier\Documents\escuela_ML_2026\Machine_Learning_Intro\.venv\Lib\site-packages\sklearn\utils\_param_validation.py", line 98, in validate_parameter_constraints
    raise InvalidParameterError(
sklearn.utils._param_validation.InvalidParameterError: The 'y_score' parameter of roc_auc_score must be an array-like. Got None instead.

During handling of the above exception, another exception occurred:

Traceback (most recent call last):
  File "c:\Users\javier\Documents\escuela_ML_2026\Machine_Learning_Intro\.venv\Lib\site-packages\pycaret\utils\generic.py", line 589, in _calculate_metric
    calculated_metric = score_func(y_test, target, **kwargs)
                        ^^^^^^^^^^^^^^^^^^^^^^^^^^^^^^^^^^^^
  File "c:\Users\javier\Documents\escuela_ML_2026\Machine_Learning_Intro\.venv\Lib\site-packages\pycaret\internal\metrics.py", line 150, in __call__
    return self.score_func(y_true, y_pred, **kwargs)
           ^^^^^^^^^^^^^^^^^^^^^^^^^^^^^^^^^^^^^^^^^
  File "c:\Users\javier\Documents\escuela_ML_2026\Machine_Learning_Intro\.venv\Lib\site-packages\sklearn\utils\_param_validation.py", line 208, in wrapper
    validate_parameter_constraints(
  File "c:\Users\javier\Documents\escuela_ML_2026\Machine_Learning_Intro\.venv\Lib\site-packages\sklearn\utils\_param_validation.py", line 98, in validate_parameter_constraints
    raise InvalidParameterError(
sklearn.utils._param_validation.InvalidParameterError: The 'y_score' parameter of roc_auc_score must be an array-like. Got None instead.

  warnings.warn(traceback.format_exc())

2026-08-28 20:36:47,571:WARNING:c:\Users\javier\Documents\escuela_ML_2026\Machine_Learning_Intro\.venv\Lib\site-packages\pycaret\utils\generic.py:591: UserWarning: Traceback (most recent call last):
  File "c:\Users\javier\Documents\escuela_ML_2026\Machine_Learning_Intro\.venv\Lib\site-packages\pycaret\utils\generic.py", line 586, in _calculate_metric
    calculated_metric = score_func(y_test, target, sample_weight=weights, **kwargs)
                        ^^^^^^^^^^^^^^^^^^^^^^^^^^^^^^^^^^^^^^^^^^^^^^^^^^^^^^^^^^^
  File "c:\Users\javier\Documents\escuela_ML_2026\Machine_Learning_Intro\.venv\Lib\site-packages\pycaret\internal\metrics.py", line 150, in __call__
    return self.score_func(y_true, y_pred, **kwargs)
           ^^^^^^^^^^^^^^^^^^^^^^^^^^^^^^^^^^^^^^^^^
  File "c:\Users\javier\Documents\escuela_ML_2026\Machine_Learning_Intro\.venv\Lib\site-packages\sklearn\utils\_param_validation.py", line 208, in wrapper
    validate_parameter_constraints(
  File "c:\Users\javier\Documents\escuela_ML_2026\Machine_Learning_Intro\.venv\Lib\site-packages\sklearn\utils\_param_validation.py", line 98, in validate_parameter_constraints
    raise InvalidParameterError(
sklearn.utils._param_validation.InvalidParameterError: The 'y_score' parameter of roc_auc_score must be an array-like. Got None instead.

During handling of the above exception, another exception occurred:

Traceback (most recent call last):
  File "c:\Users\javier\Documents\escuela_ML_2026\Machine_Learning_Intro\.venv\Lib\site-packages\pycaret\utils\generic.py", line 589, in _calculate_metric
    calculated_metric = score_func(y_test, target, **kwargs)
                        ^^^^^^^^^^^^^^^^^^^^^^^^^^^^^^^^^^^^
  File "c:\Users\javier\Documents\escuela_ML_2026\Machine_Learning_Intro\.venv\Lib\site-packages\pycaret\internal\metrics.py", line 150, in __call__
    return self.score_func(y_true, y_pred, **kwargs)
           ^^^^^^^^^^^^^^^^^^^^^^^^^^^^^^^^^^^^^^^^^
  File "c:\Users\javier\Documents\escuela_ML_2026\Machine_Learning_Intro\.venv\Lib\site-packages\sklearn\utils\_param_validation.py", line 208, in wrapper
    validate_parameter_constraints(
  File "c:\Users\javier\Documents\escuela_ML_2026\Machine_Learning_Intro\.venv\Lib\site-packages\sklearn\utils\_param_validation.py", line 98, in validate_parameter_constraints
    raise InvalidParameterError(
sklearn.utils._param_validation.InvalidParameterError: The 'y_score' parameter of roc_auc_score must be an array-like. Got None instead.

  warnings.warn(traceback.format_exc())

2026-08-28 20:36:47,592:WARNING:c:\Users\javier\Documents\escuela_ML_2026\Machine_Learning_Intro\.venv\Lib\site-packages\pycaret\utils\generic.py:591: UserWarning: Traceback (most recent call last):
  File "c:\Users\javier\Documents\escuela_ML_2026\Machine_Learning_Intro\.venv\Lib\site-packages\pycaret\utils\generic.py", line 586, in _calculate_metric
    calculated_metric = score_func(y_test, target, sample_weight=weights, **kwargs)
                        ^^^^^^^^^^^^^^^^^^^^^^^^^^^^^^^^^^^^^^^^^^^^^^^^^^^^^^^^^^^
  File "c:\Users\javier\Documents\escuela_ML_2026\Machine_Learning_Intro\.venv\Lib\site-packages\pycaret\internal\metrics.py", line 150, in __call__
    return self.score_func(y_true, y_pred, **kwargs)
           ^^^^^^^^^^^^^^^^^^^^^^^^^^^^^^^^^^^^^^^^^
  File "c:\Users\javier\Documents\escuela_ML_2026\Machine_Learning_Intro\.venv\Lib\site-packages\sklearn\utils\_param_validation.py", line 208, in wrapper
    validate_parameter_constraints(
  File "c:\Users\javier\Documents\escuela_ML_2026\Machine_Learning_Intro\.venv\Lib\site-packages\sklearn\utils\_param_validation.py", line 98, in validate_parameter_constraints
    raise InvalidParameterError(
sklearn.utils._param_validation.InvalidParameterError: The 'y_score' parameter of roc_auc_score must be an array-like. Got None instead.

During handling of the above exception, another exception occurred:

Traceback (most recent call last):
  File "c:\Users\javier\Documents\escuela_ML_2026\Machine_Learning_Intro\.venv\Lib\site-packages\pycaret\utils\generic.py", line 589, in _calculate_metric
    calculated_metric = score_func(y_test, target, **kwargs)
                        ^^^^^^^^^^^^^^^^^^^^^^^^^^^^^^^^^^^^
  File "c:\Users\javier\Documents\escuela_ML_2026\Machine_Learning_Intro\.venv\Lib\site-packages\pycaret\internal\metrics.py", line 150, in __call__
    return self.score_func(y_true, y_pred, **kwargs)
           ^^^^^^^^^^^^^^^^^^^^^^^^^^^^^^^^^^^^^^^^^
  File "c:\Users\javier\Documents\escuela_ML_2026\Machine_Learning_Intro\.venv\Lib\site-packages\sklearn\utils\_param_validation.py", line 208, in wrapper
    validate_parameter_constraints(
  File "c:\Users\javier\Documents\escuela_ML_2026\Machine_Learning_Intro\.venv\Lib\site-packages\sklearn\utils\_param_validation.py", line 98, in validate_parameter_constraints
    raise InvalidParameterError(
sklearn.utils._param_validation.InvalidParameterError: The 'y_score' parameter of roc_auc_score must be an array-like. Got None instead.

  warnings.warn(traceback.format_exc())

2026-08-28 20:36:47,608:WARNING:c:\Users\javier\Documents\escuela_ML_2026\Machine_Learning_Intro\.venv\Lib\site-packages\pycaret\utils\generic.py:591: UserWarning: Traceback (most recent call last):
  File "c:\Users\javier\Documents\escuela_ML_2026\Machine_Learning_Intro\.venv\Lib\site-packages\pycaret\utils\generic.py", line 586, in _calculate_metric
    calculated_metric = score_func(y_test, target, sample_weight=weights, **kwargs)
                        ^^^^^^^^^^^^^^^^^^^^^^^^^^^^^^^^^^^^^^^^^^^^^^^^^^^^^^^^^^^
  File "c:\Users\javier\Documents\escuela_ML_2026\Machine_Learning_Intro\.venv\Lib\site-packages\pycaret\internal\metrics.py", line 150, in __call__
    return self.score_func(y_true, y_pred, **kwargs)
           ^^^^^^^^^^^^^^^^^^^^^^^^^^^^^^^^^^^^^^^^^
  File "c:\Users\javier\Documents\escuela_ML_2026\Machine_Learning_Intro\.venv\Lib\site-packages\sklearn\utils\_param_validation.py", line 208, in wrapper
    validate_parameter_constraints(
  File "c:\Users\javier\Documents\escuela_ML_2026\Machine_Learning_Intro\.venv\Lib\site-packages\sklearn\utils\_param_validation.py", line 98, in validate_parameter_constraints
    raise InvalidParameterError(
sklearn.utils._param_validation.InvalidParameterError: The 'y_score' parameter of roc_auc_score must be an array-like. Got None instead.

During handling of the above exception, another exception occurred:

Traceback (most recent call last):
  File "c:\Users\javier\Documents\escuela_ML_2026\Machine_Learning_Intro\.venv\Lib\site-packages\pycaret\utils\generic.py", line 589, in _calculate_metric
    calculated_metric = score_func(y_test, target, **kwargs)
                        ^^^^^^^^^^^^^^^^^^^^^^^^^^^^^^^^^^^^
  File "c:\Users\javier\Documents\escuela_ML_2026\Machine_Learning_Intro\.venv\Lib\site-packages\pycaret\internal\metrics.py", line 150, in __call__
    return self.score_func(y_true, y_pred, **kwargs)
           ^^^^^^^^^^^^^^^^^^^^^^^^^^^^^^^^^^^^^^^^^
  File "c:\Users\javier\Documents\escuela_ML_2026\Machine_Learning_Intro\.venv\Lib\site-packages\sklearn\utils\_param_validation.py", line 208, in wrapper
    validate_parameter_constraints(
  File "c:\Users\javier\Documents\escuela_ML_2026\Machine_Learning_Intro\.venv\Lib\site-packages\sklearn\utils\_param_validation.py", line 98, in validate_parameter_constraints
    raise InvalidParameterError(
sklearn.utils._param_validation.InvalidParameterError: The 'y_score' parameter of roc_auc_score must be an array-like. Got None instead.

  warnings.warn(traceback.format_exc())

2026-08-28 20:36:47,624:WARNING:c:\Users\javier\Documents\escuela_ML_2026\Machine_Learning_Intro\.venv\Lib\site-packages\pycaret\utils\generic.py:591: UserWarning: Traceback (most recent call last):
  File "c:\Users\javier\Documents\escuela_ML_2026\Machine_Learning_Intro\.venv\Lib\site-packages\pycaret\utils\generic.py", line 586, in _calculate_metric
    calculated_metric = score_func(y_test, target, sample_weight=weights, **kwargs)
                        ^^^^^^^^^^^^^^^^^^^^^^^^^^^^^^^^^^^^^^^^^^^^^^^^^^^^^^^^^^^
  File "c:\Users\javier\Documents\escuela_ML_2026\Machine_Learning_Intro\.venv\Lib\site-packages\pycaret\internal\metrics.py", line 150, in __call__
    return self.score_func(y_true, y_pred, **kwargs)
           ^^^^^^^^^^^^^^^^^^^^^^^^^^^^^^^^^^^^^^^^^
  File "c:\Users\javier\Documents\escuela_ML_2026\Machine_Learning_Intro\.venv\Lib\site-packages\sklearn\utils\_param_validation.py", line 208, in wrapper
    validate_parameter_constraints(
  File "c:\Users\javier\Documents\escuela_ML_2026\Machine_Learning_Intro\.venv\Lib\site-packages\sklearn\utils\_param_validation.py", line 98, in validate_parameter_constraints
    raise InvalidParameterError(
sklearn.utils._param_validation.InvalidParameterError: The 'y_score' parameter of roc_auc_score must be an array-like. Got None instead.

During handling of the above exception, another exception occurred:

Traceback (most recent call last):
  File "c:\Users\javier\Documents\escuela_ML_2026\Machine_Learning_Intro\.venv\Lib\site-packages\pycaret\utils\generic.py", line 589, in _calculate_metric
    calculated_metric = score_func(y_test, target, **kwargs)
                        ^^^^^^^^^^^^^^^^^^^^^^^^^^^^^^^^^^^^
  File "c:\Users\javier\Documents\escuela_ML_2026\Machine_Learning_Intro\.venv\Lib\site-packages\pycaret\internal\metrics.py", line 150, in __call__
    return self.score_func(y_true, y_pred, **kwargs)
           ^^^^^^^^^^^^^^^^^^^^^^^^^^^^^^^^^^^^^^^^^
  File "c:\Users\javier\Documents\escuela_ML_2026\Machine_Learning_Intro\.venv\Lib\site-packages\sklearn\utils\_param_validation.py", line 208, in wrapper
    validate_parameter_constraints(
  File "c:\Users\javier\Documents\escuela_ML_2026\Machine_Learning_Intro\.venv\Lib\site-packages\sklearn\utils\_param_validation.py", line 98, in validate_parameter_constraints
    raise InvalidParameterError(
sklearn.utils._param_validation.InvalidParameterError: The 'y_score' parameter of roc_auc_score must be an array-like. Got None instead.

  warnings.warn(traceback.format_exc())

2026-08-28 20:36:57,731:WARNING:c:\Users\javier\Documents\escuela_ML_2026\Machine_Learning_Intro\.venv\Lib\site-packages\sklearn\metrics\_classification.py:1879: UndefinedMetricWarning: Precision is ill-defined and being set to 0.0 in labels with no predicted samples. Use `zero_division` parameter to control this behavior.
  _warn_prf(average, modifier, f"{metric.capitalize()} is", result.shape[0])

2026-08-28 20:36:57,751:WARNING:c:\Users\javier\Documents\escuela_ML_2026\Machine_Learning_Intro\.venv\Lib\site-packages\sklearn\metrics\_classification.py:1879: UndefinedMetricWarning: Precision is ill-defined and being set to 0.0 in labels with no predicted samples. Use `zero_division` parameter to control this behavior.
  _warn_prf(average, modifier, f"{metric.capitalize()} is", result.shape[0])

2026-08-28 20:36:57,769:WARNING:c:\Users\javier\Documents\escuela_ML_2026\Machine_Learning_Intro\.venv\Lib\site-packages\sklearn\metrics\_classification.py:1879: UndefinedMetricWarning: Precision is ill-defined and being set to 0.0 in labels with no predicted samples. Use `zero_division` parameter to control this behavior.
  _warn_prf(average, modifier, f"{metric.capitalize()} is", result.shape[0])

2026-08-28 20:36:57,785:WARNING:c:\Users\javier\Documents\escuela_ML_2026\Machine_Learning_Intro\.venv\Lib\site-packages\sklearn\metrics\_classification.py:1879: UndefinedMetricWarning: Precision is ill-defined and being set to 0.0 in labels with no predicted samples. Use `zero_division` parameter to control this behavior.
  _warn_prf(average, modifier, f"{metric.capitalize()} is", result.shape[0])

2026-08-28 20:36:57,806:WARNING:c:\Users\javier\Documents\escuela_ML_2026\Machine_Learning_Intro\.venv\Lib\site-packages\sklearn\metrics\_classification.py:1879: UndefinedMetricWarning: Precision is ill-defined and being set to 0.0 in labels with no predicted samples. Use `zero_division` parameter to control this behavior.
  _warn_prf(average, modifier, f"{metric.capitalize()} is", result.shape[0])

2026-08-28 20:36:57,819:WARNING:c:\Users\javier\Documents\escuela_ML_2026\Machine_Learning_Intro\.venv\Lib\site-packages\sklearn\metrics\_classification.py:1879: UndefinedMetricWarning: Precision is ill-defined and being set to 0.0 in labels with no predicted samples. Use `zero_division` parameter to control this behavior.
  _warn_prf(average, modifier, f"{metric.capitalize()} is", result.shape[0])

2026-08-28 20:36:57,840:WARNING:c:\Users\javier\Documents\escuela_ML_2026\Machine_Learning_Intro\.venv\Lib\site-packages\sklearn\metrics\_classification.py:1879: UndefinedMetricWarning: Precision is ill-defined and being set to 0.0 in labels with no predicted samples. Use `zero_division` parameter to control this behavior.
  _warn_prf(average, modifier, f"{metric.capitalize()} is", result.shape[0])

2026-08-28 20:36:57,856:WARNING:c:\Users\javier\Documents\escuela_ML_2026\Machine_Learning_Intro\.venv\Lib\site-packages\sklearn\metrics\_classification.py:1879: UndefinedMetricWarning: Precision is ill-defined and being set to 0.0 in labels with no predicted samples. Use `zero_division` parameter to control this behavior.
  _warn_prf(average, modifier, f"{metric.capitalize()} is", result.shape[0])

2026-08-28 20:36:57,869:WARNING:c:\Users\javier\Documents\escuela_ML_2026\Machine_Learning_Intro\.venv\Lib\site-packages\sklearn\metrics\_classification.py:1879: UndefinedMetricWarning: Precision is ill-defined and being set to 0.0 in labels with no predicted samples. Use `zero_division` parameter to control this behavior.
  _warn_prf(average, modifier, f"{metric.capitalize()} is", result.shape[0])

2026-08-28 20:36:57,889:WARNING:c:\Users\javier\Documents\escuela_ML_2026\Machine_Learning_Intro\.venv\Lib\site-packages\sklearn\metrics\_classification.py:1879: UndefinedMetricWarning: Precision is ill-defined and being set to 0.0 in labels with no predicted samples. Use `zero_division` parameter to control this behavior.
  _warn_prf(average, modifier, f"{metric.capitalize()} is", result.shape[0])

2026-08-28 20:37:03,418:WARNING:c:\Users\javier\Documents\escuela_ML_2026\Machine_Learning_Intro\.venv\Lib\site-packages\sklearn\utils\validation.py:2827: UserWarning: X does not have valid feature names, but QuadraticDiscriminantAnalysis was fitted with feature names
  warnings.warn(

2026-08-28 20:37:06,218:WARNING:c:\Users\javier\Documents\escuela_ML_2026\Machine_Learning_Intro\.venv\Lib\site-packages\sklearn\utils\validation.py:2827: UserWarning: X does not have valid feature names, but QuadraticDiscriminantAnalysis was fitted with feature names
  warnings.warn(

2026-08-28 20:37:08,841:WARNING:c:\Users\javier\Documents\escuela_ML_2026\Machine_Learning_Intro\.venv\Lib\site-packages\sklearn\utils\validation.py:2827: UserWarning: X does not have valid feature names, but QuadraticDiscriminantAnalysis was fitted with feature names
  warnings.warn(

2026-08-28 20:37:08,847:WARNING:c:\Users\javier\Documents\escuela_ML_2026\Machine_Learning_Intro\.venv\Lib\site-packages\sklearn\utils\validation.py:2827: UserWarning: X does not have valid feature names, but QuadraticDiscriminantAnalysis was fitted with feature names
  warnings.warn(

2026-08-28 20:37:08,852:WARNING:c:\Users\javier\Documents\escuela_ML_2026\Machine_Learning_Intro\.venv\Lib\site-packages\sklearn\utils\validation.py:2827: UserWarning: X does not have valid feature names, but QuadraticDiscriminantAnalysis was fitted with feature names
  warnings.warn(

2026-08-28 20:37:08,857:WARNING:c:\Users\javier\Documents\escuela_ML_2026\Machine_Learning_Intro\.venv\Lib\site-packages\sklearn\utils\validation.py:2827: UserWarning: X does not have valid feature names, but QuadraticDiscriminantAnalysis was fitted with feature names
  warnings.warn(

2026-08-28 20:37:08,865:WARNING:c:\Users\javier\Documents\escuela_ML_2026\Machine_Learning_Intro\.venv\Lib\site-packages\sklearn\utils\validation.py:2827: UserWarning: X does not have valid feature names, but QuadraticDiscriminantAnalysis was fitted with feature names
  warnings.warn(

2026-08-28 20:37:08,869:WARNING:c:\Users\javier\Documents\escuela_ML_2026\Machine_Learning_Intro\.venv\Lib\site-packages\sklearn\utils\validation.py:2827: UserWarning: X does not have valid feature names, but QuadraticDiscriminantAnalysis was fitted with feature names
  warnings.warn(

2026-08-28 20:37:08,874:WARNING:c:\Users\javier\Documents\escuela_ML_2026\Machine_Learning_Intro\.venv\Lib\site-packages\sklearn\utils\validation.py:2827: UserWarning: X does not have valid feature names, but QuadraticDiscriminantAnalysis was fitted with feature names
  warnings.warn(

2026-08-28 20:37:08,878:WARNING:c:\Users\javier\Documents\escuela_ML_2026\Machine_Learning_Intro\.venv\Lib\site-packages\sklearn\utils\validation.py:2827: UserWarning: X does not have valid feature names, but QuadraticDiscriminantAnalysis was fitted with feature names
  warnings.warn(

2026-08-28 20:37:08,883:WARNING:c:\Users\javier\Documents\escuela_ML_2026\Machine_Learning_Intro\.venv\Lib\site-packages\sklearn\utils\validation.py:2827: UserWarning: X does not have valid feature names, but QuadraticDiscriminantAnalysis was fitted with feature names
  warnings.warn(

2026-08-28 20:37:08,888:WARNING:c:\Users\javier\Documents\escuela_ML_2026\Machine_Learning_Intro\.venv\Lib\site-packages\sklearn\utils\validation.py:2827: UserWarning: X does not have valid feature names, but QuadraticDiscriminantAnalysis was fitted with feature names
  warnings.warn(

2026-08-28 20:37:08,895:WARNING:c:\Users\javier\Documents\escuela_ML_2026\Machine_Learning_Intro\.venv\Lib\site-packages\sklearn\utils\validation.py:2827: UserWarning: X does not have valid feature names, but QuadraticDiscriminantAnalysis was fitted with feature names
  warnings.warn(

2026-08-28 20:37:08,921:WARNING:c:\Users\javier\Documents\escuela_ML_2026\Machine_Learning_Intro\.venv\Lib\site-packages\sklearn\utils\validation.py:2827: UserWarning: X does not have valid feature names, but QuadraticDiscriminantAnalysis was fitted with feature names
  warnings.warn(

2026-08-28 20:37:08,931:WARNING:c:\Users\javier\Documents\escuela_ML_2026\Machine_Learning_Intro\.venv\Lib\site-packages\sklearn\utils\validation.py:2827: UserWarning: X does not have valid feature names, but QuadraticDiscriminantAnalysis was fitted with feature names
  warnings.warn(

2026-08-28 20:37:08,937:WARNING:c:\Users\javier\Documents\escuela_ML_2026\Machine_Learning_Intro\.venv\Lib\site-packages\sklearn\utils\validation.py:2827: UserWarning: X does not have valid feature names, but QuadraticDiscriminantAnalysis was fitted with feature names
  warnings.warn(

2026-08-28 20:37:08,944:WARNING:c:\Users\javier\Documents\escuela_ML_2026\Machine_Learning_Intro\.venv\Lib\site-packages\sklearn\utils\validation.py:2827: UserWarning: X does not have valid feature names, but QuadraticDiscriminantAnalysis was fitted with feature names
  warnings.warn(

2026-08-28 20:37:08,949:WARNING:c:\Users\javier\Documents\escuela_ML_2026\Machine_Learning_Intro\.venv\Lib\site-packages\sklearn\utils\validation.py:2827: UserWarning: X does not have valid feature names, but QuadraticDiscriminantAnalysis was fitted with feature names
  warnings.warn(

2026-08-28 20:37:08,955:WARNING:c:\Users\javier\Documents\escuela_ML_2026\Machine_Learning_Intro\.venv\Lib\site-packages\sklearn\utils\validation.py:2827: UserWarning: X does not have valid feature names, but QuadraticDiscriminantAnalysis was fitted with feature names
  warnings.warn(

2026-08-28 20:37:08,960:WARNING:c:\Users\javier\Documents\escuela_ML_2026\Machine_Learning_Intro\.venv\Lib\site-packages\sklearn\utils\validation.py:2827: UserWarning: X does not have valid feature names, but QuadraticDiscriminantAnalysis was fitted with feature names
  warnings.warn(

2026-08-28 20:37:08,965:WARNING:c:\Users\javier\Documents\escuela_ML_2026\Machine_Learning_Intro\.venv\Lib\site-packages\sklearn\utils\validation.py:2827: UserWarning: X does not have valid feature names, but QuadraticDiscriminantAnalysis was fitted with feature names
  warnings.warn(

2026-08-28 20:37:08,969:WARNING:c:\Users\javier\Documents\escuela_ML_2026\Machine_Learning_Intro\.venv\Lib\site-packages\sklearn\utils\validation.py:2827: UserWarning: X does not have valid feature names, but QuadraticDiscriminantAnalysis was fitted with feature names
  warnings.warn(

2026-08-28 20:37:08,976:WARNING:c:\Users\javier\Documents\escuela_ML_2026\Machine_Learning_Intro\.venv\Lib\site-packages\sklearn\utils\validation.py:2827: UserWarning: X does not have valid feature names, but QuadraticDiscriminantAnalysis was fitted with feature names
  warnings.warn(

2026-08-28 20:37:08,980:WARNING:c:\Users\javier\Documents\escuela_ML_2026\Machine_Learning_Intro\.venv\Lib\site-packages\sklearn\utils\validation.py:2827: UserWarning: X does not have valid feature names, but QuadraticDiscriminantAnalysis was fitted with feature names
  warnings.warn(

2026-08-28 20:37:08,986:WARNING:c:\Users\javier\Documents\escuela_ML_2026\Machine_Learning_Intro\.venv\Lib\site-packages\sklearn\utils\validation.py:2827: UserWarning: X does not have valid feature names, but QuadraticDiscriminantAnalysis was fitted with feature names
  warnings.warn(

2026-08-28 20:37:08,986:WARNING:c:\Users\javier\Documents\escuela_ML_2026\Machine_Learning_Intro\.venv\Lib\site-packages\sklearn\utils\validation.py:2827: UserWarning: X does not have valid feature names, but QuadraticDiscriminantAnalysis was fitted with feature names
  warnings.warn(

2026-08-28 20:37:08,992:WARNING:c:\Users\javier\Documents\escuela_ML_2026\Machine_Learning_Intro\.venv\Lib\site-packages\sklearn\utils\validation.py:2827: UserWarning: X does not have valid feature names, but QuadraticDiscriminantAnalysis was fitted with feature names
  warnings.warn(

2026-08-28 20:37:08,992:WARNING:c:\Users\javier\Documents\escuela_ML_2026\Machine_Learning_Intro\.venv\Lib\site-packages\sklearn\utils\validation.py:2827: UserWarning: X does not have valid feature names, but QuadraticDiscriminantAnalysis was fitted with feature names
  warnings.warn(

2026-08-28 20:37:08,999:WARNING:c:\Users\javier\Documents\escuela_ML_2026\Machine_Learning_Intro\.venv\Lib\site-packages\sklearn\utils\validation.py:2827: UserWarning: X does not have valid feature names, but QuadraticDiscriminantAnalysis was fitted with feature names
  warnings.warn(

2026-08-28 20:37:09,001:WARNING:c:\Users\javier\Documents\escuela_ML_2026\Machine_Learning_Intro\.venv\Lib\site-packages\sklearn\utils\validation.py:2827: UserWarning: X does not have valid feature names, but QuadraticDiscriminantAnalysis was fitted with feature names
  warnings.warn(

2026-08-28 20:37:09,003:WARNING:c:\Users\javier\Documents\escuela_ML_2026\Machine_Learning_Intro\.venv\Lib\site-packages\sklearn\utils\validation.py:2827: UserWarning: X does not have valid feature names, but QuadraticDiscriminantAnalysis was fitted with feature names
  warnings.warn(

2026-08-28 20:37:09,008:WARNING:c:\Users\javier\Documents\escuela_ML_2026\Machine_Learning_Intro\.venv\Lib\site-packages\sklearn\utils\validation.py:2827: UserWarning: X does not have valid feature names, but QuadraticDiscriminantAnalysis was fitted with feature names
  warnings.warn(

2026-08-28 20:37:09,008:WARNING:c:\Users\javier\Documents\escuela_ML_2026\Machine_Learning_Intro\.venv\Lib\site-packages\sklearn\utils\validation.py:2827: UserWarning: X does not have valid feature names, but QuadraticDiscriminantAnalysis was fitted with feature names
  warnings.warn(

2026-08-28 20:37:09,015:WARNING:c:\Users\javier\Documents\escuela_ML_2026\Machine_Learning_Intro\.venv\Lib\site-packages\sklearn\utils\validation.py:2827: UserWarning: X does not have valid feature names, but QuadraticDiscriminantAnalysis was fitted with feature names
  warnings.warn(

2026-08-28 20:37:09,017:WARNING:c:\Users\javier\Documents\escuela_ML_2026\Machine_Learning_Intro\.venv\Lib\site-packages\sklearn\utils\validation.py:2827: UserWarning: X does not have valid feature names, but QuadraticDiscriminantAnalysis was fitted with feature names
  warnings.warn(

2026-08-28 20:37:09,017:WARNING:c:\Users\javier\Documents\escuela_ML_2026\Machine_Learning_Intro\.venv\Lib\site-packages\sklearn\utils\validation.py:2827: UserWarning: X does not have valid feature names, but QuadraticDiscriminantAnalysis was fitted with feature names
  warnings.warn(

2026-08-28 20:37:09,023:WARNING:c:\Users\javier\Documents\escuela_ML_2026\Machine_Learning_Intro\.venv\Lib\site-packages\sklearn\utils\validation.py:2827: UserWarning: X does not have valid feature names, but QuadraticDiscriminantAnalysis was fitted with feature names
  warnings.warn(

2026-08-28 20:37:09,023:WARNING:c:\Users\javier\Documents\escuela_ML_2026\Machine_Learning_Intro\.venv\Lib\site-packages\sklearn\utils\validation.py:2827: UserWarning: X does not have valid feature names, but QuadraticDiscriminantAnalysis was fitted with feature names
  warnings.warn(

2026-08-28 20:37:09,031:WARNING:c:\Users\javier\Documents\escuela_ML_2026\Machine_Learning_Intro\.venv\Lib\site-packages\sklearn\utils\validation.py:2827: UserWarning: X does not have valid feature names, but QuadraticDiscriminantAnalysis was fitted with feature names
  warnings.warn(

2026-08-28 20:37:09,032:WARNING:c:\Users\javier\Documents\escuela_ML_2026\Machine_Learning_Intro\.venv\Lib\site-packages\sklearn\utils\validation.py:2827: UserWarning: X does not have valid feature names, but QuadraticDiscriminantAnalysis was fitted with feature names
  warnings.warn(

2026-08-28 20:37:09,035:WARNING:c:\Users\javier\Documents\escuela_ML_2026\Machine_Learning_Intro\.venv\Lib\site-packages\sklearn\utils\validation.py:2827: UserWarning: X does not have valid feature names, but QuadraticDiscriminantAnalysis was fitted with feature names
  warnings.warn(

2026-08-28 20:37:09,035:WARNING:c:\Users\javier\Documents\escuela_ML_2026\Machine_Learning_Intro\.venv\Lib\site-packages\sklearn\utils\validation.py:2827: UserWarning: X does not have valid feature names, but QuadraticDiscriminantAnalysis was fitted with feature names
  warnings.warn(

2026-08-28 20:37:09,041:WARNING:c:\Users\javier\Documents\escuela_ML_2026\Machine_Learning_Intro\.venv\Lib\site-packages\sklearn\utils\validation.py:2827: UserWarning: X does not have valid feature names, but QuadraticDiscriminantAnalysis was fitted with feature names
  warnings.warn(

2026-08-28 20:44:54,567:WARNING:c:\Users\javier\Documents\escuela_ML_2026\Machine_Learning_Intro\.venv\Lib\site-packages\sklearn\utils\validation.py:2827: UserWarning: X does not have valid feature names, but QuadraticDiscriminantAnalysis was fitted with feature names
  warnings.warn(

2026-08-28 20:49:44,102:INFO:Soft dependency imported: xgboost: 3.2.0
2026-08-28 20:49:44,105:WARNING:
'lightgbm' is a soft dependency and not included in the pycaret installation. Install it with: `pip install lightgbm`.
2026-08-28 20:49:44,106:WARNING:
'catboost' is a soft dependency and not included in the pycaret installation. Install it with: `pip install catboost`.
Or install the extras bundle: `pip install pycaret[models]`.
2026-08-28 20:50:07,830:WARNING:c:\Users\javier\Documents\escuela_ML_2026\Machine_Learning_Intro\.venv\Lib\site-packages\sklearn\utils\deprecation.py:71: FutureWarning: Class PassiveAggressiveRegressor is deprecated; this is deprecated in version 1.8 and will be removed in 1.10. Use `SGDRegressor(loss='epsilon_insensitive', penalty=None, learning_rate='pa1', eta0 = 1.0)` instead.
  warnings.warn(msg, category=FutureWarning)

2026-08-28 20:50:07,837:WARNING:c:\Users\javier\Documents\escuela_ML_2026\Machine_Learning_Intro\.venv\Lib\site-packages\sklearn\utils\deprecation.py:71: FutureWarning: Class PassiveAggressiveRegressor is deprecated; this is deprecated in version 1.8 and will be removed in 1.10. Use `SGDRegressor(loss='epsilon_insensitive', penalty=None, learning_rate='pa1', eta0 = 1.0)` instead.
  warnings.warn(msg, category=FutureWarning)

2026-08-28 20:50:07,844:WARNING:c:\Users\javier\Documents\escuela_ML_2026\Machine_Learning_Intro\.venv\Lib\site-packages\sklearn\utils\deprecation.py:71: FutureWarning: Class PassiveAggressiveRegressor is deprecated; this is deprecated in version 1.8 and will be removed in 1.10. Use `SGDRegressor(loss='epsilon_insensitive', penalty=None, learning_rate='pa1', eta0 = 1.0)` instead.
  warnings.warn(msg, category=FutureWarning)

2026-08-28 20:50:07,856:WARNING:c:\Users\javier\Documents\escuela_ML_2026\Machine_Learning_Intro\.venv\Lib\site-packages\sklearn\utils\deprecation.py:71: FutureWarning: Class PassiveAggressiveRegressor is deprecated; this is deprecated in version 1.8 and will be removed in 1.10. Use `SGDRegressor(loss='epsilon_insensitive', penalty=None, learning_rate='pa1', eta0 = 1.0)` instead.
  warnings.warn(msg, category=FutureWarning)

2026-08-28 20:50:07,865:WARNING:c:\Users\javier\Documents\escuela_ML_2026\Machine_Learning_Intro\.venv\Lib\site-packages\sklearn\utils\deprecation.py:71: FutureWarning: Class PassiveAggressiveRegressor is deprecated; this is deprecated in version 1.8 and will be removed in 1.10. Use `SGDRegressor(loss='epsilon_insensitive', penalty=None, learning_rate='pa1', eta0 = 1.0)` instead.
  warnings.warn(msg, category=FutureWarning)

2026-08-28 20:50:07,871:WARNING:c:\Users\javier\Documents\escuela_ML_2026\Machine_Learning_Intro\.venv\Lib\site-packages\sklearn\utils\deprecation.py:71: FutureWarning: Class PassiveAggressiveRegressor is deprecated; this is deprecated in version 1.8 and will be removed in 1.10. Use `SGDRegressor(loss='epsilon_insensitive', penalty=None, learning_rate='pa1', eta0 = 1.0)` instead.
  warnings.warn(msg, category=FutureWarning)

2026-08-28 20:50:07,880:WARNING:c:\Users\javier\Documents\escuela_ML_2026\Machine_Learning_Intro\.venv\Lib\site-packages\sklearn\utils\deprecation.py:71: FutureWarning: Class PassiveAggressiveRegressor is deprecated; this is deprecated in version 1.8 and will be removed in 1.10. Use `SGDRegressor(loss='epsilon_insensitive', penalty=None, learning_rate='pa1', eta0 = 1.0)` instead.
  warnings.warn(msg, category=FutureWarning)

2026-08-28 20:50:07,886:WARNING:c:\Users\javier\Documents\escuela_ML_2026\Machine_Learning_Intro\.venv\Lib\site-packages\sklearn\utils\deprecation.py:71: FutureWarning: Class PassiveAggressiveRegressor is deprecated; this is deprecated in version 1.8 and will be removed in 1.10. Use `SGDRegressor(loss='epsilon_insensitive', penalty=None, learning_rate='pa1', eta0 = 1.0)` instead.
  warnings.warn(msg, category=FutureWarning)

2026-08-28 20:50:07,898:WARNING:c:\Users\javier\Documents\escuela_ML_2026\Machine_Learning_Intro\.venv\Lib\site-packages\sklearn\utils\deprecation.py:71: FutureWarning: Class PassiveAggressiveRegressor is deprecated; this is deprecated in version 1.8 and will be removed in 1.10. Use `SGDRegressor(loss='epsilon_insensitive', penalty=None, learning_rate='pa1', eta0 = 1.0)` instead.
  warnings.warn(msg, category=FutureWarning)

2026-08-28 20:50:07,904:WARNING:c:\Users\javier\Documents\escuela_ML_2026\Machine_Learning_Intro\.venv\Lib\site-packages\sklearn\utils\deprecation.py:71: FutureWarning: Class PassiveAggressiveRegressor is deprecated; this is deprecated in version 1.8 and will be removed in 1.10. Use `SGDRegressor(loss='epsilon_insensitive', penalty=None, learning_rate='pa1', eta0 = 1.0)` instead.
  warnings.warn(msg, category=FutureWarning)

2026-08-28 20:50:16,911:WARNING:c:\Users\javier\Documents\escuela_ML_2026\Machine_Learning_Intro\.venv\Lib\site-packages\sklearn\linear_model\_huber.py:348: ConvergenceWarning: lbfgs failed to converge after 100 iteration(s) (status=1):
STOP: TOTAL NO. of ITERATIONS REACHED LIMIT

Increase the number of iterations to improve the convergence (max_iter=100).
You might also want to scale the data as shown in:
    https://scikit-learn.org/stable/modules/preprocessing.html
  self.n_iter_ = _check_optimize_result("lbfgs", opt_res, self.max_iter)

2026-08-28 20:50:16,944:WARNING:c:\Users\javier\Documents\escuela_ML_2026\Machine_Learning_Intro\.venv\Lib\site-packages\sklearn\linear_model\_huber.py:348: ConvergenceWarning: lbfgs failed to converge after 100 iteration(s) (status=1):
STOP: TOTAL NO. of ITERATIONS REACHED LIMIT

Increase the number of iterations to improve the convergence (max_iter=100).
You might also want to scale the data as shown in:
    https://scikit-learn.org/stable/modules/preprocessing.html
  self.n_iter_ = _check_optimize_result("lbfgs", opt_res, self.max_iter)

2026-08-28 20:50:16,966:WARNING:c:\Users\javier\Documents\escuela_ML_2026\Machine_Learning_Intro\.venv\Lib\site-packages\sklearn\linear_model\_huber.py:348: ConvergenceWarning: lbfgs failed to converge after 100 iteration(s) (status=1):
STOP: TOTAL NO. of ITERATIONS REACHED LIMIT

Increase the number of iterations to improve the convergence (max_iter=100).
You might also want to scale the data as shown in:
    https://scikit-learn.org/stable/modules/preprocessing.html
  self.n_iter_ = _check_optimize_result("lbfgs", opt_res, self.max_iter)

2026-08-28 20:50:16,996:WARNING:c:\Users\javier\Documents\escuela_ML_2026\Machine_Learning_Intro\.venv\Lib\site-packages\sklearn\linear_model\_huber.py:348: ConvergenceWarning: lbfgs failed to converge after 100 iteration(s) (status=1):
STOP: TOTAL NO. of ITERATIONS REACHED LIMIT

Increase the number of iterations to improve the convergence (max_iter=100).
You might also want to scale the data as shown in:
    https://scikit-learn.org/stable/modules/preprocessing.html
  self.n_iter_ = _check_optimize_result("lbfgs", opt_res, self.max_iter)

2026-08-28 20:50:17,021:WARNING:c:\Users\javier\Documents\escuela_ML_2026\Machine_Learning_Intro\.venv\Lib\site-packages\sklearn\linear_model\_huber.py:348: ConvergenceWarning: lbfgs failed to converge after 100 iteration(s) (status=1):
STOP: TOTAL NO. of ITERATIONS REACHED LIMIT

Increase the number of iterations to improve the convergence (max_iter=100).
You might also want to scale the data as shown in:
    https://scikit-learn.org/stable/modules/preprocessing.html
  self.n_iter_ = _check_optimize_result("lbfgs", opt_res, self.max_iter)

2026-08-28 20:50:17,046:WARNING:c:\Users\javier\Documents\escuela_ML_2026\Machine_Learning_Intro\.venv\Lib\site-packages\sklearn\linear_model\_huber.py:348: ConvergenceWarning: lbfgs failed to converge after 100 iteration(s) (status=1):
STOP: TOTAL NO. of ITERATIONS REACHED LIMIT

Increase the number of iterations to improve the convergence (max_iter=100).
You might also want to scale the data as shown in:
    https://scikit-learn.org/stable/modules/preprocessing.html
  self.n_iter_ = _check_optimize_result("lbfgs", opt_res, self.max_iter)

2026-08-28 20:50:17,065:WARNING:c:\Users\javier\Documents\escuela_ML_2026\Machine_Learning_Intro\.venv\Lib\site-packages\sklearn\linear_model\_huber.py:348: ConvergenceWarning: lbfgs failed to converge after 100 iteration(s) (status=1):
STOP: TOTAL NO. of ITERATIONS REACHED LIMIT

Increase the number of iterations to improve the convergence (max_iter=100).
You might also want to scale the data as shown in:
    https://scikit-learn.org/stable/modules/preprocessing.html
  self.n_iter_ = _check_optimize_result("lbfgs", opt_res, self.max_iter)

2026-08-28 20:50:17,093:WARNING:c:\Users\javier\Documents\escuela_ML_2026\Machine_Learning_Intro\.venv\Lib\site-packages\sklearn\linear_model\_huber.py:348: ConvergenceWarning: lbfgs failed to converge after 100 iteration(s) (status=1):
STOP: TOTAL NO. of ITERATIONS REACHED LIMIT

Increase the number of iterations to improve the convergence (max_iter=100).
You might also want to scale the data as shown in:
    https://scikit-learn.org/stable/modules/preprocessing.html
  self.n_iter_ = _check_optimize_result("lbfgs", opt_res, self.max_iter)

2026-08-28 20:50:17,116:WARNING:c:\Users\javier\Documents\escuela_ML_2026\Machine_Learning_Intro\.venv\Lib\site-packages\sklearn\linear_model\_huber.py:348: ConvergenceWarning: lbfgs failed to converge after 100 iteration(s) (status=1):
STOP: TOTAL NO. of ITERATIONS REACHED LIMIT

Increase the number of iterations to improve the convergence (max_iter=100).
You might also want to scale the data as shown in:
    https://scikit-learn.org/stable/modules/preprocessing.html
  self.n_iter_ = _check_optimize_result("lbfgs", opt_res, self.max_iter)

2026-08-28 20:50:17,145:WARNING:c:\Users\javier\Documents\escuela_ML_2026\Machine_Learning_Intro\.venv\Lib\site-packages\sklearn\linear_model\_huber.py:348: ConvergenceWarning: lbfgs failed to converge after 100 iteration(s) (status=1):
STOP: TOTAL NO. of ITERATIONS REACHED LIMIT

Increase the number of iterations to improve the convergence (max_iter=100).
You might also want to scale the data as shown in:
    https://scikit-learn.org/stable/modules/preprocessing.html
  self.n_iter_ = _check_optimize_result("lbfgs", opt_res, self.max_iter)

2026-08-28 20:50:17,166:WARNING:c:\Users\javier\Documents\escuela_ML_2026\Machine_Learning_Intro\.venv\Lib\site-packages\sklearn\linear_model\_huber.py:348: ConvergenceWarning: lbfgs failed to converge after 100 iteration(s) (status=1):
STOP: TOTAL NO. of ITERATIONS REACHED LIMIT

Increase the number of iterations to improve the convergence (max_iter=100).
You might also want to scale the data as shown in:
    https://scikit-learn.org/stable/modules/preprocessing.html
  self.n_iter_ = _check_optimize_result("lbfgs", opt_res, self.max_iter)

2026-08-28 20:50:54,410:WARNING:c:\Users\javier\Documents\escuela_ML_2026\Machine_Learning_Intro\.venv\Lib\site-packages\sklearn\utils\deprecation.py:71: FutureWarning: Class PassiveAggressiveRegressor is deprecated; this is deprecated in version 1.8 and will be removed in 1.10. Use `SGDRegressor(loss='epsilon_insensitive', penalty=None, learning_rate='pa1', eta0 = 1.0)` instead.
  warnings.warn(msg, category=FutureWarning)

2026-08-28 20:50:54,427:WARNING:c:\Users\javier\Documents\escuela_ML_2026\Machine_Learning_Intro\.venv\Lib\site-packages\sklearn\utils\deprecation.py:71: FutureWarning: Class PassiveAggressiveRegressor is deprecated; this is deprecated in version 1.8 and will be removed in 1.10. Use `SGDRegressor(loss='epsilon_insensitive', penalty=None, learning_rate='pa1', eta0 = 1.0)` instead.
  warnings.warn(msg, category=FutureWarning)

2026-08-28 20:50:54,427:WARNING:c:\Users\javier\Documents\escuela_ML_2026\Machine_Learning_Intro\.venv\Lib\site-packages\sklearn\utils\deprecation.py:71: FutureWarning: Class PassiveAggressiveRegressor is deprecated; this is deprecated in version 1.8 and will be removed in 1.10. Use `SGDRegressor(loss='epsilon_insensitive', penalty=None, learning_rate='pa1', eta0 = 1.0)` instead.
  warnings.warn(msg, category=FutureWarning)

2026-08-28 20:50:54,443:WARNING:c:\Users\javier\Documents\escuela_ML_2026\Machine_Learning_Intro\.venv\Lib\site-packages\sklearn\utils\deprecation.py:71: FutureWarning: Class PassiveAggressiveRegressor is deprecated; this is deprecated in version 1.8 and will be removed in 1.10. Use `SGDRegressor(loss='epsilon_insensitive', penalty=None, learning_rate='pa1', eta0 = 1.0)` instead.
  warnings.warn(msg, category=FutureWarning)

2026-08-28 20:50:54,448:WARNING:c:\Users\javier\Documents\escuela_ML_2026\Machine_Learning_Intro\.venv\Lib\site-packages\sklearn\utils\deprecation.py:71: FutureWarning: Class PassiveAggressiveRegressor is deprecated; this is deprecated in version 1.8 and will be removed in 1.10. Use `SGDRegressor(loss='epsilon_insensitive', penalty=None, learning_rate='pa1', eta0 = 1.0)` instead.
  warnings.warn(msg, category=FutureWarning)

2026-08-28 20:50:54,460:WARNING:c:\Users\javier\Documents\escuela_ML_2026\Machine_Learning_Intro\.venv\Lib\site-packages\sklearn\utils\deprecation.py:71: FutureWarning: Class PassiveAggressiveRegressor is deprecated; this is deprecated in version 1.8 and will be removed in 1.10. Use `SGDRegressor(loss='epsilon_insensitive', penalty=None, learning_rate='pa1', eta0 = 1.0)` instead.
  warnings.warn(msg, category=FutureWarning)

2026-08-28 20:50:54,461:WARNING:c:\Users\javier\Documents\escuela_ML_2026\Machine_Learning_Intro\.venv\Lib\site-packages\sklearn\utils\deprecation.py:71: FutureWarning: Class PassiveAggressiveRegressor is deprecated; this is deprecated in version 1.8 and will be removed in 1.10. Use `SGDRegressor(loss='epsilon_insensitive', penalty=None, learning_rate='pa1', eta0 = 1.0)` instead.
  warnings.warn(msg, category=FutureWarning)

2026-08-28 20:50:54,473:WARNING:c:\Users\javier\Documents\escuela_ML_2026\Machine_Learning_Intro\.venv\Lib\site-packages\sklearn\utils\deprecation.py:71: FutureWarning: Class PassiveAggressiveRegressor is deprecated; this is deprecated in version 1.8 and will be removed in 1.10. Use `SGDRegressor(loss='epsilon_insensitive', penalty=None, learning_rate='pa1', eta0 = 1.0)` instead.
  warnings.warn(msg, category=FutureWarning)

2026-08-28 20:50:54,477:WARNING:c:\Users\javier\Documents\escuela_ML_2026\Machine_Learning_Intro\.venv\Lib\site-packages\sklearn\utils\deprecation.py:71: FutureWarning: Class PassiveAggressiveRegressor is deprecated; this is deprecated in version 1.8 and will be removed in 1.10. Use `SGDRegressor(loss='epsilon_insensitive', penalty=None, learning_rate='pa1', eta0 = 1.0)` instead.
  warnings.warn(msg, category=FutureWarning)

2026-08-28 20:50:54,490:WARNING:c:\Users\javier\Documents\escuela_ML_2026\Machine_Learning_Intro\.venv\Lib\site-packages\sklearn\utils\deprecation.py:71: FutureWarning: Class PassiveAggressiveRegressor is deprecated; this is deprecated in version 1.8 and will be removed in 1.10. Use `SGDRegressor(loss='epsilon_insensitive', penalty=None, learning_rate='pa1', eta0 = 1.0)` instead.
  warnings.warn(msg, category=FutureWarning)

2026-08-28 20:50:58,999:WARNING:c:\Users\javier\Documents\escuela_ML_2026\Machine_Learning_Intro\.venv\Lib\site-packages\sklearn\linear_model\_huber.py:348: ConvergenceWarning: lbfgs failed to converge after 100 iteration(s) (status=1):
STOP: TOTAL NO. of ITERATIONS REACHED LIMIT

Increase the number of iterations to improve the convergence (max_iter=100).
You might also want to scale the data as shown in:
    https://scikit-learn.org/stable/modules/preprocessing.html
  self.n_iter_ = _check_optimize_result("lbfgs", opt_res, self.max_iter)

2026-08-28 20:50:59,022:WARNING:c:\Users\javier\Documents\escuela_ML_2026\Machine_Learning_Intro\.venv\Lib\site-packages\sklearn\linear_model\_huber.py:348: ConvergenceWarning: lbfgs failed to converge after 100 iteration(s) (status=1):
STOP: TOTAL NO. of ITERATIONS REACHED LIMIT

Increase the number of iterations to improve the convergence (max_iter=100).
You might also want to scale the data as shown in:
    https://scikit-learn.org/stable/modules/preprocessing.html
  self.n_iter_ = _check_optimize_result("lbfgs", opt_res, self.max_iter)

2026-08-28 20:50:59,047:WARNING:c:\Users\javier\Documents\escuela_ML_2026\Machine_Learning_Intro\.venv\Lib\site-packages\sklearn\linear_model\_huber.py:348: ConvergenceWarning: lbfgs failed to converge after 100 iteration(s) (status=1):
STOP: TOTAL NO. of ITERATIONS REACHED LIMIT

Increase the number of iterations to improve the convergence (max_iter=100).
You might also want to scale the data as shown in:
    https://scikit-learn.org/stable/modules/preprocessing.html
  self.n_iter_ = _check_optimize_result("lbfgs", opt_res, self.max_iter)

2026-08-28 20:50:59,070:WARNING:c:\Users\javier\Documents\escuela_ML_2026\Machine_Learning_Intro\.venv\Lib\site-packages\sklearn\linear_model\_huber.py:348: ConvergenceWarning: lbfgs failed to converge after 100 iteration(s) (status=1):
STOP: TOTAL NO. of ITERATIONS REACHED LIMIT

Increase the number of iterations to improve the convergence (max_iter=100).
You might also want to scale the data as shown in:
    https://scikit-learn.org/stable/modules/preprocessing.html
  self.n_iter_ = _check_optimize_result("lbfgs", opt_res, self.max_iter)

2026-08-28 20:50:59,096:WARNING:c:\Users\javier\Documents\escuela_ML_2026\Machine_Learning_Intro\.venv\Lib\site-packages\sklearn\linear_model\_huber.py:348: ConvergenceWarning: lbfgs failed to converge after 100 iteration(s) (status=1):
STOP: TOTAL NO. of ITERATIONS REACHED LIMIT

Increase the number of iterations to improve the convergence (max_iter=100).
You might also want to scale the data as shown in:
    https://scikit-learn.org/stable/modules/preprocessing.html
  self.n_iter_ = _check_optimize_result("lbfgs", opt_res, self.max_iter)

2026-08-28 20:50:59,119:WARNING:c:\Users\javier\Documents\escuela_ML_2026\Machine_Learning_Intro\.venv\Lib\site-packages\sklearn\linear_model\_huber.py:348: ConvergenceWarning: lbfgs failed to converge after 100 iteration(s) (status=1):
STOP: TOTAL NO. of ITERATIONS REACHED LIMIT

Increase the number of iterations to improve the convergence (max_iter=100).
You might also want to scale the data as shown in:
    https://scikit-learn.org/stable/modules/preprocessing.html
  self.n_iter_ = _check_optimize_result("lbfgs", opt_res, self.max_iter)

2026-08-28 20:50:59,142:WARNING:c:\Users\javier\Documents\escuela_ML_2026\Machine_Learning_Intro\.venv\Lib\site-packages\sklearn\linear_model\_huber.py:348: ConvergenceWarning: lbfgs failed to converge after 100 iteration(s) (status=1):
STOP: TOTAL NO. of ITERATIONS REACHED LIMIT

Increase the number of iterations to improve the convergence (max_iter=100).
You might also want to scale the data as shown in:
    https://scikit-learn.org/stable/modules/preprocessing.html
  self.n_iter_ = _check_optimize_result("lbfgs", opt_res, self.max_iter)

2026-08-28 20:50:59,168:WARNING:c:\Users\javier\Documents\escuela_ML_2026\Machine_Learning_Intro\.venv\Lib\site-packages\sklearn\linear_model\_huber.py:348: ConvergenceWarning: lbfgs failed to converge after 100 iteration(s) (status=1):
STOP: TOTAL NO. of ITERATIONS REACHED LIMIT

Increase the number of iterations to improve the convergence (max_iter=100).
You might also want to scale the data as shown in:
    https://scikit-learn.org/stable/modules/preprocessing.html
  self.n_iter_ = _check_optimize_result("lbfgs", opt_res, self.max_iter)

2026-08-28 20:50:59,196:WARNING:c:\Users\javier\Documents\escuela_ML_2026\Machine_Learning_Intro\.venv\Lib\site-packages\sklearn\linear_model\_huber.py:348: ConvergenceWarning: lbfgs failed to converge after 100 iteration(s) (status=1):
STOP: TOTAL NO. of ITERATIONS REACHED LIMIT

Increase the number of iterations to improve the convergence (max_iter=100).
You might also want to scale the data as shown in:
    https://scikit-learn.org/stable/modules/preprocessing.html
  self.n_iter_ = _check_optimize_result("lbfgs", opt_res, self.max_iter)

2026-08-28 20:50:59,221:WARNING:c:\Users\javier\Documents\escuela_ML_2026\Machine_Learning_Intro\.venv\Lib\site-packages\sklearn\linear_model\_huber.py:348: ConvergenceWarning: lbfgs failed to converge after 100 iteration(s) (status=1):
STOP: TOTAL NO. of ITERATIONS REACHED LIMIT

Increase the number of iterations to improve the convergence (max_iter=100).
You might also want to scale the data as shown in:
    https://scikit-learn.org/stable/modules/preprocessing.html
  self.n_iter_ = _check_optimize_result("lbfgs", opt_res, self.max_iter)

2026-08-28 20:50:59,249:WARNING:c:\Users\javier\Documents\escuela_ML_2026\Machine_Learning_Intro\.venv\Lib\site-packages\sklearn\linear_model\_huber.py:348: ConvergenceWarning: lbfgs failed to converge after 100 iteration(s) (status=1):
STOP: TOTAL NO. of ITERATIONS REACHED LIMIT

Increase the number of iterations to improve the convergence (max_iter=100).
You might also want to scale the data as shown in:
    https://scikit-learn.org/stable/modules/preprocessing.html
  self.n_iter_ = _check_optimize_result("lbfgs", opt_res, self.max_iter)

2026-08-28 20:51:18,291:WARNING:c:\Users\javier\Documents\escuela_ML_2026\Machine_Learning_Intro\.venv\Lib\site-packages\sklearn\utils\validation.py:2827: UserWarning: X does not have valid feature names, but LinearRegression was fitted with feature names
  warnings.warn(

2026-08-28 20:51:32,138:WARNING:c:\Users\javier\Documents\escuela_ML_2026\Machine_Learning_Intro\.venv\Lib\site-packages\sklearn\utils\validation.py:2827: UserWarning: X does not have valid feature names, but LinearRegression was fitted with feature names
  warnings.warn(

2026-08-28 20:51:54,490:WARNING:c:\Users\javier\Documents\escuela_ML_2026\Machine_Learning_Intro\.venv\Lib\site-packages\sklearn\utils\validation.py:2827: UserWarning: X does not have valid feature names, but LinearRegression was fitted with feature names
  warnings.warn(

2026-08-28 20:52:33,657:WARNING:c:\Users\javier\Documents\escuela_ML_2026\Machine_Learning_Intro\.venv\Lib\site-packages\sklearn\utils\validation.py:2827: UserWarning: X does not have valid feature names, but LinearRegression was fitted with feature names
  warnings.warn(

2026-08-28 20:52:58,494:WARNING:c:\Users\javier\Documents\escuela_ML_2026\Machine_Learning_Intro\.venv\Lib\site-packages\tqdm\auto.py:21: TqdmWarning: IProgress not found. Please update jupyter and ipywidgets. See https://ipywidgets.readthedocs.io/en/stable/user_install.html
  from .autonotebook import tqdm as notebook_tqdm

